Exception in thread Thread-1:
Traceback (most recent call last):
  File "/usr/lib/python3.10/threading.py", line 1016, in _bootstrap_inner
    self.run()
  File "/home/soundharya/todo/env/lib/python3.10/site-packages/redis/client.py", line 1799, in run
    pubsub.get_message(ignore_subscribe_messages=True, timeout=sleep_time)
  File "/home/soundharya/todo/env/lib/python3.10/site-packages/redis/client.py", line 1690, in get_message
    response = self.parse_response(block=(timeout is None), timeout=timeout)
  File "/home/soundharya/todo/env/lib/python3.10/site-packages/redis/client.py", line 1542, in parse_response
    response = self._execute(conn, try_read)
  File "/home/soundharya/todo/env/lib/python3.10/site-packages/redis/client.py", line 1518, in _execute
    return conn.retry.call_with_retry(
  File "/home/soundharya/todo/env/lib/python3.10/site-packages/redis/retry.py", line 49, in call_with_retry
    fail(error)
  File "/home/soundharya/todo/env/lib/python3.10/site-packages/redis/client.py", line 1520, in <lambda>
    lambda error: self._disconnect_raise_connect(conn, error),
  File "/home/soundharya/todo/env/lib/python3.10/site-packages/redis/client.py", line 1507, in _disconnect_raise_connect
    raise error
  File "/home/soundharya/todo/env/lib/python3.10/site-packages/redis/retry.py", line 46, in call_with_retry
    return do()
  File "/home/soundharya/todo/env/lib/python3.10/site-packages/redis/client.py", line 1519, in <lambda>
    lambda: command(*args, **kwargs),
  File "/home/soundharya/todo/env/lib/python3.10/site-packages/redis/client.py", line 1536, in try_read
    if not conn.can_read(timeout=timeout):
  File "/home/soundharya/todo/env/lib/python3.10/site-packages/redis/connection.py", line 861, in can_read
    return self._parser.can_read(timeout)
  File "/home/soundharya/todo/env/lib/python3.10/site-packages/redis/connection.py", line 444, in can_read
    return self.read_from_socket(timeout=timeout, raise_on_timeout=False)
  File "/home/soundharya/todo/env/lib/python3.10/site-packages/redis/connection.py", line 455, in read_from_socket
    raise ConnectionError(SERVER_CLOSED_CONNECTION_ERROR)
redis.exceptions.ConnectionError: Connection closed by server.
Traceback (most recent call last):
  File "/home/soundharya/todo/env/lib/python3.10/site-packages/redis/connection.py", line 699, in connect
    sock = self.retry.call_with_retry(
  File "/home/soundharya/todo/env/lib/python3.10/site-packages/redis/retry.py", line 46, in call_with_retry
    return do()
  File "/home/soundharya/todo/env/lib/python3.10/site-packages/redis/connection.py", line 700, in <lambda>
    lambda: self._connect(), lambda error: self.disconnect(error)
  File "/home/soundharya/todo/env/lib/python3.10/site-packages/redis/connection.py", line 1002, in _connect
    raise err
  File "/home/soundharya/todo/env/lib/python3.10/site-packages/redis/connection.py", line 990, in _connect
    sock.connect(socket_address)
ConnectionRefusedError: [Errno 111] Connection refused

During handling of the above exception, another exception occurred:

Traceback (most recent call last):
  File "/usr/lib/python3.10/runpy.py", line 196, in _run_module_as_main
    return _run_code(code, main_globals, None,
  File "/usr/lib/python3.10/runpy.py", line 86, in _run_code
    exec(code, run_globals)
  File "/home/soundharya/todo/apps/frappe/frappe/utils/bench_helper.py", line 114, in <module>
    main()
  File "/home/soundharya/todo/apps/frappe/frappe/utils/bench_helper.py", line 20, in main
    click.Group(commands=commands)(prog_name="bench")
  File "/home/soundharya/todo/env/lib/python3.10/site-packages/click/core.py", line 1442, in __call__
    return self.main(*args, **kwargs)
  File "/home/soundharya/todo/env/lib/python3.10/site-packages/click/core.py", line 1363, in main
    rv = self.invoke(ctx)
  File "/home/soundharya/todo/env/lib/python3.10/site-packages/click/core.py", line 1830, in invoke
    return _process_result(sub_ctx.command.invoke(sub_ctx))
  File "/home/soundharya/todo/env/lib/python3.10/site-packages/click/core.py", line 1830, in invoke
    return _process_result(sub_ctx.command.invoke(sub_ctx))
  File "/home/soundharya/todo/env/lib/python3.10/site-packages/click/core.py", line 1226, in invoke
    return ctx.invoke(self.callback, **ctx.params)
  File "/home/soundharya/todo/env/lib/python3.10/site-packages/click/core.py", line 794, in invoke
    return callback(*args, **kwargs)
  File "/home/soundharya/todo/apps/frappe/frappe/commands/scheduler.py", line 205, in start_worker
    start_worker(
  File "/home/soundharya/todo/apps/frappe/frappe/utils/background_jobs.py", line 321, in start_worker
    worker.work(
  File "/home/soundharya/todo/env/lib/python3.10/site-packages/rq/worker.py", line 456, in work
    self.teardown()
  File "/home/soundharya/todo/env/lib/python3.10/site-packages/rq/worker.py", line 1047, in teardown
    self.unsubscribe()
  File "/home/soundharya/todo/env/lib/python3.10/site-packages/rq/worker.py", line 624, in unsubscribe
    self.pubsub.unsubscribe()
  File "/home/soundharya/todo/env/lib/python3.10/site-packages/redis/client.py", line 1659, in unsubscribe
    return self.execute_command("UNSUBSCRIBE", *args)
  File "/home/soundharya/todo/env/lib/python3.10/site-packages/redis/client.py", line 1479, in execute_command
    self._execute(connection, connection.send_command, *args, **kwargs)
  File "/home/soundharya/todo/env/lib/python3.10/site-packages/redis/client.py", line 1518, in _execute
    return conn.retry.call_with_retry(
  File "/home/soundharya/todo/env/lib/python3.10/site-packages/redis/retry.py", line 49, in call_with_retry
    fail(error)
  File "/home/soundharya/todo/env/lib/python3.10/site-packages/redis/client.py", line 1520, in <lambda>
    lambda error: self._disconnect_raise_connect(conn, error),
  File "/home/soundharya/todo/env/lib/python3.10/site-packages/redis/client.py", line 1507, in _disconnect_raise_connect
    raise error
  File "/home/soundharya/todo/env/lib/python3.10/site-packages/redis/retry.py", line 46, in call_with_retry
    return do()
  File "/home/soundharya/todo/env/lib/python3.10/site-packages/redis/client.py", line 1519, in <lambda>
    lambda: command(*args, **kwargs),
  File "/home/soundharya/todo/env/lib/python3.10/site-packages/redis/connection.py", line 847, in send_command
    self.send_packed_command(
  File "/home/soundharya/todo/env/lib/python3.10/site-packages/redis/connection.py", line 817, in send_packed_command
    self.connect()
  File "/home/soundharya/todo/env/lib/python3.10/site-packages/redis/connection.py", line 705, in connect
    raise ConnectionError(self._error_message(e))
redis.exceptions.ConnectionError: Error 111 connecting to 127.0.0.1:11000. Connection refused.
/home/soundharya/todo/env/lib/python3.10/site-packages/rq/connections.py:58: DeprecationWarning: The `push_connection` function is deprecated. Pass the `connection` explicitly instead.
  warnings.warn(
/home/soundharya/todo/env/lib/python3.10/site-packages/google/api_core/_python_version_support.py:266: FutureWarning: You are using a Python version (3.10.12) which Google will stop supporting in new releases of google.api_core once it reaches its end of life (2026-10-04). Please upgrade to the latest Python version, or at least Python 3.11, to continue receiving updates for google.api_core past that date.
  warnings.warn(message, FutureWarning)
/home/soundharya/todo/env/lib/python3.10/site-packages/httplib2/auth.py:19: DeprecationWarning: 'setName' deprecated - use 'set_name'
  token = pp.Word(tchar).setName("token")
/home/soundharya/todo/env/lib/python3.10/site-packages/httplib2/auth.py:20: DeprecationWarning: 'leaveWhitespace' deprecated - use 'leave_whitespace'
  token68 = pp.Combine(pp.Word("-._~+/" + pp.nums + pp.alphas) + pp.Optional(pp.Word("=").leaveWhitespace())).setName(
/home/soundharya/todo/env/lib/python3.10/site-packages/httplib2/auth.py:20: DeprecationWarning: 'setName' deprecated - use 'set_name'
  token68 = pp.Combine(pp.Word("-._~+/" + pp.nums + pp.alphas) + pp.Optional(pp.Word("=").leaveWhitespace())).setName(
/home/soundharya/todo/env/lib/python3.10/site-packages/httplib2/auth.py:24: DeprecationWarning: 'setName' deprecated - use 'set_name'
  quoted_string = pp.dblQuotedString.copy().setName("quoted-string").setParseAction(unquote)
/home/soundharya/todo/env/lib/python3.10/site-packages/httplib2/auth.py:24: DeprecationWarning: 'setParseAction' deprecated - use 'set_parse_action'
  quoted_string = pp.dblQuotedString.copy().setName("quoted-string").setParseAction(unquote)
/home/soundharya/todo/env/lib/python3.10/site-packages/httplib2/auth.py:25: DeprecationWarning: 'setName' deprecated - use 'set_name'
  auth_param_name = token.copy().setName("auth-param-name").addParseAction(downcaseTokens)
/home/soundharya/todo/env/lib/python3.10/site-packages/httplib2/auth.py:25: DeprecationWarning: 'addParseAction' deprecated - use 'add_parse_action'
  auth_param_name = token.copy().setName("auth-param-name").addParseAction(downcaseTokens)
/home/soundharya/todo/env/lib/python3.10/site-packages/httplib2/auth.py:27: DeprecationWarning: 'delimitedList' deprecated - use 'DelimitedList'
  params = pp.Dict(pp.delimitedList(pp.Group(auth_param)))
/home/soundharya/todo/env/lib/python3.10/site-packages/httplib2/auth.py:33: DeprecationWarning: 'delimitedList' deprecated - use 'DelimitedList'
  www_authenticate = pp.delimitedList(pp.Group(challenge))
/home/soundharya/todo/env/lib/python3.10/site-packages/rq/connections.py:72: DeprecationWarning: The `pop_connection` function is deprecated. Pass the `connection` explicitly instead.
  warnings.warn(
/home/soundharya/todo/env/lib/python3.10/site-packages/rq/connections.py:58: DeprecationWarning: The `push_connection` function is deprecated. Pass the `connection` explicitly instead.
  warnings.warn(
/home/soundharya/todo/env/lib/python3.10/site-packages/rq/connections.py:72: DeprecationWarning: The `pop_connection` function is deprecated. Pass the `connection` explicitly instead.
  warnings.warn(
/home/soundharya/todo/env/lib/python3.10/site-packages/rq/connections.py:58: DeprecationWarning: The `push_connection` function is deprecated. Pass the `connection` explicitly instead.
  warnings.warn(
/home/soundharya/todo/env/lib/python3.10/site-packages/rq/connections.py:72: DeprecationWarning: The `pop_connection` function is deprecated. Pass the `connection` explicitly instead.
  warnings.warn(
/home/soundharya/todo/env/lib/python3.10/site-packages/rq/connections.py:58: DeprecationWarning: The `push_connection` function is deprecated. Pass the `connection` explicitly instead.
  warnings.warn(
/home/soundharya/todo/env/lib/python3.10/site-packages/rq/connections.py:72: DeprecationWarning: The `pop_connection` function is deprecated. Pass the `connection` explicitly instead.
  warnings.warn(
/home/soundharya/todo/env/lib/python3.10/site-packages/rq/connections.py:58: DeprecationWarning: The `push_connection` function is deprecated. Pass the `connection` explicitly instead.
  warnings.warn(
/home/soundharya/todo/env/lib/python3.10/site-packages/rq/connections.py:72: DeprecationWarning: The `pop_connection` function is deprecated. Pass the `connection` explicitly instead.
  warnings.warn(
/home/soundharya/todo/env/lib/python3.10/site-packages/rq/connections.py:58: DeprecationWarning: The `push_connection` function is deprecated. Pass the `connection` explicitly instead.
  warnings.warn(
/home/soundharya/todo/env/lib/python3.10/site-packages/rq/connections.py:72: DeprecationWarning: The `pop_connection` function is deprecated. Pass the `connection` explicitly instead.
  warnings.warn(
/home/soundharya/todo/env/lib/python3.10/site-packages/rq/connections.py:58: DeprecationWarning: The `push_connection` function is deprecated. Pass the `connection` explicitly instead.
  warnings.warn(
/home/soundharya/todo/env/lib/python3.10/site-packages/rq/connections.py:72: DeprecationWarning: The `pop_connection` function is deprecated. Pass the `connection` explicitly instead.
  warnings.warn(
/home/soundharya/todo/env/lib/python3.10/site-packages/rq/connections.py:58: DeprecationWarning: The `push_connection` function is deprecated. Pass the `connection` explicitly instead.
  warnings.warn(
/home/soundharya/todo/env/lib/python3.10/site-packages/rq/connections.py:72: DeprecationWarning: The `pop_connection` function is deprecated. Pass the `connection` explicitly instead.
  warnings.warn(
/home/soundharya/todo/env/lib/python3.10/site-packages/rq/connections.py:58: DeprecationWarning: The `push_connection` function is deprecated. Pass the `connection` explicitly instead.
  warnings.warn(
/home/soundharya/todo/env/lib/python3.10/site-packages/rq/connections.py:72: DeprecationWarning: The `pop_connection` function is deprecated. Pass the `connection` explicitly instead.
  warnings.warn(
/home/soundharya/todo/env/lib/python3.10/site-packages/rq/connections.py:58: DeprecationWarning: The `push_connection` function is deprecated. Pass the `connection` explicitly instead.
  warnings.warn(
/home/soundharya/todo/env/lib/python3.10/site-packages/rq/connections.py:72: DeprecationWarning: The `pop_connection` function is deprecated. Pass the `connection` explicitly instead.
  warnings.warn(
/home/soundharya/todo/env/lib/python3.10/site-packages/rq/connections.py:58: DeprecationWarning: The `push_connection` function is deprecated. Pass the `connection` explicitly instead.
  warnings.warn(
/home/soundharya/todo/env/lib/python3.10/site-packages/rq/connections.py:72: DeprecationWarning: The `pop_connection` function is deprecated. Pass the `connection` explicitly instead.
  warnings.warn(
/home/soundharya/todo/env/lib/python3.10/site-packages/rq/connections.py:58: DeprecationWarning: The `push_connection` function is deprecated. Pass the `connection` explicitly instead.
  warnings.warn(
/home/soundharya/todo/env/lib/python3.10/site-packages/google/api_core/_python_version_support.py:266: FutureWarning: You are using a Python version (3.10.12) which Google will stop supporting in new releases of google.api_core once it reaches its end of life (2026-10-04). Please upgrade to the latest Python version, or at least Python 3.11, to continue receiving updates for google.api_core past that date.
  warnings.warn(message, FutureWarning)
/home/soundharya/todo/env/lib/python3.10/site-packages/httplib2/auth.py:19: DeprecationWarning: 'setName' deprecated - use 'set_name'
  token = pp.Word(tchar).setName("token")
/home/soundharya/todo/env/lib/python3.10/site-packages/httplib2/auth.py:20: DeprecationWarning: 'leaveWhitespace' deprecated - use 'leave_whitespace'
  token68 = pp.Combine(pp.Word("-._~+/" + pp.nums + pp.alphas) + pp.Optional(pp.Word("=").leaveWhitespace())).setName(
/home/soundharya/todo/env/lib/python3.10/site-packages/httplib2/auth.py:20: DeprecationWarning: 'setName' deprecated - use 'set_name'
  token68 = pp.Combine(pp.Word("-._~+/" + pp.nums + pp.alphas) + pp.Optional(pp.Word("=").leaveWhitespace())).setName(
/home/soundharya/todo/env/lib/python3.10/site-packages/httplib2/auth.py:24: DeprecationWarning: 'setName' deprecated - use 'set_name'
  quoted_string = pp.dblQuotedString.copy().setName("quoted-string").setParseAction(unquote)
/home/soundharya/todo/env/lib/python3.10/site-packages/httplib2/auth.py:24: DeprecationWarning: 'setParseAction' deprecated - use 'set_parse_action'
  quoted_string = pp.dblQuotedString.copy().setName("quoted-string").setParseAction(unquote)
/home/soundharya/todo/env/lib/python3.10/site-packages/httplib2/auth.py:25: DeprecationWarning: 'setName' deprecated - use 'set_name'
  auth_param_name = token.copy().setName("auth-param-name").addParseAction(downcaseTokens)
/home/soundharya/todo/env/lib/python3.10/site-packages/httplib2/auth.py:25: DeprecationWarning: 'addParseAction' deprecated - use 'add_parse_action'
  auth_param_name = token.copy().setName("auth-param-name").addParseAction(downcaseTokens)
/home/soundharya/todo/env/lib/python3.10/site-packages/httplib2/auth.py:27: DeprecationWarning: 'delimitedList' deprecated - use 'DelimitedList'
  params = pp.Dict(pp.delimitedList(pp.Group(auth_param)))
/home/soundharya/todo/env/lib/python3.10/site-packages/httplib2/auth.py:33: DeprecationWarning: 'delimitedList' deprecated - use 'DelimitedList'
  www_authenticate = pp.delimitedList(pp.Group(challenge))
/home/soundharya/todo/env/lib/python3.10/site-packages/rq/connections.py:72: DeprecationWarning: The `pop_connection` function is deprecated. Pass the `connection` explicitly instead.
  warnings.warn(
/home/soundharya/todo/env/lib/python3.10/site-packages/rq/connections.py:58: DeprecationWarning: The `push_connection` function is deprecated. Pass the `connection` explicitly instead.
  warnings.warn(
/home/soundharya/todo/env/lib/python3.10/site-packages/rq/connections.py:72: DeprecationWarning: The `pop_connection` function is deprecated. Pass the `connection` explicitly instead.
  warnings.warn(
/home/soundharya/todo/env/lib/python3.10/site-packages/rq/connections.py:58: DeprecationWarning: The `push_connection` function is deprecated. Pass the `connection` explicitly instead.
  warnings.warn(
/home/soundharya/todo/env/lib/python3.10/site-packages/rq/connections.py:72: DeprecationWarning: The `pop_connection` function is deprecated. Pass the `connection` explicitly instead.
  warnings.warn(
/home/soundharya/todo/env/lib/python3.10/site-packages/rq/connections.py:58: DeprecationWarning: The `push_connection` function is deprecated. Pass the `connection` explicitly instead.
  warnings.warn(
/home/soundharya/todo/env/lib/python3.10/site-packages/rq/connections.py:72: DeprecationWarning: The `pop_connection` function is deprecated. Pass the `connection` explicitly instead.
  warnings.warn(
/home/soundharya/todo/env/lib/python3.10/site-packages/rq/connections.py:58: DeprecationWarning: The `push_connection` function is deprecated. Pass the `connection` explicitly instead.
  warnings.warn(
/home/soundharya/todo/env/lib/python3.10/site-packages/rq/connections.py:72: DeprecationWarning: The `pop_connection` function is deprecated. Pass the `connection` explicitly instead.
  warnings.warn(
/home/soundharya/todo/env/lib/python3.10/site-packages/rq/connections.py:58: DeprecationWarning: The `push_connection` function is deprecated. Pass the `connection` explicitly instead.
  warnings.warn(
/home/soundharya/todo/env/lib/python3.10/site-packages/rq/connections.py:72: DeprecationWarning: The `pop_connection` function is deprecated. Pass the `connection` explicitly instead.
  warnings.warn(
/home/soundharya/todo/env/lib/python3.10/site-packages/rq/connections.py:58: DeprecationWarning: The `push_connection` function is deprecated. Pass the `connection` explicitly instead.
  warnings.warn(
/home/soundharya/todo/env/lib/python3.10/site-packages/rq/connections.py:72: DeprecationWarning: The `pop_connection` function is deprecated. Pass the `connection` explicitly instead.
  warnings.warn(
/home/soundharya/todo/env/lib/python3.10/site-packages/rq/connections.py:58: DeprecationWarning: The `push_connection` function is deprecated. Pass the `connection` explicitly instead.
  warnings.warn(
/home/soundharya/todo/env/lib/python3.10/site-packages/rq/connections.py:72: DeprecationWarning: The `pop_connection` function is deprecated. Pass the `connection` explicitly instead.
  warnings.warn(
/home/soundharya/todo/env/lib/python3.10/site-packages/rq/connections.py:58: DeprecationWarning: The `push_connection` function is deprecated. Pass the `connection` explicitly instead.
  warnings.warn(
/home/soundharya/todo/env/lib/python3.10/site-packages/rq/connections.py:72: DeprecationWarning: The `pop_connection` function is deprecated. Pass the `connection` explicitly instead.
  warnings.warn(
/home/soundharya/todo/env/lib/python3.10/site-packages/rq/connections.py:58: DeprecationWarning: The `push_connection` function is deprecated. Pass the `connection` explicitly instead.
  warnings.warn(
/home/soundharya/todo/env/lib/python3.10/site-packages/rq/connections.py:72: DeprecationWarning: The `pop_connection` function is deprecated. Pass the `connection` explicitly instead.
  warnings.warn(
/home/soundharya/todo/env/lib/python3.10/site-packages/rq/connections.py:58: DeprecationWarning: The `push_connection` function is deprecated. Pass the `connection` explicitly instead.
  warnings.warn(
/home/soundharya/todo/env/lib/python3.10/site-packages/rq/connections.py:72: DeprecationWarning: The `pop_connection` function is deprecated. Pass the `connection` explicitly instead.
  warnings.warn(
/home/soundharya/todo/env/lib/python3.10/site-packages/rq/connections.py:58: DeprecationWarning: The `push_connection` function is deprecated. Pass the `connection` explicitly instead.
  warnings.warn(
/home/soundharya/todo/env/lib/python3.10/site-packages/rq/connections.py:72: DeprecationWarning: The `pop_connection` function is deprecated. Pass the `connection` explicitly instead.
  warnings.warn(
/home/soundharya/todo/env/lib/python3.10/site-packages/rq/connections.py:58: DeprecationWarning: The `push_connection` function is deprecated. Pass the `connection` explicitly instead.
  warnings.warn(
/home/soundharya/todo/env/lib/python3.10/site-packages/rq/connections.py:72: DeprecationWarning: The `pop_connection` function is deprecated. Pass the `connection` explicitly instead.
  warnings.warn(
/home/soundharya/todo/env/lib/python3.10/site-packages/rq/connections.py:58: DeprecationWarning: The `push_connection` function is deprecated. Pass the `connection` explicitly instead.
  warnings.warn(
/home/soundharya/todo/env/lib/python3.10/site-packages/google/api_core/_python_version_support.py:266: FutureWarning: You are using a Python version (3.10.12) which Google will stop supporting in new releases of google.api_core once it reaches its end of life (2026-10-04). Please upgrade to the latest Python version, or at least Python 3.11, to continue receiving updates for google.api_core past that date.
  warnings.warn(message, FutureWarning)
/home/soundharya/todo/env/lib/python3.10/site-packages/httplib2/auth.py:19: DeprecationWarning: 'setName' deprecated - use 'set_name'
  token = pp.Word(tchar).setName("token")
/home/soundharya/todo/env/lib/python3.10/site-packages/httplib2/auth.py:20: DeprecationWarning: 'leaveWhitespace' deprecated - use 'leave_whitespace'
  token68 = pp.Combine(pp.Word("-._~+/" + pp.nums + pp.alphas) + pp.Optional(pp.Word("=").leaveWhitespace())).setName(
/home/soundharya/todo/env/lib/python3.10/site-packages/httplib2/auth.py:20: DeprecationWarning: 'setName' deprecated - use 'set_name'
  token68 = pp.Combine(pp.Word("-._~+/" + pp.nums + pp.alphas) + pp.Optional(pp.Word("=").leaveWhitespace())).setName(
/home/soundharya/todo/env/lib/python3.10/site-packages/httplib2/auth.py:24: DeprecationWarning: 'setName' deprecated - use 'set_name'
  quoted_string = pp.dblQuotedString.copy().setName("quoted-string").setParseAction(unquote)
/home/soundharya/todo/env/lib/python3.10/site-packages/httplib2/auth.py:24: DeprecationWarning: 'setParseAction' deprecated - use 'set_parse_action'
  quoted_string = pp.dblQuotedString.copy().setName("quoted-string").setParseAction(unquote)
/home/soundharya/todo/env/lib/python3.10/site-packages/httplib2/auth.py:25: DeprecationWarning: 'setName' deprecated - use 'set_name'
  auth_param_name = token.copy().setName("auth-param-name").addParseAction(downcaseTokens)
/home/soundharya/todo/env/lib/python3.10/site-packages/httplib2/auth.py:25: DeprecationWarning: 'addParseAction' deprecated - use 'add_parse_action'
  auth_param_name = token.copy().setName("auth-param-name").addParseAction(downcaseTokens)
/home/soundharya/todo/env/lib/python3.10/site-packages/httplib2/auth.py:27: DeprecationWarning: 'delimitedList' deprecated - use 'DelimitedList'
  params = pp.Dict(pp.delimitedList(pp.Group(auth_param)))
/home/soundharya/todo/env/lib/python3.10/site-packages/httplib2/auth.py:33: DeprecationWarning: 'delimitedList' deprecated - use 'DelimitedList'
  www_authenticate = pp.delimitedList(pp.Group(challenge))
/home/soundharya/todo/env/lib/python3.10/site-packages/rq/connections.py:72: DeprecationWarning: The `pop_connection` function is deprecated. Pass the `connection` explicitly instead.
  warnings.warn(
/home/soundharya/todo/env/lib/python3.10/site-packages/rq/connections.py:58: DeprecationWarning: The `push_connection` function is deprecated. Pass the `connection` explicitly instead.
  warnings.warn(
/home/soundharya/todo/env/lib/python3.10/site-packages/rq/connections.py:72: DeprecationWarning: The `pop_connection` function is deprecated. Pass the `connection` explicitly instead.
  warnings.warn(
/home/soundharya/todo/env/lib/python3.10/site-packages/rq/connections.py:58: DeprecationWarning: The `push_connection` function is deprecated. Pass the `connection` explicitly instead.
  warnings.warn(
/home/soundharya/todo/env/lib/python3.10/site-packages/rq/connections.py:72: DeprecationWarning: The `pop_connection` function is deprecated. Pass the `connection` explicitly instead.
  warnings.warn(
/home/soundharya/todo/env/lib/python3.10/site-packages/rq/connections.py:58: DeprecationWarning: The `push_connection` function is deprecated. Pass the `connection` explicitly instead.
  warnings.warn(
/home/soundharya/todo/env/lib/python3.10/site-packages/rq/connections.py:72: DeprecationWarning: The `pop_connection` function is deprecated. Pass the `connection` explicitly instead.
  warnings.warn(
/home/soundharya/todo/env/lib/python3.10/site-packages/rq/connections.py:58: DeprecationWarning: The `push_connection` function is deprecated. Pass the `connection` explicitly instead.
  warnings.warn(
/home/soundharya/todo/env/lib/python3.10/site-packages/google/api_core/_python_version_support.py:266: FutureWarning: You are using a Python version (3.10.12) which Google will stop supporting in new releases of google.api_core once it reaches its end of life (2026-10-04). Please upgrade to the latest Python version, or at least Python 3.11, to continue receiving updates for google.api_core past that date.
  warnings.warn(message, FutureWarning)
/home/soundharya/todo/env/lib/python3.10/site-packages/httplib2/auth.py:19: DeprecationWarning: 'setName' deprecated - use 'set_name'
  token = pp.Word(tchar).setName("token")
/home/soundharya/todo/env/lib/python3.10/site-packages/httplib2/auth.py:20: DeprecationWarning: 'leaveWhitespace' deprecated - use 'leave_whitespace'
  token68 = pp.Combine(pp.Word("-._~+/" + pp.nums + pp.alphas) + pp.Optional(pp.Word("=").leaveWhitespace())).setName(
/home/soundharya/todo/env/lib/python3.10/site-packages/httplib2/auth.py:20: DeprecationWarning: 'setName' deprecated - use 'set_name'
  token68 = pp.Combine(pp.Word("-._~+/" + pp.nums + pp.alphas) + pp.Optional(pp.Word("=").leaveWhitespace())).setName(
/home/soundharya/todo/env/lib/python3.10/site-packages/httplib2/auth.py:24: DeprecationWarning: 'setName' deprecated - use 'set_name'
  quoted_string = pp.dblQuotedString.copy().setName("quoted-string").setParseAction(unquote)
/home/soundharya/todo/env/lib/python3.10/site-packages/httplib2/auth.py:24: DeprecationWarning: 'setParseAction' deprecated - use 'set_parse_action'
  quoted_string = pp.dblQuotedString.copy().setName("quoted-string").setParseAction(unquote)
/home/soundharya/todo/env/lib/python3.10/site-packages/httplib2/auth.py:25: DeprecationWarning: 'setName' deprecated - use 'set_name'
  auth_param_name = token.copy().setName("auth-param-name").addParseAction(downcaseTokens)
/home/soundharya/todo/env/lib/python3.10/site-packages/httplib2/auth.py:25: DeprecationWarning: 'addParseAction' deprecated - use 'add_parse_action'
  auth_param_name = token.copy().setName("auth-param-name").addParseAction(downcaseTokens)
/home/soundharya/todo/env/lib/python3.10/site-packages/httplib2/auth.py:27: DeprecationWarning: 'delimitedList' deprecated - use 'DelimitedList'
  params = pp.Dict(pp.delimitedList(pp.Group(auth_param)))
/home/soundharya/todo/env/lib/python3.10/site-packages/httplib2/auth.py:33: DeprecationWarning: 'delimitedList' deprecated - use 'DelimitedList'
  www_authenticate = pp.delimitedList(pp.Group(challenge))
/home/soundharya/todo/env/lib/python3.10/site-packages/rq/connections.py:72: DeprecationWarning: The `pop_connection` function is deprecated. Pass the `connection` explicitly instead.
  warnings.warn(
/home/soundharya/todo/env/lib/python3.10/site-packages/rq/connections.py:58: DeprecationWarning: The `push_connection` function is deprecated. Pass the `connection` explicitly instead.
  warnings.warn(
/home/soundharya/todo/env/lib/python3.10/site-packages/rq/connections.py:72: DeprecationWarning: The `pop_connection` function is deprecated. Pass the `connection` explicitly instead.
  warnings.warn(
/home/soundharya/todo/env/lib/python3.10/site-packages/rq/connections.py:58: DeprecationWarning: The `push_connection` function is deprecated. Pass the `connection` explicitly instead.
  warnings.warn(
/home/soundharya/todo/env/lib/python3.10/site-packages/rq/connections.py:72: DeprecationWarning: The `pop_connection` function is deprecated. Pass the `connection` explicitly instead.
  warnings.warn(
/home/soundharya/todo/env/lib/python3.10/site-packages/rq/connections.py:58: DeprecationWarning: The `push_connection` function is deprecated. Pass the `connection` explicitly instead.
  warnings.warn(
/home/soundharya/todo/env/lib/python3.10/site-packages/rq/connections.py:72: DeprecationWarning: The `pop_connection` function is deprecated. Pass the `connection` explicitly instead.
  warnings.warn(
/home/soundharya/todo/env/lib/python3.10/site-packages/rq/connections.py:58: DeprecationWarning: The `push_connection` function is deprecated. Pass the `connection` explicitly instead.
  warnings.warn(
/home/soundharya/todo/env/lib/python3.10/site-packages/rq/connections.py:72: DeprecationWarning: The `pop_connection` function is deprecated. Pass the `connection` explicitly instead.
  warnings.warn(
/home/soundharya/todo/env/lib/python3.10/site-packages/rq/connections.py:58: DeprecationWarning: The `push_connection` function is deprecated. Pass the `connection` explicitly instead.
  warnings.warn(
/home/soundharya/todo/env/lib/python3.10/site-packages/rq/connections.py:72: DeprecationWarning: The `pop_connection` function is deprecated. Pass the `connection` explicitly instead.
  warnings.warn(
/home/soundharya/todo/env/lib/python3.10/site-packages/rq/connections.py:58: DeprecationWarning: The `push_connection` function is deprecated. Pass the `connection` explicitly instead.
  warnings.warn(
/home/soundharya/todo/env/lib/python3.10/site-packages/rq/connections.py:72: DeprecationWarning: The `pop_connection` function is deprecated. Pass the `connection` explicitly instead.
  warnings.warn(
/home/soundharya/todo/env/lib/python3.10/site-packages/rq/connections.py:58: DeprecationWarning: The `push_connection` function is deprecated. Pass the `connection` explicitly instead.
  warnings.warn(
/home/soundharya/todo/env/lib/python3.10/site-packages/rq/connections.py:72: DeprecationWarning: The `pop_connection` function is deprecated. Pass the `connection` explicitly instead.
  warnings.warn(
/home/soundharya/todo/env/lib/python3.10/site-packages/rq/connections.py:58: DeprecationWarning: The `push_connection` function is deprecated. Pass the `connection` explicitly instead.
  warnings.warn(
/home/soundharya/todo/env/lib/python3.10/site-packages/rq/connections.py:72: DeprecationWarning: The `pop_connection` function is deprecated. Pass the `connection` explicitly instead.
  warnings.warn(
/home/soundharya/todo/env/lib/python3.10/site-packages/rq/connections.py:58: DeprecationWarning: The `push_connection` function is deprecated. Pass the `connection` explicitly instead.
  warnings.warn(
/home/soundharya/todo/env/lib/python3.10/site-packages/rq/connections.py:72: DeprecationWarning: The `pop_connection` function is deprecated. Pass the `connection` explicitly instead.
  warnings.warn(
/home/soundharya/todo/env/lib/python3.10/site-packages/rq/connections.py:58: DeprecationWarning: The `push_connection` function is deprecated. Pass the `connection` explicitly instead.
  warnings.warn(
/home/soundharya/todo/env/lib/python3.10/site-packages/rq/connections.py:72: DeprecationWarning: The `pop_connection` function is deprecated. Pass the `connection` explicitly instead.
  warnings.warn(
/home/soundharya/todo/env/lib/python3.10/site-packages/rq/connections.py:58: DeprecationWarning: The `push_connection` function is deprecated. Pass the `connection` explicitly instead.
  warnings.warn(
/home/soundharya/todo/env/lib/python3.10/site-packages/rq/connections.py:72: DeprecationWarning: The `pop_connection` function is deprecated. Pass the `connection` explicitly instead.
  warnings.warn(
/home/soundharya/todo/env/lib/python3.10/site-packages/rq/connections.py:58: DeprecationWarning: The `push_connection` function is deprecated. Pass the `connection` explicitly instead.
  warnings.warn(
/home/soundharya/todo/env/lib/python3.10/site-packages/rq/connections.py:72: DeprecationWarning: The `pop_connection` function is deprecated. Pass the `connection` explicitly instead.
  warnings.warn(
/home/soundharya/todo/env/lib/python3.10/site-packages/rq/connections.py:58: DeprecationWarning: The `push_connection` function is deprecated. Pass the `connection` explicitly instead.
  warnings.warn(
/home/soundharya/todo/env/lib/python3.10/site-packages/google/api_core/_python_version_support.py:266: FutureWarning: You are using a Python version (3.10.12) which Google will stop supporting in new releases of google.api_core once it reaches its end of life (2026-10-04). Please upgrade to the latest Python version, or at least Python 3.11, to continue receiving updates for google.api_core past that date.
  warnings.warn(message, FutureWarning)
/home/soundharya/todo/env/lib/python3.10/site-packages/httplib2/auth.py:19: DeprecationWarning: 'setName' deprecated - use 'set_name'
  token = pp.Word(tchar).setName("token")
/home/soundharya/todo/env/lib/python3.10/site-packages/httplib2/auth.py:20: DeprecationWarning: 'leaveWhitespace' deprecated - use 'leave_whitespace'
  token68 = pp.Combine(pp.Word("-._~+/" + pp.nums + pp.alphas) + pp.Optional(pp.Word("=").leaveWhitespace())).setName(
/home/soundharya/todo/env/lib/python3.10/site-packages/httplib2/auth.py:20: DeprecationWarning: 'setName' deprecated - use 'set_name'
  token68 = pp.Combine(pp.Word("-._~+/" + pp.nums + pp.alphas) + pp.Optional(pp.Word("=").leaveWhitespace())).setName(
/home/soundharya/todo/env/lib/python3.10/site-packages/httplib2/auth.py:24: DeprecationWarning: 'setName' deprecated - use 'set_name'
  quoted_string = pp.dblQuotedString.copy().setName("quoted-string").setParseAction(unquote)
/home/soundharya/todo/env/lib/python3.10/site-packages/httplib2/auth.py:24: DeprecationWarning: 'setParseAction' deprecated - use 'set_parse_action'
  quoted_string = pp.dblQuotedString.copy().setName("quoted-string").setParseAction(unquote)
/home/soundharya/todo/env/lib/python3.10/site-packages/httplib2/auth.py:25: DeprecationWarning: 'setName' deprecated - use 'set_name'
  auth_param_name = token.copy().setName("auth-param-name").addParseAction(downcaseTokens)
/home/soundharya/todo/env/lib/python3.10/site-packages/httplib2/auth.py:25: DeprecationWarning: 'addParseAction' deprecated - use 'add_parse_action'
  auth_param_name = token.copy().setName("auth-param-name").addParseAction(downcaseTokens)
/home/soundharya/todo/env/lib/python3.10/site-packages/httplib2/auth.py:27: DeprecationWarning: 'delimitedList' deprecated - use 'DelimitedList'
  params = pp.Dict(pp.delimitedList(pp.Group(auth_param)))
/home/soundharya/todo/env/lib/python3.10/site-packages/httplib2/auth.py:33: DeprecationWarning: 'delimitedList' deprecated - use 'DelimitedList'
  www_authenticate = pp.delimitedList(pp.Group(challenge))
/home/soundharya/todo/env/lib/python3.10/site-packages/rq/connections.py:72: DeprecationWarning: The `pop_connection` function is deprecated. Pass the `connection` explicitly instead.
  warnings.warn(
/home/soundharya/todo/env/lib/python3.10/site-packages/rq/connections.py:58: DeprecationWarning: The `push_connection` function is deprecated. Pass the `connection` explicitly instead.
  warnings.warn(
/home/soundharya/todo/env/lib/python3.10/site-packages/rq/connections.py:72: DeprecationWarning: The `pop_connection` function is deprecated. Pass the `connection` explicitly instead.
  warnings.warn(
/home/soundharya/todo/env/lib/python3.10/site-packages/rq/connections.py:58: DeprecationWarning: The `push_connection` function is deprecated. Pass the `connection` explicitly instead.
  warnings.warn(
/home/soundharya/todo/env/lib/python3.10/site-packages/rq/connections.py:72: DeprecationWarning: The `pop_connection` function is deprecated. Pass the `connection` explicitly instead.
  warnings.warn(
/home/soundharya/todo/env/lib/python3.10/site-packages/rq/connections.py:58: DeprecationWarning: The `push_connection` function is deprecated. Pass the `connection` explicitly instead.
  warnings.warn(
/home/soundharya/todo/env/lib/python3.10/site-packages/rq/connections.py:72: DeprecationWarning: The `pop_connection` function is deprecated. Pass the `connection` explicitly instead.
  warnings.warn(
/home/soundharya/todo/env/lib/python3.10/site-packages/rq/connections.py:58: DeprecationWarning: The `push_connection` function is deprecated. Pass the `connection` explicitly instead.
  warnings.warn(
/home/soundharya/todo/env/lib/python3.10/site-packages/rq/connections.py:72: DeprecationWarning: The `pop_connection` function is deprecated. Pass the `connection` explicitly instead.
  warnings.warn(
/home/soundharya/todo/env/lib/python3.10/site-packages/rq/connections.py:58: DeprecationWarning: The `push_connection` function is deprecated. Pass the `connection` explicitly instead.
  warnings.warn(
/home/soundharya/todo/env/lib/python3.10/site-packages/google/api_core/_python_version_support.py:266: FutureWarning: You are using a Python version (3.10.12) which Google will stop supporting in new releases of google.api_core once it reaches its end of life (2026-10-04). Please upgrade to the latest Python version, or at least Python 3.11, to continue receiving updates for google.api_core past that date.
  warnings.warn(message, FutureWarning)
/home/soundharya/todo/env/lib/python3.10/site-packages/httplib2/auth.py:19: DeprecationWarning: 'setName' deprecated - use 'set_name'
  token = pp.Word(tchar).setName("token")
/home/soundharya/todo/env/lib/python3.10/site-packages/httplib2/auth.py:20: DeprecationWarning: 'leaveWhitespace' deprecated - use 'leave_whitespace'
  token68 = pp.Combine(pp.Word("-._~+/" + pp.nums + pp.alphas) + pp.Optional(pp.Word("=").leaveWhitespace())).setName(
/home/soundharya/todo/env/lib/python3.10/site-packages/httplib2/auth.py:20: DeprecationWarning: 'setName' deprecated - use 'set_name'
  token68 = pp.Combine(pp.Word("-._~+/" + pp.nums + pp.alphas) + pp.Optional(pp.Word("=").leaveWhitespace())).setName(
/home/soundharya/todo/env/lib/python3.10/site-packages/httplib2/auth.py:24: DeprecationWarning: 'setName' deprecated - use 'set_name'
  quoted_string = pp.dblQuotedString.copy().setName("quoted-string").setParseAction(unquote)
/home/soundharya/todo/env/lib/python3.10/site-packages/httplib2/auth.py:24: DeprecationWarning: 'setParseAction' deprecated - use 'set_parse_action'
  quoted_string = pp.dblQuotedString.copy().setName("quoted-string").setParseAction(unquote)
/home/soundharya/todo/env/lib/python3.10/site-packages/httplib2/auth.py:25: DeprecationWarning: 'setName' deprecated - use 'set_name'
  auth_param_name = token.copy().setName("auth-param-name").addParseAction(downcaseTokens)
/home/soundharya/todo/env/lib/python3.10/site-packages/httplib2/auth.py:25: DeprecationWarning: 'addParseAction' deprecated - use 'add_parse_action'
  auth_param_name = token.copy().setName("auth-param-name").addParseAction(downcaseTokens)
/home/soundharya/todo/env/lib/python3.10/site-packages/httplib2/auth.py:27: DeprecationWarning: 'delimitedList' deprecated - use 'DelimitedList'
  params = pp.Dict(pp.delimitedList(pp.Group(auth_param)))
/home/soundharya/todo/env/lib/python3.10/site-packages/httplib2/auth.py:33: DeprecationWarning: 'delimitedList' deprecated - use 'DelimitedList'
  www_authenticate = pp.delimitedList(pp.Group(challenge))
/home/soundharya/todo/env/lib/python3.10/site-packages/rq/connections.py:72: DeprecationWarning: The `pop_connection` function is deprecated. Pass the `connection` explicitly instead.
  warnings.warn(
/home/soundharya/todo/env/lib/python3.10/site-packages/rq/connections.py:58: DeprecationWarning: The `push_connection` function is deprecated. Pass the `connection` explicitly instead.
  warnings.warn(
/home/soundharya/todo/env/lib/python3.10/site-packages/rq/connections.py:72: DeprecationWarning: The `pop_connection` function is deprecated. Pass the `connection` explicitly instead.
  warnings.warn(
/home/soundharya/todo/env/lib/python3.10/site-packages/rq/connections.py:58: DeprecationWarning: The `push_connection` function is deprecated. Pass the `connection` explicitly instead.
  warnings.warn(
/home/soundharya/todo/env/lib/python3.10/site-packages/rq/connections.py:72: DeprecationWarning: The `pop_connection` function is deprecated. Pass the `connection` explicitly instead.
  warnings.warn(
/home/soundharya/todo/env/lib/python3.10/site-packages/rq/connections.py:58: DeprecationWarning: The `push_connection` function is deprecated. Pass the `connection` explicitly instead.
  warnings.warn(
/home/soundharya/todo/env/lib/python3.10/site-packages/rq/connections.py:72: DeprecationWarning: The `pop_connection` function is deprecated. Pass the `connection` explicitly instead.
  warnings.warn(
/home/soundharya/todo/env/lib/python3.10/site-packages/rq/connections.py:58: DeprecationWarning: The `push_connection` function is deprecated. Pass the `connection` explicitly instead.
  warnings.warn(
/home/soundharya/todo/env/lib/python3.10/site-packages/rq/connections.py:72: DeprecationWarning: The `pop_connection` function is deprecated. Pass the `connection` explicitly instead.
  warnings.warn(
/home/soundharya/todo/env/lib/python3.10/site-packages/rq/connections.py:58: DeprecationWarning: The `push_connection` function is deprecated. Pass the `connection` explicitly instead.
  warnings.warn(
/home/soundharya/todo/env/lib/python3.10/site-packages/rq/connections.py:72: DeprecationWarning: The `pop_connection` function is deprecated. Pass the `connection` explicitly instead.
  warnings.warn(
/home/soundharya/todo/env/lib/python3.10/site-packages/rq/connections.py:58: DeprecationWarning: The `push_connection` function is deprecated. Pass the `connection` explicitly instead.
  warnings.warn(
/home/soundharya/todo/env/lib/python3.10/site-packages/google/api_core/_python_version_support.py:266: FutureWarning: You are using a Python version (3.10.12) which Google will stop supporting in new releases of google.api_core once it reaches its end of life (2026-10-04). Please upgrade to the latest Python version, or at least Python 3.11, to continue receiving updates for google.api_core past that date.
  warnings.warn(message, FutureWarning)
/home/soundharya/todo/env/lib/python3.10/site-packages/httplib2/auth.py:19: DeprecationWarning: 'setName' deprecated - use 'set_name'
  token = pp.Word(tchar).setName("token")
/home/soundharya/todo/env/lib/python3.10/site-packages/httplib2/auth.py:20: DeprecationWarning: 'leaveWhitespace' deprecated - use 'leave_whitespace'
  token68 = pp.Combine(pp.Word("-._~+/" + pp.nums + pp.alphas) + pp.Optional(pp.Word("=").leaveWhitespace())).setName(
/home/soundharya/todo/env/lib/python3.10/site-packages/httplib2/auth.py:20: DeprecationWarning: 'setName' deprecated - use 'set_name'
  token68 = pp.Combine(pp.Word("-._~+/" + pp.nums + pp.alphas) + pp.Optional(pp.Word("=").leaveWhitespace())).setName(
/home/soundharya/todo/env/lib/python3.10/site-packages/httplib2/auth.py:24: DeprecationWarning: 'setName' deprecated - use 'set_name'
  quoted_string = pp.dblQuotedString.copy().setName("quoted-string").setParseAction(unquote)
/home/soundharya/todo/env/lib/python3.10/site-packages/httplib2/auth.py:24: DeprecationWarning: 'setParseAction' deprecated - use 'set_parse_action'
  quoted_string = pp.dblQuotedString.copy().setName("quoted-string").setParseAction(unquote)
/home/soundharya/todo/env/lib/python3.10/site-packages/httplib2/auth.py:25: DeprecationWarning: 'setName' deprecated - use 'set_name'
  auth_param_name = token.copy().setName("auth-param-name").addParseAction(downcaseTokens)
/home/soundharya/todo/env/lib/python3.10/site-packages/httplib2/auth.py:25: DeprecationWarning: 'addParseAction' deprecated - use 'add_parse_action'
  auth_param_name = token.copy().setName("auth-param-name").addParseAction(downcaseTokens)
/home/soundharya/todo/env/lib/python3.10/site-packages/httplib2/auth.py:27: DeprecationWarning: 'delimitedList' deprecated - use 'DelimitedList'
  params = pp.Dict(pp.delimitedList(pp.Group(auth_param)))
/home/soundharya/todo/env/lib/python3.10/site-packages/httplib2/auth.py:33: DeprecationWarning: 'delimitedList' deprecated - use 'DelimitedList'
  www_authenticate = pp.delimitedList(pp.Group(challenge))
/home/soundharya/todo/env/lib/python3.10/site-packages/rq/connections.py:72: DeprecationWarning: The `pop_connection` function is deprecated. Pass the `connection` explicitly instead.
  warnings.warn(
/home/soundharya/todo/env/lib/python3.10/site-packages/rq/connections.py:58: DeprecationWarning: The `push_connection` function is deprecated. Pass the `connection` explicitly instead.
  warnings.warn(
/home/soundharya/todo/env/lib/python3.10/site-packages/google/api_core/_python_version_support.py:266: FutureWarning: You are using a Python version (3.10.12) which Google will stop supporting in new releases of google.api_core once it reaches its end of life (2026-10-04). Please upgrade to the latest Python version, or at least Python 3.11, to continue receiving updates for google.api_core past that date.
  warnings.warn(message, FutureWarning)
/home/soundharya/todo/env/lib/python3.10/site-packages/httplib2/auth.py:19: DeprecationWarning: 'setName' deprecated - use 'set_name'
  token = pp.Word(tchar).setName("token")
/home/soundharya/todo/env/lib/python3.10/site-packages/httplib2/auth.py:20: DeprecationWarning: 'leaveWhitespace' deprecated - use 'leave_whitespace'
  token68 = pp.Combine(pp.Word("-._~+/" + pp.nums + pp.alphas) + pp.Optional(pp.Word("=").leaveWhitespace())).setName(
/home/soundharya/todo/env/lib/python3.10/site-packages/httplib2/auth.py:20: DeprecationWarning: 'setName' deprecated - use 'set_name'
  token68 = pp.Combine(pp.Word("-._~+/" + pp.nums + pp.alphas) + pp.Optional(pp.Word("=").leaveWhitespace())).setName(
/home/soundharya/todo/env/lib/python3.10/site-packages/httplib2/auth.py:24: DeprecationWarning: 'setName' deprecated - use 'set_name'
  quoted_string = pp.dblQuotedString.copy().setName("quoted-string").setParseAction(unquote)
/home/soundharya/todo/env/lib/python3.10/site-packages/httplib2/auth.py:24: DeprecationWarning: 'setParseAction' deprecated - use 'set_parse_action'
  quoted_string = pp.dblQuotedString.copy().setName("quoted-string").setParseAction(unquote)
/home/soundharya/todo/env/lib/python3.10/site-packages/httplib2/auth.py:25: DeprecationWarning: 'setName' deprecated - use 'set_name'
  auth_param_name = token.copy().setName("auth-param-name").addParseAction(downcaseTokens)
/home/soundharya/todo/env/lib/python3.10/site-packages/httplib2/auth.py:25: DeprecationWarning: 'addParseAction' deprecated - use 'add_parse_action'
  auth_param_name = token.copy().setName("auth-param-name").addParseAction(downcaseTokens)
/home/soundharya/todo/env/lib/python3.10/site-packages/httplib2/auth.py:27: DeprecationWarning: 'delimitedList' deprecated - use 'DelimitedList'
  params = pp.Dict(pp.delimitedList(pp.Group(auth_param)))
/home/soundharya/todo/env/lib/python3.10/site-packages/httplib2/auth.py:33: DeprecationWarning: 'delimitedList' deprecated - use 'DelimitedList'
  www_authenticate = pp.delimitedList(pp.Group(challenge))
/home/soundharya/todo/env/lib/python3.10/site-packages/rq/connections.py:72: DeprecationWarning: The `pop_connection` function is deprecated. Pass the `connection` explicitly instead.
  warnings.warn(
/home/soundharya/todo/env/lib/python3.10/site-packages/rq/connections.py:58: DeprecationWarning: The `push_connection` function is deprecated. Pass the `connection` explicitly instead.
  warnings.warn(
/home/soundharya/todo/env/lib/python3.10/site-packages/rq/connections.py:72: DeprecationWarning: The `pop_connection` function is deprecated. Pass the `connection` explicitly instead.
  warnings.warn(
/home/soundharya/todo/env/lib/python3.10/site-packages/rq/connections.py:58: DeprecationWarning: The `push_connection` function is deprecated. Pass the `connection` explicitly instead.
  warnings.warn(
/home/soundharya/todo/env/lib/python3.10/site-packages/rq/connections.py:72: DeprecationWarning: The `pop_connection` function is deprecated. Pass the `connection` explicitly instead.
  warnings.warn(
/home/soundharya/todo/env/lib/python3.10/site-packages/rq/connections.py:58: DeprecationWarning: The `push_connection` function is deprecated. Pass the `connection` explicitly instead.
  warnings.warn(
/home/soundharya/todo/env/lib/python3.10/site-packages/rq/connections.py:72: DeprecationWarning: The `pop_connection` function is deprecated. Pass the `connection` explicitly instead.
  warnings.warn(
/home/soundharya/todo/env/lib/python3.10/site-packages/rq/connections.py:58: DeprecationWarning: The `push_connection` function is deprecated. Pass the `connection` explicitly instead.
  warnings.warn(
/home/soundharya/todo/env/lib/python3.10/site-packages/rq/connections.py:72: DeprecationWarning: The `pop_connection` function is deprecated. Pass the `connection` explicitly instead.
  warnings.warn(
/home/soundharya/todo/env/lib/python3.10/site-packages/rq/connections.py:58: DeprecationWarning: The `push_connection` function is deprecated. Pass the `connection` explicitly instead.
  warnings.warn(
/home/soundharya/todo/env/lib/python3.10/site-packages/rq/connections.py:72: DeprecationWarning: The `pop_connection` function is deprecated. Pass the `connection` explicitly instead.
  warnings.warn(
/home/soundharya/todo/env/lib/python3.10/site-packages/rq/connections.py:58: DeprecationWarning: The `push_connection` function is deprecated. Pass the `connection` explicitly instead.
  warnings.warn(
/home/soundharya/todo/env/lib/python3.10/site-packages/rq/connections.py:72: DeprecationWarning: The `pop_connection` function is deprecated. Pass the `connection` explicitly instead.
  warnings.warn(
/home/soundharya/todo/env/lib/python3.10/site-packages/rq/connections.py:58: DeprecationWarning: The `push_connection` function is deprecated. Pass the `connection` explicitly instead.
  warnings.warn(
/home/soundharya/todo/env/lib/python3.10/site-packages/rq/connections.py:72: DeprecationWarning: The `pop_connection` function is deprecated. Pass the `connection` explicitly instead.
  warnings.warn(
/home/soundharya/todo/env/lib/python3.10/site-packages/rq/connections.py:58: DeprecationWarning: The `push_connection` function is deprecated. Pass the `connection` explicitly instead.
  warnings.warn(
/home/soundharya/todo/env/lib/python3.10/site-packages/rq/connections.py:72: DeprecationWarning: The `pop_connection` function is deprecated. Pass the `connection` explicitly instead.
  warnings.warn(
/home/soundharya/todo/env/lib/python3.10/site-packages/rq/connections.py:58: DeprecationWarning: The `push_connection` function is deprecated. Pass the `connection` explicitly instead.
  warnings.warn(
/home/soundharya/todo/env/lib/python3.10/site-packages/rq/connections.py:72: DeprecationWarning: The `pop_connection` function is deprecated. Pass the `connection` explicitly instead.
  warnings.warn(
/home/soundharya/todo/env/lib/python3.10/site-packages/rq/connections.py:58: DeprecationWarning: The `push_connection` function is deprecated. Pass the `connection` explicitly instead.
  warnings.warn(
/home/soundharya/todo/env/lib/python3.10/site-packages/rq/connections.py:72: DeprecationWarning: The `pop_connection` function is deprecated. Pass the `connection` explicitly instead.
  warnings.warn(
/home/soundharya/todo/env/lib/python3.10/site-packages/rq/connections.py:58: DeprecationWarning: The `push_connection` function is deprecated. Pass the `connection` explicitly instead.
  warnings.warn(
/home/soundharya/todo/env/lib/python3.10/site-packages/rq/connections.py:72: DeprecationWarning: The `pop_connection` function is deprecated. Pass the `connection` explicitly instead.
  warnings.warn(
/home/soundharya/todo/env/lib/python3.10/site-packages/rq/connections.py:58: DeprecationWarning: The `push_connection` function is deprecated. Pass the `connection` explicitly instead.
  warnings.warn(
/home/soundharya/todo/env/lib/python3.10/site-packages/rq/connections.py:72: DeprecationWarning: The `pop_connection` function is deprecated. Pass the `connection` explicitly instead.
  warnings.warn(
/home/soundharya/todo/env/lib/python3.10/site-packages/rq/connections.py:58: DeprecationWarning: The `push_connection` function is deprecated. Pass the `connection` explicitly instead.
  warnings.warn(
/home/soundharya/todo/env/lib/python3.10/site-packages/google/api_core/_python_version_support.py:266: FutureWarning: You are using a Python version (3.10.12) which Google will stop supporting in new releases of google.api_core once it reaches its end of life (2026-10-04). Please upgrade to the latest Python version, or at least Python 3.11, to continue receiving updates for google.api_core past that date.
  warnings.warn(message, FutureWarning)
/home/soundharya/todo/env/lib/python3.10/site-packages/httplib2/auth.py:19: DeprecationWarning: 'setName' deprecated - use 'set_name'
  token = pp.Word(tchar).setName("token")
/home/soundharya/todo/env/lib/python3.10/site-packages/httplib2/auth.py:20: DeprecationWarning: 'leaveWhitespace' deprecated - use 'leave_whitespace'
  token68 = pp.Combine(pp.Word("-._~+/" + pp.nums + pp.alphas) + pp.Optional(pp.Word("=").leaveWhitespace())).setName(
/home/soundharya/todo/env/lib/python3.10/site-packages/httplib2/auth.py:20: DeprecationWarning: 'setName' deprecated - use 'set_name'
  token68 = pp.Combine(pp.Word("-._~+/" + pp.nums + pp.alphas) + pp.Optional(pp.Word("=").leaveWhitespace())).setName(
/home/soundharya/todo/env/lib/python3.10/site-packages/httplib2/auth.py:24: DeprecationWarning: 'setName' deprecated - use 'set_name'
  quoted_string = pp.dblQuotedString.copy().setName("quoted-string").setParseAction(unquote)
/home/soundharya/todo/env/lib/python3.10/site-packages/httplib2/auth.py:24: DeprecationWarning: 'setParseAction' deprecated - use 'set_parse_action'
  quoted_string = pp.dblQuotedString.copy().setName("quoted-string").setParseAction(unquote)
/home/soundharya/todo/env/lib/python3.10/site-packages/httplib2/auth.py:25: DeprecationWarning: 'setName' deprecated - use 'set_name'
  auth_param_name = token.copy().setName("auth-param-name").addParseAction(downcaseTokens)
/home/soundharya/todo/env/lib/python3.10/site-packages/httplib2/auth.py:25: DeprecationWarning: 'addParseAction' deprecated - use 'add_parse_action'
  auth_param_name = token.copy().setName("auth-param-name").addParseAction(downcaseTokens)
/home/soundharya/todo/env/lib/python3.10/site-packages/httplib2/auth.py:27: DeprecationWarning: 'delimitedList' deprecated - use 'DelimitedList'
  params = pp.Dict(pp.delimitedList(pp.Group(auth_param)))
/home/soundharya/todo/env/lib/python3.10/site-packages/httplib2/auth.py:33: DeprecationWarning: 'delimitedList' deprecated - use 'DelimitedList'
  www_authenticate = pp.delimitedList(pp.Group(challenge))
/home/soundharya/todo/env/lib/python3.10/site-packages/rq/connections.py:72: DeprecationWarning: The `pop_connection` function is deprecated. Pass the `connection` explicitly instead.
  warnings.warn(
/home/soundharya/todo/env/lib/python3.10/site-packages/rq/connections.py:58: DeprecationWarning: The `push_connection` function is deprecated. Pass the `connection` explicitly instead.
  warnings.warn(
/home/soundharya/todo/env/lib/python3.10/site-packages/rq/connections.py:72: DeprecationWarning: The `pop_connection` function is deprecated. Pass the `connection` explicitly instead.
  warnings.warn(
/home/soundharya/todo/env/lib/python3.10/site-packages/rq/connections.py:58: DeprecationWarning: The `push_connection` function is deprecated. Pass the `connection` explicitly instead.
  warnings.warn(
/home/soundharya/todo/env/lib/python3.10/site-packages/rq/connections.py:72: DeprecationWarning: The `pop_connection` function is deprecated. Pass the `connection` explicitly instead.
  warnings.warn(
/home/soundharya/todo/env/lib/python3.10/site-packages/rq/connections.py:58: DeprecationWarning: The `push_connection` function is deprecated. Pass the `connection` explicitly instead.
  warnings.warn(
/home/soundharya/todo/env/lib/python3.10/site-packages/google/api_core/_python_version_support.py:266: FutureWarning: You are using a Python version (3.10.12) which Google will stop supporting in new releases of google.api_core once it reaches its end of life (2026-10-04). Please upgrade to the latest Python version, or at least Python 3.11, to continue receiving updates for google.api_core past that date.
  warnings.warn(message, FutureWarning)
/home/soundharya/todo/env/lib/python3.10/site-packages/httplib2/auth.py:19: DeprecationWarning: 'setName' deprecated - use 'set_name'
  token = pp.Word(tchar).setName("token")
/home/soundharya/todo/env/lib/python3.10/site-packages/httplib2/auth.py:20: DeprecationWarning: 'leaveWhitespace' deprecated - use 'leave_whitespace'
  token68 = pp.Combine(pp.Word("-._~+/" + pp.nums + pp.alphas) + pp.Optional(pp.Word("=").leaveWhitespace())).setName(
/home/soundharya/todo/env/lib/python3.10/site-packages/httplib2/auth.py:20: DeprecationWarning: 'setName' deprecated - use 'set_name'
  token68 = pp.Combine(pp.Word("-._~+/" + pp.nums + pp.alphas) + pp.Optional(pp.Word("=").leaveWhitespace())).setName(
/home/soundharya/todo/env/lib/python3.10/site-packages/httplib2/auth.py:24: DeprecationWarning: 'setName' deprecated - use 'set_name'
  quoted_string = pp.dblQuotedString.copy().setName("quoted-string").setParseAction(unquote)
/home/soundharya/todo/env/lib/python3.10/site-packages/httplib2/auth.py:24: DeprecationWarning: 'setParseAction' deprecated - use 'set_parse_action'
  quoted_string = pp.dblQuotedString.copy().setName("quoted-string").setParseAction(unquote)
/home/soundharya/todo/env/lib/python3.10/site-packages/httplib2/auth.py:25: DeprecationWarning: 'setName' deprecated - use 'set_name'
  auth_param_name = token.copy().setName("auth-param-name").addParseAction(downcaseTokens)
/home/soundharya/todo/env/lib/python3.10/site-packages/httplib2/auth.py:25: DeprecationWarning: 'addParseAction' deprecated - use 'add_parse_action'
  auth_param_name = token.copy().setName("auth-param-name").addParseAction(downcaseTokens)
/home/soundharya/todo/env/lib/python3.10/site-packages/httplib2/auth.py:27: DeprecationWarning: 'delimitedList' deprecated - use 'DelimitedList'
  params = pp.Dict(pp.delimitedList(pp.Group(auth_param)))
/home/soundharya/todo/env/lib/python3.10/site-packages/httplib2/auth.py:33: DeprecationWarning: 'delimitedList' deprecated - use 'DelimitedList'
  www_authenticate = pp.delimitedList(pp.Group(challenge))
/home/soundharya/todo/env/lib/python3.10/site-packages/rq/connections.py:72: DeprecationWarning: The `pop_connection` function is deprecated. Pass the `connection` explicitly instead.
  warnings.warn(
/home/soundharya/todo/env/lib/python3.10/site-packages/rq/connections.py:58: DeprecationWarning: The `push_connection` function is deprecated. Pass the `connection` explicitly instead.
  warnings.warn(
/home/soundharya/todo/env/lib/python3.10/site-packages/rq/connections.py:72: DeprecationWarning: The `pop_connection` function is deprecated. Pass the `connection` explicitly instead.
  warnings.warn(
/home/soundharya/todo/env/lib/python3.10/site-packages/rq/connections.py:58: DeprecationWarning: The `push_connection` function is deprecated. Pass the `connection` explicitly instead.
  warnings.warn(
/home/soundharya/todo/env/lib/python3.10/site-packages/rq/connections.py:72: DeprecationWarning: The `pop_connection` function is deprecated. Pass the `connection` explicitly instead.
  warnings.warn(
/home/soundharya/todo/env/lib/python3.10/site-packages/rq/connections.py:58: DeprecationWarning: The `push_connection` function is deprecated. Pass the `connection` explicitly instead.
  warnings.warn(
/home/soundharya/todo/env/lib/python3.10/site-packages/rq/connections.py:72: DeprecationWarning: The `pop_connection` function is deprecated. Pass the `connection` explicitly instead.
  warnings.warn(
/home/soundharya/todo/env/lib/python3.10/site-packages/rq/connections.py:58: DeprecationWarning: The `push_connection` function is deprecated. Pass the `connection` explicitly instead.
  warnings.warn(
/home/soundharya/todo/env/lib/python3.10/site-packages/rq/connections.py:72: DeprecationWarning: The `pop_connection` function is deprecated. Pass the `connection` explicitly instead.
  warnings.warn(
/home/soundharya/todo/env/lib/python3.10/site-packages/rq/connections.py:58: DeprecationWarning: The `push_connection` function is deprecated. Pass the `connection` explicitly instead.
  warnings.warn(
/home/soundharya/todo/env/lib/python3.10/site-packages/google/api_core/_python_version_support.py:266: FutureWarning: You are using a Python version (3.10.12) which Google will stop supporting in new releases of google.api_core once it reaches its end of life (2026-10-04). Please upgrade to the latest Python version, or at least Python 3.11, to continue receiving updates for google.api_core past that date.
  warnings.warn(message, FutureWarning)
/home/soundharya/todo/env/lib/python3.10/site-packages/httplib2/auth.py:19: DeprecationWarning: 'setName' deprecated - use 'set_name'
  token = pp.Word(tchar).setName("token")
/home/soundharya/todo/env/lib/python3.10/site-packages/httplib2/auth.py:20: DeprecationWarning: 'leaveWhitespace' deprecated - use 'leave_whitespace'
  token68 = pp.Combine(pp.Word("-._~+/" + pp.nums + pp.alphas) + pp.Optional(pp.Word("=").leaveWhitespace())).setName(
/home/soundharya/todo/env/lib/python3.10/site-packages/httplib2/auth.py:20: DeprecationWarning: 'setName' deprecated - use 'set_name'
  token68 = pp.Combine(pp.Word("-._~+/" + pp.nums + pp.alphas) + pp.Optional(pp.Word("=").leaveWhitespace())).setName(
/home/soundharya/todo/env/lib/python3.10/site-packages/httplib2/auth.py:24: DeprecationWarning: 'setName' deprecated - use 'set_name'
  quoted_string = pp.dblQuotedString.copy().setName("quoted-string").setParseAction(unquote)
/home/soundharya/todo/env/lib/python3.10/site-packages/httplib2/auth.py:24: DeprecationWarning: 'setParseAction' deprecated - use 'set_parse_action'
  quoted_string = pp.dblQuotedString.copy().setName("quoted-string").setParseAction(unquote)
/home/soundharya/todo/env/lib/python3.10/site-packages/httplib2/auth.py:25: DeprecationWarning: 'setName' deprecated - use 'set_name'
  auth_param_name = token.copy().setName("auth-param-name").addParseAction(downcaseTokens)
/home/soundharya/todo/env/lib/python3.10/site-packages/httplib2/auth.py:25: DeprecationWarning: 'addParseAction' deprecated - use 'add_parse_action'
  auth_param_name = token.copy().setName("auth-param-name").addParseAction(downcaseTokens)
/home/soundharya/todo/env/lib/python3.10/site-packages/httplib2/auth.py:27: DeprecationWarning: 'delimitedList' deprecated - use 'DelimitedList'
  params = pp.Dict(pp.delimitedList(pp.Group(auth_param)))
/home/soundharya/todo/env/lib/python3.10/site-packages/httplib2/auth.py:33: DeprecationWarning: 'delimitedList' deprecated - use 'DelimitedList'
  www_authenticate = pp.delimitedList(pp.Group(challenge))
/home/soundharya/todo/env/lib/python3.10/site-packages/rq/connections.py:72: DeprecationWarning: The `pop_connection` function is deprecated. Pass the `connection` explicitly instead.
  warnings.warn(
/home/soundharya/todo/env/lib/python3.10/site-packages/rq/connections.py:58: DeprecationWarning: The `push_connection` function is deprecated. Pass the `connection` explicitly instead.
  warnings.warn(
/home/soundharya/todo/env/lib/python3.10/site-packages/rq/connections.py:72: DeprecationWarning: The `pop_connection` function is deprecated. Pass the `connection` explicitly instead.
  warnings.warn(
/home/soundharya/todo/env/lib/python3.10/site-packages/rq/connections.py:58: DeprecationWarning: The `push_connection` function is deprecated. Pass the `connection` explicitly instead.
  warnings.warn(
/home/soundharya/todo/env/lib/python3.10/site-packages/rq/connections.py:72: DeprecationWarning: The `pop_connection` function is deprecated. Pass the `connection` explicitly instead.
  warnings.warn(
/home/soundharya/todo/env/lib/python3.10/site-packages/rq/connections.py:58: DeprecationWarning: The `push_connection` function is deprecated. Pass the `connection` explicitly instead.
  warnings.warn(
/home/soundharya/todo/env/lib/python3.10/site-packages/google/api_core/_python_version_support.py:266: FutureWarning: You are using a Python version (3.10.12) which Google will stop supporting in new releases of google.api_core once it reaches its end of life (2026-10-04). Please upgrade to the latest Python version, or at least Python 3.11, to continue receiving updates for google.api_core past that date.
  warnings.warn(message, FutureWarning)
/home/soundharya/todo/env/lib/python3.10/site-packages/httplib2/auth.py:19: DeprecationWarning: 'setName' deprecated - use 'set_name'
  token = pp.Word(tchar).setName("token")
/home/soundharya/todo/env/lib/python3.10/site-packages/httplib2/auth.py:20: DeprecationWarning: 'leaveWhitespace' deprecated - use 'leave_whitespace'
  token68 = pp.Combine(pp.Word("-._~+/" + pp.nums + pp.alphas) + pp.Optional(pp.Word("=").leaveWhitespace())).setName(
/home/soundharya/todo/env/lib/python3.10/site-packages/httplib2/auth.py:20: DeprecationWarning: 'setName' deprecated - use 'set_name'
  token68 = pp.Combine(pp.Word("-._~+/" + pp.nums + pp.alphas) + pp.Optional(pp.Word("=").leaveWhitespace())).setName(
/home/soundharya/todo/env/lib/python3.10/site-packages/httplib2/auth.py:24: DeprecationWarning: 'setName' deprecated - use 'set_name'
  quoted_string = pp.dblQuotedString.copy().setName("quoted-string").setParseAction(unquote)
/home/soundharya/todo/env/lib/python3.10/site-packages/httplib2/auth.py:24: DeprecationWarning: 'setParseAction' deprecated - use 'set_parse_action'
  quoted_string = pp.dblQuotedString.copy().setName("quoted-string").setParseAction(unquote)
/home/soundharya/todo/env/lib/python3.10/site-packages/httplib2/auth.py:25: DeprecationWarning: 'setName' deprecated - use 'set_name'
  auth_param_name = token.copy().setName("auth-param-name").addParseAction(downcaseTokens)
/home/soundharya/todo/env/lib/python3.10/site-packages/httplib2/auth.py:25: DeprecationWarning: 'addParseAction' deprecated - use 'add_parse_action'
  auth_param_name = token.copy().setName("auth-param-name").addParseAction(downcaseTokens)
/home/soundharya/todo/env/lib/python3.10/site-packages/httplib2/auth.py:27: DeprecationWarning: 'delimitedList' deprecated - use 'DelimitedList'
  params = pp.Dict(pp.delimitedList(pp.Group(auth_param)))
/home/soundharya/todo/env/lib/python3.10/site-packages/httplib2/auth.py:33: DeprecationWarning: 'delimitedList' deprecated - use 'DelimitedList'
  www_authenticate = pp.delimitedList(pp.Group(challenge))
/home/soundharya/todo/env/lib/python3.10/site-packages/rq/connections.py:72: DeprecationWarning: The `pop_connection` function is deprecated. Pass the `connection` explicitly instead.
  warnings.warn(
/home/soundharya/todo/env/lib/python3.10/site-packages/rq/connections.py:58: DeprecationWarning: The `push_connection` function is deprecated. Pass the `connection` explicitly instead.
  warnings.warn(
/home/soundharya/todo/env/lib/python3.10/site-packages/rq/connections.py:72: DeprecationWarning: The `pop_connection` function is deprecated. Pass the `connection` explicitly instead.
  warnings.warn(
/home/soundharya/todo/env/lib/python3.10/site-packages/rq/connections.py:58: DeprecationWarning: The `push_connection` function is deprecated. Pass the `connection` explicitly instead.
  warnings.warn(
/home/soundharya/todo/env/lib/python3.10/site-packages/rq/connections.py:72: DeprecationWarning: The `pop_connection` function is deprecated. Pass the `connection` explicitly instead.
  warnings.warn(
/home/soundharya/todo/env/lib/python3.10/site-packages/rq/connections.py:58: DeprecationWarning: The `push_connection` function is deprecated. Pass the `connection` explicitly instead.
  warnings.warn(
/home/soundharya/todo/env/lib/python3.10/site-packages/rq/connections.py:72: DeprecationWarning: The `pop_connection` function is deprecated. Pass the `connection` explicitly instead.
  warnings.warn(
/home/soundharya/todo/env/lib/python3.10/site-packages/rq/connections.py:58: DeprecationWarning: The `push_connection` function is deprecated. Pass the `connection` explicitly instead.
  warnings.warn(
/home/soundharya/todo/env/lib/python3.10/site-packages/rq/connections.py:72: DeprecationWarning: The `pop_connection` function is deprecated. Pass the `connection` explicitly instead.
  warnings.warn(
/home/soundharya/todo/env/lib/python3.10/site-packages/rq/connections.py:58: DeprecationWarning: The `push_connection` function is deprecated. Pass the `connection` explicitly instead.
  warnings.warn(
/home/soundharya/todo/env/lib/python3.10/site-packages/rq/connections.py:72: DeprecationWarning: The `pop_connection` function is deprecated. Pass the `connection` explicitly instead.
  warnings.warn(
/home/soundharya/todo/env/lib/python3.10/site-packages/rq/connections.py:58: DeprecationWarning: The `push_connection` function is deprecated. Pass the `connection` explicitly instead.
  warnings.warn(
/home/soundharya/todo/env/lib/python3.10/site-packages/rq/connections.py:72: DeprecationWarning: The `pop_connection` function is deprecated. Pass the `connection` explicitly instead.
  warnings.warn(
/home/soundharya/todo/env/lib/python3.10/site-packages/rq/connections.py:58: DeprecationWarning: The `push_connection` function is deprecated. Pass the `connection` explicitly instead.
  warnings.warn(
/home/soundharya/todo/env/lib/python3.10/site-packages/rq/connections.py:72: DeprecationWarning: The `pop_connection` function is deprecated. Pass the `connection` explicitly instead.
  warnings.warn(
/home/soundharya/todo/env/lib/python3.10/site-packages/rq/connections.py:58: DeprecationWarning: The `push_connection` function is deprecated. Pass the `connection` explicitly instead.
  warnings.warn(
/home/soundharya/todo/env/lib/python3.10/site-packages/rq/connections.py:72: DeprecationWarning: The `pop_connection` function is deprecated. Pass the `connection` explicitly instead.
  warnings.warn(
/home/soundharya/todo/env/lib/python3.10/site-packages/rq/connections.py:58: DeprecationWarning: The `push_connection` function is deprecated. Pass the `connection` explicitly instead.
  warnings.warn(
/home/soundharya/todo/env/lib/python3.10/site-packages/rq/connections.py:72: DeprecationWarning: The `pop_connection` function is deprecated. Pass the `connection` explicitly instead.
  warnings.warn(
/home/soundharya/todo/env/lib/python3.10/site-packages/rq/connections.py:58: DeprecationWarning: The `push_connection` function is deprecated. Pass the `connection` explicitly instead.
  warnings.warn(
/home/soundharya/todo/env/lib/python3.10/site-packages/rq/connections.py:72: DeprecationWarning: The `pop_connection` function is deprecated. Pass the `connection` explicitly instead.
  warnings.warn(
/home/soundharya/todo/env/lib/python3.10/site-packages/rq/connections.py:58: DeprecationWarning: The `push_connection` function is deprecated. Pass the `connection` explicitly instead.
  warnings.warn(
/home/soundharya/todo/env/lib/python3.10/site-packages/rq/connections.py:72: DeprecationWarning: The `pop_connection` function is deprecated. Pass the `connection` explicitly instead.
  warnings.warn(
/home/soundharya/todo/env/lib/python3.10/site-packages/rq/connections.py:58: DeprecationWarning: The `push_connection` function is deprecated. Pass the `connection` explicitly instead.
  warnings.warn(
/home/soundharya/todo/env/lib/python3.10/site-packages/rq/connections.py:72: DeprecationWarning: The `pop_connection` function is deprecated. Pass the `connection` explicitly instead.
  warnings.warn(
/home/soundharya/todo/env/lib/python3.10/site-packages/rq/connections.py:58: DeprecationWarning: The `push_connection` function is deprecated. Pass the `connection` explicitly instead.
  warnings.warn(
/home/soundharya/todo/env/lib/python3.10/site-packages/rq/connections.py:72: DeprecationWarning: The `pop_connection` function is deprecated. Pass the `connection` explicitly instead.
  warnings.warn(
/home/soundharya/todo/env/lib/python3.10/site-packages/rq/connections.py:58: DeprecationWarning: The `push_connection` function is deprecated. Pass the `connection` explicitly instead.
  warnings.warn(
/home/soundharya/todo/env/lib/python3.10/site-packages/rq/connections.py:72: DeprecationWarning: The `pop_connection` function is deprecated. Pass the `connection` explicitly instead.
  warnings.warn(
/home/soundharya/todo/env/lib/python3.10/site-packages/rq/connections.py:58: DeprecationWarning: The `push_connection` function is deprecated. Pass the `connection` explicitly instead.
  warnings.warn(
/home/soundharya/todo/env/lib/python3.10/site-packages/rq/connections.py:72: DeprecationWarning: The `pop_connection` function is deprecated. Pass the `connection` explicitly instead.
  warnings.warn(
/home/soundharya/todo/env/lib/python3.10/site-packages/rq/connections.py:58: DeprecationWarning: The `push_connection` function is deprecated. Pass the `connection` explicitly instead.
  warnings.warn(
/home/soundharya/todo/env/lib/python3.10/site-packages/rq/connections.py:72: DeprecationWarning: The `pop_connection` function is deprecated. Pass the `connection` explicitly instead.
  warnings.warn(
/home/soundharya/todo/env/lib/python3.10/site-packages/rq/connections.py:58: DeprecationWarning: The `push_connection` function is deprecated. Pass the `connection` explicitly instead.
  warnings.warn(
/home/soundharya/todo/env/lib/python3.10/site-packages/rq/connections.py:72: DeprecationWarning: The `pop_connection` function is deprecated. Pass the `connection` explicitly instead.
  warnings.warn(
/home/soundharya/todo/env/lib/python3.10/site-packages/rq/connections.py:58: DeprecationWarning: The `push_connection` function is deprecated. Pass the `connection` explicitly instead.
  warnings.warn(
/home/soundharya/todo/env/lib/python3.10/site-packages/rq/connections.py:72: DeprecationWarning: The `pop_connection` function is deprecated. Pass the `connection` explicitly instead.
  warnings.warn(
/home/soundharya/todo/env/lib/python3.10/site-packages/rq/connections.py:58: DeprecationWarning: The `push_connection` function is deprecated. Pass the `connection` explicitly instead.
  warnings.warn(
/home/soundharya/todo/env/lib/python3.10/site-packages/rq/connections.py:72: DeprecationWarning: The `pop_connection` function is deprecated. Pass the `connection` explicitly instead.
  warnings.warn(
/home/soundharya/todo/env/lib/python3.10/site-packages/rq/connections.py:58: DeprecationWarning: The `push_connection` function is deprecated. Pass the `connection` explicitly instead.
  warnings.warn(
/home/soundharya/todo/env/lib/python3.10/site-packages/rq/connections.py:72: DeprecationWarning: The `pop_connection` function is deprecated. Pass the `connection` explicitly instead.
  warnings.warn(
/home/soundharya/todo/env/lib/python3.10/site-packages/rq/connections.py:58: DeprecationWarning: The `push_connection` function is deprecated. Pass the `connection` explicitly instead.
  warnings.warn(
/home/soundharya/todo/env/lib/python3.10/site-packages/rq/connections.py:72: DeprecationWarning: The `pop_connection` function is deprecated. Pass the `connection` explicitly instead.
  warnings.warn(
/home/soundharya/todo/env/lib/python3.10/site-packages/rq/connections.py:58: DeprecationWarning: The `push_connection` function is deprecated. Pass the `connection` explicitly instead.
  warnings.warn(
/home/soundharya/todo/env/lib/python3.10/site-packages/rq/connections.py:72: DeprecationWarning: The `pop_connection` function is deprecated. Pass the `connection` explicitly instead.
  warnings.warn(
/home/soundharya/todo/env/lib/python3.10/site-packages/rq/connections.py:58: DeprecationWarning: The `push_connection` function is deprecated. Pass the `connection` explicitly instead.
  warnings.warn(
/home/soundharya/todo/env/lib/python3.10/site-packages/rq/connections.py:72: DeprecationWarning: The `pop_connection` function is deprecated. Pass the `connection` explicitly instead.
  warnings.warn(
/home/soundharya/todo/env/lib/python3.10/site-packages/rq/connections.py:58: DeprecationWarning: The `push_connection` function is deprecated. Pass the `connection` explicitly instead.
  warnings.warn(
/home/soundharya/todo/env/lib/python3.10/site-packages/rq/connections.py:72: DeprecationWarning: The `pop_connection` function is deprecated. Pass the `connection` explicitly instead.
  warnings.warn(
/home/soundharya/todo/env/lib/python3.10/site-packages/rq/connections.py:58: DeprecationWarning: The `push_connection` function is deprecated. Pass the `connection` explicitly instead.
  warnings.warn(
/home/soundharya/todo/env/lib/python3.10/site-packages/google/api_core/_python_version_support.py:266: FutureWarning: You are using a Python version (3.10.12) which Google will stop supporting in new releases of google.api_core once it reaches its end of life (2026-10-04). Please upgrade to the latest Python version, or at least Python 3.11, to continue receiving updates for google.api_core past that date.
  warnings.warn(message, FutureWarning)
/home/soundharya/todo/env/lib/python3.10/site-packages/httplib2/auth.py:19: DeprecationWarning: 'setName' deprecated - use 'set_name'
  token = pp.Word(tchar).setName("token")
/home/soundharya/todo/env/lib/python3.10/site-packages/httplib2/auth.py:20: DeprecationWarning: 'leaveWhitespace' deprecated - use 'leave_whitespace'
  token68 = pp.Combine(pp.Word("-._~+/" + pp.nums + pp.alphas) + pp.Optional(pp.Word("=").leaveWhitespace())).setName(
/home/soundharya/todo/env/lib/python3.10/site-packages/httplib2/auth.py:20: DeprecationWarning: 'setName' deprecated - use 'set_name'
  token68 = pp.Combine(pp.Word("-._~+/" + pp.nums + pp.alphas) + pp.Optional(pp.Word("=").leaveWhitespace())).setName(
/home/soundharya/todo/env/lib/python3.10/site-packages/httplib2/auth.py:24: DeprecationWarning: 'setName' deprecated - use 'set_name'
  quoted_string = pp.dblQuotedString.copy().setName("quoted-string").setParseAction(unquote)
/home/soundharya/todo/env/lib/python3.10/site-packages/httplib2/auth.py:24: DeprecationWarning: 'setParseAction' deprecated - use 'set_parse_action'
  quoted_string = pp.dblQuotedString.copy().setName("quoted-string").setParseAction(unquote)
/home/soundharya/todo/env/lib/python3.10/site-packages/httplib2/auth.py:25: DeprecationWarning: 'setName' deprecated - use 'set_name'
  auth_param_name = token.copy().setName("auth-param-name").addParseAction(downcaseTokens)
/home/soundharya/todo/env/lib/python3.10/site-packages/httplib2/auth.py:25: DeprecationWarning: 'addParseAction' deprecated - use 'add_parse_action'
  auth_param_name = token.copy().setName("auth-param-name").addParseAction(downcaseTokens)
/home/soundharya/todo/env/lib/python3.10/site-packages/httplib2/auth.py:27: DeprecationWarning: 'delimitedList' deprecated - use 'DelimitedList'
  params = pp.Dict(pp.delimitedList(pp.Group(auth_param)))
/home/soundharya/todo/env/lib/python3.10/site-packages/httplib2/auth.py:33: DeprecationWarning: 'delimitedList' deprecated - use 'DelimitedList'
  www_authenticate = pp.delimitedList(pp.Group(challenge))
/home/soundharya/todo/env/lib/python3.10/site-packages/rq/connections.py:72: DeprecationWarning: The `pop_connection` function is deprecated. Pass the `connection` explicitly instead.
  warnings.warn(
/home/soundharya/todo/env/lib/python3.10/site-packages/rq/connections.py:58: DeprecationWarning: The `push_connection` function is deprecated. Pass the `connection` explicitly instead.
  warnings.warn(
/home/soundharya/todo/env/lib/python3.10/site-packages/google/api_core/_python_version_support.py:266: FutureWarning: You are using a Python version (3.10.12) which Google will stop supporting in new releases of google.api_core once it reaches its end of life (2026-10-04). Please upgrade to the latest Python version, or at least Python 3.11, to continue receiving updates for google.api_core past that date.
  warnings.warn(message, FutureWarning)
/home/soundharya/todo/env/lib/python3.10/site-packages/httplib2/auth.py:19: DeprecationWarning: 'setName' deprecated - use 'set_name'
  token = pp.Word(tchar).setName("token")
/home/soundharya/todo/env/lib/python3.10/site-packages/httplib2/auth.py:20: DeprecationWarning: 'leaveWhitespace' deprecated - use 'leave_whitespace'
  token68 = pp.Combine(pp.Word("-._~+/" + pp.nums + pp.alphas) + pp.Optional(pp.Word("=").leaveWhitespace())).setName(
/home/soundharya/todo/env/lib/python3.10/site-packages/httplib2/auth.py:20: DeprecationWarning: 'setName' deprecated - use 'set_name'
  token68 = pp.Combine(pp.Word("-._~+/" + pp.nums + pp.alphas) + pp.Optional(pp.Word("=").leaveWhitespace())).setName(
/home/soundharya/todo/env/lib/python3.10/site-packages/httplib2/auth.py:24: DeprecationWarning: 'setName' deprecated - use 'set_name'
  quoted_string = pp.dblQuotedString.copy().setName("quoted-string").setParseAction(unquote)
/home/soundharya/todo/env/lib/python3.10/site-packages/httplib2/auth.py:24: DeprecationWarning: 'setParseAction' deprecated - use 'set_parse_action'
  quoted_string = pp.dblQuotedString.copy().setName("quoted-string").setParseAction(unquote)
/home/soundharya/todo/env/lib/python3.10/site-packages/httplib2/auth.py:25: DeprecationWarning: 'setName' deprecated - use 'set_name'
  auth_param_name = token.copy().setName("auth-param-name").addParseAction(downcaseTokens)
/home/soundharya/todo/env/lib/python3.10/site-packages/httplib2/auth.py:25: DeprecationWarning: 'addParseAction' deprecated - use 'add_parse_action'
  auth_param_name = token.copy().setName("auth-param-name").addParseAction(downcaseTokens)
/home/soundharya/todo/env/lib/python3.10/site-packages/httplib2/auth.py:27: DeprecationWarning: 'delimitedList' deprecated - use 'DelimitedList'
  params = pp.Dict(pp.delimitedList(pp.Group(auth_param)))
/home/soundharya/todo/env/lib/python3.10/site-packages/httplib2/auth.py:33: DeprecationWarning: 'delimitedList' deprecated - use 'DelimitedList'
  www_authenticate = pp.delimitedList(pp.Group(challenge))
/home/soundharya/todo/env/lib/python3.10/site-packages/rq/connections.py:72: DeprecationWarning: The `pop_connection` function is deprecated. Pass the `connection` explicitly instead.
  warnings.warn(
/home/soundharya/todo/env/lib/python3.10/site-packages/rq/connections.py:58: DeprecationWarning: The `push_connection` function is deprecated. Pass the `connection` explicitly instead.
  warnings.warn(
/home/soundharya/todo/env/lib/python3.10/site-packages/rq/connections.py:72: DeprecationWarning: The `pop_connection` function is deprecated. Pass the `connection` explicitly instead.
  warnings.warn(
/home/soundharya/todo/env/lib/python3.10/site-packages/rq/connections.py:58: DeprecationWarning: The `push_connection` function is deprecated. Pass the `connection` explicitly instead.
  warnings.warn(
/home/soundharya/todo/env/lib/python3.10/site-packages/rq/connections.py:72: DeprecationWarning: The `pop_connection` function is deprecated. Pass the `connection` explicitly instead.
  warnings.warn(
/home/soundharya/todo/env/lib/python3.10/site-packages/rq/connections.py:58: DeprecationWarning: The `push_connection` function is deprecated. Pass the `connection` explicitly instead.
  warnings.warn(
/home/soundharya/todo/env/lib/python3.10/site-packages/rq/connections.py:72: DeprecationWarning: The `pop_connection` function is deprecated. Pass the `connection` explicitly instead.
  warnings.warn(
/home/soundharya/todo/env/lib/python3.10/site-packages/rq/connections.py:58: DeprecationWarning: The `push_connection` function is deprecated. Pass the `connection` explicitly instead.
  warnings.warn(
/home/soundharya/todo/env/lib/python3.10/site-packages/rq/connections.py:72: DeprecationWarning: The `pop_connection` function is deprecated. Pass the `connection` explicitly instead.
  warnings.warn(
/home/soundharya/todo/env/lib/python3.10/site-packages/rq/connections.py:58: DeprecationWarning: The `push_connection` function is deprecated. Pass the `connection` explicitly instead.
  warnings.warn(
/home/soundharya/todo/env/lib/python3.10/site-packages/rq/connections.py:72: DeprecationWarning: The `pop_connection` function is deprecated. Pass the `connection` explicitly instead.
  warnings.warn(
/home/soundharya/todo/env/lib/python3.10/site-packages/rq/connections.py:58: DeprecationWarning: The `push_connection` function is deprecated. Pass the `connection` explicitly instead.
  warnings.warn(
/home/soundharya/todo/env/lib/python3.10/site-packages/google/api_core/_python_version_support.py:266: FutureWarning: You are using a Python version (3.10.12) which Google will stop supporting in new releases of google.api_core once it reaches its end of life (2026-10-04). Please upgrade to the latest Python version, or at least Python 3.11, to continue receiving updates for google.api_core past that date.
  warnings.warn(message, FutureWarning)
/home/soundharya/todo/env/lib/python3.10/site-packages/httplib2/auth.py:19: DeprecationWarning: 'setName' deprecated - use 'set_name'
  token = pp.Word(tchar).setName("token")
/home/soundharya/todo/env/lib/python3.10/site-packages/httplib2/auth.py:20: DeprecationWarning: 'leaveWhitespace' deprecated - use 'leave_whitespace'
  token68 = pp.Combine(pp.Word("-._~+/" + pp.nums + pp.alphas) + pp.Optional(pp.Word("=").leaveWhitespace())).setName(
/home/soundharya/todo/env/lib/python3.10/site-packages/httplib2/auth.py:20: DeprecationWarning: 'setName' deprecated - use 'set_name'
  token68 = pp.Combine(pp.Word("-._~+/" + pp.nums + pp.alphas) + pp.Optional(pp.Word("=").leaveWhitespace())).setName(
/home/soundharya/todo/env/lib/python3.10/site-packages/httplib2/auth.py:24: DeprecationWarning: 'setName' deprecated - use 'set_name'
  quoted_string = pp.dblQuotedString.copy().setName("quoted-string").setParseAction(unquote)
/home/soundharya/todo/env/lib/python3.10/site-packages/httplib2/auth.py:24: DeprecationWarning: 'setParseAction' deprecated - use 'set_parse_action'
  quoted_string = pp.dblQuotedString.copy().setName("quoted-string").setParseAction(unquote)
/home/soundharya/todo/env/lib/python3.10/site-packages/httplib2/auth.py:25: DeprecationWarning: 'setName' deprecated - use 'set_name'
  auth_param_name = token.copy().setName("auth-param-name").addParseAction(downcaseTokens)
/home/soundharya/todo/env/lib/python3.10/site-packages/httplib2/auth.py:25: DeprecationWarning: 'addParseAction' deprecated - use 'add_parse_action'
  auth_param_name = token.copy().setName("auth-param-name").addParseAction(downcaseTokens)
/home/soundharya/todo/env/lib/python3.10/site-packages/httplib2/auth.py:27: DeprecationWarning: 'delimitedList' deprecated - use 'DelimitedList'
  params = pp.Dict(pp.delimitedList(pp.Group(auth_param)))
/home/soundharya/todo/env/lib/python3.10/site-packages/httplib2/auth.py:33: DeprecationWarning: 'delimitedList' deprecated - use 'DelimitedList'
  www_authenticate = pp.delimitedList(pp.Group(challenge))
/home/soundharya/todo/env/lib/python3.10/site-packages/rq/connections.py:72: DeprecationWarning: The `pop_connection` function is deprecated. Pass the `connection` explicitly instead.
  warnings.warn(
/home/soundharya/todo/env/lib/python3.10/site-packages/rq/connections.py:58: DeprecationWarning: The `push_connection` function is deprecated. Pass the `connection` explicitly instead.
  warnings.warn(
/home/soundharya/todo/env/lib/python3.10/site-packages/rq/connections.py:72: DeprecationWarning: The `pop_connection` function is deprecated. Pass the `connection` explicitly instead.
  warnings.warn(
/home/soundharya/todo/env/lib/python3.10/site-packages/rq/connections.py:58: DeprecationWarning: The `push_connection` function is deprecated. Pass the `connection` explicitly instead.
  warnings.warn(
/home/soundharya/todo/env/lib/python3.10/site-packages/rq/connections.py:72: DeprecationWarning: The `pop_connection` function is deprecated. Pass the `connection` explicitly instead.
  warnings.warn(
/home/soundharya/todo/env/lib/python3.10/site-packages/rq/connections.py:58: DeprecationWarning: The `push_connection` function is deprecated. Pass the `connection` explicitly instead.
  warnings.warn(
/home/soundharya/todo/env/lib/python3.10/site-packages/rq/connections.py:72: DeprecationWarning: The `pop_connection` function is deprecated. Pass the `connection` explicitly instead.
  warnings.warn(
/home/soundharya/todo/env/lib/python3.10/site-packages/rq/connections.py:58: DeprecationWarning: The `push_connection` function is deprecated. Pass the `connection` explicitly instead.
  warnings.warn(
/home/soundharya/todo/env/lib/python3.10/site-packages/rq/connections.py:72: DeprecationWarning: The `pop_connection` function is deprecated. Pass the `connection` explicitly instead.
  warnings.warn(
/home/soundharya/todo/env/lib/python3.10/site-packages/rq/connections.py:58: DeprecationWarning: The `push_connection` function is deprecated. Pass the `connection` explicitly instead.
  warnings.warn(
/home/soundharya/todo/env/lib/python3.10/site-packages/rq/connections.py:72: DeprecationWarning: The `pop_connection` function is deprecated. Pass the `connection` explicitly instead.
  warnings.warn(
/home/soundharya/todo/env/lib/python3.10/site-packages/rq/connections.py:58: DeprecationWarning: The `push_connection` function is deprecated. Pass the `connection` explicitly instead.
  warnings.warn(
/home/soundharya/todo/env/lib/python3.10/site-packages/rq/connections.py:72: DeprecationWarning: The `pop_connection` function is deprecated. Pass the `connection` explicitly instead.
  warnings.warn(
/home/soundharya/todo/env/lib/python3.10/site-packages/rq/connections.py:58: DeprecationWarning: The `push_connection` function is deprecated. Pass the `connection` explicitly instead.
  warnings.warn(
/home/soundharya/todo/env/lib/python3.10/site-packages/rq/connections.py:72: DeprecationWarning: The `pop_connection` function is deprecated. Pass the `connection` explicitly instead.
  warnings.warn(
/home/soundharya/todo/env/lib/python3.10/site-packages/rq/connections.py:58: DeprecationWarning: The `push_connection` function is deprecated. Pass the `connection` explicitly instead.
  warnings.warn(
/home/soundharya/todo/env/lib/python3.10/site-packages/rq/connections.py:72: DeprecationWarning: The `pop_connection` function is deprecated. Pass the `connection` explicitly instead.
  warnings.warn(
/home/soundharya/todo/env/lib/python3.10/site-packages/rq/connections.py:58: DeprecationWarning: The `push_connection` function is deprecated. Pass the `connection` explicitly instead.
  warnings.warn(
/home/soundharya/todo/env/lib/python3.10/site-packages/rq/connections.py:72: DeprecationWarning: The `pop_connection` function is deprecated. Pass the `connection` explicitly instead.
  warnings.warn(
/home/soundharya/todo/env/lib/python3.10/site-packages/rq/connections.py:58: DeprecationWarning: The `push_connection` function is deprecated. Pass the `connection` explicitly instead.
  warnings.warn(
/home/soundharya/todo/env/lib/python3.10/site-packages/rq/connections.py:72: DeprecationWarning: The `pop_connection` function is deprecated. Pass the `connection` explicitly instead.
  warnings.warn(
/home/soundharya/todo/env/lib/python3.10/site-packages/rq/connections.py:58: DeprecationWarning: The `push_connection` function is deprecated. Pass the `connection` explicitly instead.
  warnings.warn(
/home/soundharya/todo/env/lib/python3.10/site-packages/google/api_core/_python_version_support.py:266: FutureWarning: You are using a Python version (3.10.12) which Google will stop supporting in new releases of google.api_core once it reaches its end of life (2026-10-04). Please upgrade to the latest Python version, or at least Python 3.11, to continue receiving updates for google.api_core past that date.
  warnings.warn(message, FutureWarning)
/home/soundharya/todo/env/lib/python3.10/site-packages/httplib2/auth.py:19: DeprecationWarning: 'setName' deprecated - use 'set_name'
  token = pp.Word(tchar).setName("token")
/home/soundharya/todo/env/lib/python3.10/site-packages/httplib2/auth.py:20: DeprecationWarning: 'leaveWhitespace' deprecated - use 'leave_whitespace'
  token68 = pp.Combine(pp.Word("-._~+/" + pp.nums + pp.alphas) + pp.Optional(pp.Word("=").leaveWhitespace())).setName(
/home/soundharya/todo/env/lib/python3.10/site-packages/httplib2/auth.py:20: DeprecationWarning: 'setName' deprecated - use 'set_name'
  token68 = pp.Combine(pp.Word("-._~+/" + pp.nums + pp.alphas) + pp.Optional(pp.Word("=").leaveWhitespace())).setName(
/home/soundharya/todo/env/lib/python3.10/site-packages/httplib2/auth.py:24: DeprecationWarning: 'setName' deprecated - use 'set_name'
  quoted_string = pp.dblQuotedString.copy().setName("quoted-string").setParseAction(unquote)
/home/soundharya/todo/env/lib/python3.10/site-packages/httplib2/auth.py:24: DeprecationWarning: 'setParseAction' deprecated - use 'set_parse_action'
  quoted_string = pp.dblQuotedString.copy().setName("quoted-string").setParseAction(unquote)
/home/soundharya/todo/env/lib/python3.10/site-packages/httplib2/auth.py:25: DeprecationWarning: 'setName' deprecated - use 'set_name'
  auth_param_name = token.copy().setName("auth-param-name").addParseAction(downcaseTokens)
/home/soundharya/todo/env/lib/python3.10/site-packages/httplib2/auth.py:25: DeprecationWarning: 'addParseAction' deprecated - use 'add_parse_action'
  auth_param_name = token.copy().setName("auth-param-name").addParseAction(downcaseTokens)
/home/soundharya/todo/env/lib/python3.10/site-packages/httplib2/auth.py:27: DeprecationWarning: 'delimitedList' deprecated - use 'DelimitedList'
  params = pp.Dict(pp.delimitedList(pp.Group(auth_param)))
/home/soundharya/todo/env/lib/python3.10/site-packages/httplib2/auth.py:33: DeprecationWarning: 'delimitedList' deprecated - use 'DelimitedList'
  www_authenticate = pp.delimitedList(pp.Group(challenge))
/home/soundharya/todo/env/lib/python3.10/site-packages/rq/connections.py:72: DeprecationWarning: The `pop_connection` function is deprecated. Pass the `connection` explicitly instead.
  warnings.warn(
/home/soundharya/todo/env/lib/python3.10/site-packages/rq/connections.py:58: DeprecationWarning: The `push_connection` function is deprecated. Pass the `connection` explicitly instead.
  warnings.warn(
/home/soundharya/todo/env/lib/python3.10/site-packages/rq/connections.py:72: DeprecationWarning: The `pop_connection` function is deprecated. Pass the `connection` explicitly instead.
  warnings.warn(
/home/soundharya/todo/env/lib/python3.10/site-packages/rq/connections.py:58: DeprecationWarning: The `push_connection` function is deprecated. Pass the `connection` explicitly instead.
  warnings.warn(
/home/soundharya/todo/env/lib/python3.10/site-packages/rq/connections.py:72: DeprecationWarning: The `pop_connection` function is deprecated. Pass the `connection` explicitly instead.
  warnings.warn(
/home/soundharya/todo/env/lib/python3.10/site-packages/rq/connections.py:58: DeprecationWarning: The `push_connection` function is deprecated. Pass the `connection` explicitly instead.
  warnings.warn(
/home/soundharya/todo/env/lib/python3.10/site-packages/rq/connections.py:72: DeprecationWarning: The `pop_connection` function is deprecated. Pass the `connection` explicitly instead.
  warnings.warn(
/home/soundharya/todo/env/lib/python3.10/site-packages/rq/connections.py:58: DeprecationWarning: The `push_connection` function is deprecated. Pass the `connection` explicitly instead.
  warnings.warn(
/home/soundharya/todo/env/lib/python3.10/site-packages/google/api_core/_python_version_support.py:266: FutureWarning: You are using a Python version (3.10.12) which Google will stop supporting in new releases of google.api_core once it reaches its end of life (2026-10-04). Please upgrade to the latest Python version, or at least Python 3.11, to continue receiving updates for google.api_core past that date.
  warnings.warn(message, FutureWarning)
/home/soundharya/todo/env/lib/python3.10/site-packages/httplib2/auth.py:19: DeprecationWarning: 'setName' deprecated - use 'set_name'
  token = pp.Word(tchar).setName("token")
/home/soundharya/todo/env/lib/python3.10/site-packages/httplib2/auth.py:20: DeprecationWarning: 'leaveWhitespace' deprecated - use 'leave_whitespace'
  token68 = pp.Combine(pp.Word("-._~+/" + pp.nums + pp.alphas) + pp.Optional(pp.Word("=").leaveWhitespace())).setName(
/home/soundharya/todo/env/lib/python3.10/site-packages/httplib2/auth.py:20: DeprecationWarning: 'setName' deprecated - use 'set_name'
  token68 = pp.Combine(pp.Word("-._~+/" + pp.nums + pp.alphas) + pp.Optional(pp.Word("=").leaveWhitespace())).setName(
/home/soundharya/todo/env/lib/python3.10/site-packages/httplib2/auth.py:24: DeprecationWarning: 'setName' deprecated - use 'set_name'
  quoted_string = pp.dblQuotedString.copy().setName("quoted-string").setParseAction(unquote)
/home/soundharya/todo/env/lib/python3.10/site-packages/httplib2/auth.py:24: DeprecationWarning: 'setParseAction' deprecated - use 'set_parse_action'
  quoted_string = pp.dblQuotedString.copy().setName("quoted-string").setParseAction(unquote)
/home/soundharya/todo/env/lib/python3.10/site-packages/httplib2/auth.py:25: DeprecationWarning: 'setName' deprecated - use 'set_name'
  auth_param_name = token.copy().setName("auth-param-name").addParseAction(downcaseTokens)
/home/soundharya/todo/env/lib/python3.10/site-packages/httplib2/auth.py:25: DeprecationWarning: 'addParseAction' deprecated - use 'add_parse_action'
  auth_param_name = token.copy().setName("auth-param-name").addParseAction(downcaseTokens)
/home/soundharya/todo/env/lib/python3.10/site-packages/httplib2/auth.py:27: DeprecationWarning: 'delimitedList' deprecated - use 'DelimitedList'
  params = pp.Dict(pp.delimitedList(pp.Group(auth_param)))
/home/soundharya/todo/env/lib/python3.10/site-packages/httplib2/auth.py:33: DeprecationWarning: 'delimitedList' deprecated - use 'DelimitedList'
  www_authenticate = pp.delimitedList(pp.Group(challenge))
/home/soundharya/todo/env/lib/python3.10/site-packages/rq/connections.py:72: DeprecationWarning: The `pop_connection` function is deprecated. Pass the `connection` explicitly instead.
  warnings.warn(
/home/soundharya/todo/env/lib/python3.10/site-packages/rq/connections.py:58: DeprecationWarning: The `push_connection` function is deprecated. Pass the `connection` explicitly instead.
  warnings.warn(
/home/soundharya/todo/env/lib/python3.10/site-packages/rq/connections.py:72: DeprecationWarning: The `pop_connection` function is deprecated. Pass the `connection` explicitly instead.
  warnings.warn(
/home/soundharya/todo/env/lib/python3.10/site-packages/rq/connections.py:58: DeprecationWarning: The `push_connection` function is deprecated. Pass the `connection` explicitly instead.
  warnings.warn(
/home/soundharya/todo/env/lib/python3.10/site-packages/rq/connections.py:72: DeprecationWarning: The `pop_connection` function is deprecated. Pass the `connection` explicitly instead.
  warnings.warn(
/home/soundharya/todo/env/lib/python3.10/site-packages/rq/connections.py:58: DeprecationWarning: The `push_connection` function is deprecated. Pass the `connection` explicitly instead.
  warnings.warn(
/home/soundharya/todo/env/lib/python3.10/site-packages/rq/connections.py:72: DeprecationWarning: The `pop_connection` function is deprecated. Pass the `connection` explicitly instead.
  warnings.warn(
/home/soundharya/todo/env/lib/python3.10/site-packages/rq/connections.py:58: DeprecationWarning: The `push_connection` function is deprecated. Pass the `connection` explicitly instead.
  warnings.warn(
/home/soundharya/todo/env/lib/python3.10/site-packages/rq/connections.py:72: DeprecationWarning: The `pop_connection` function is deprecated. Pass the `connection` explicitly instead.
  warnings.warn(
/home/soundharya/todo/env/lib/python3.10/site-packages/rq/connections.py:58: DeprecationWarning: The `push_connection` function is deprecated. Pass the `connection` explicitly instead.
  warnings.warn(
/home/soundharya/todo/env/lib/python3.10/site-packages/rq/connections.py:72: DeprecationWarning: The `pop_connection` function is deprecated. Pass the `connection` explicitly instead.
  warnings.warn(
/home/soundharya/todo/env/lib/python3.10/site-packages/rq/connections.py:58: DeprecationWarning: The `push_connection` function is deprecated. Pass the `connection` explicitly instead.
  warnings.warn(
/home/soundharya/todo/env/lib/python3.10/site-packages/rq/connections.py:72: DeprecationWarning: The `pop_connection` function is deprecated. Pass the `connection` explicitly instead.
  warnings.warn(
/home/soundharya/todo/env/lib/python3.10/site-packages/rq/connections.py:58: DeprecationWarning: The `push_connection` function is deprecated. Pass the `connection` explicitly instead.
  warnings.warn(
/home/soundharya/todo/env/lib/python3.10/site-packages/google/api_core/_python_version_support.py:266: FutureWarning: You are using a Python version (3.10.12) which Google will stop supporting in new releases of google.api_core once it reaches its end of life (2026-10-04). Please upgrade to the latest Python version, or at least Python 3.11, to continue receiving updates for google.api_core past that date.
  warnings.warn(message, FutureWarning)
/home/soundharya/todo/env/lib/python3.10/site-packages/httplib2/auth.py:19: DeprecationWarning: 'setName' deprecated - use 'set_name'
  token = pp.Word(tchar).setName("token")
/home/soundharya/todo/env/lib/python3.10/site-packages/httplib2/auth.py:20: DeprecationWarning: 'leaveWhitespace' deprecated - use 'leave_whitespace'
  token68 = pp.Combine(pp.Word("-._~+/" + pp.nums + pp.alphas) + pp.Optional(pp.Word("=").leaveWhitespace())).setName(
/home/soundharya/todo/env/lib/python3.10/site-packages/httplib2/auth.py:20: DeprecationWarning: 'setName' deprecated - use 'set_name'
  token68 = pp.Combine(pp.Word("-._~+/" + pp.nums + pp.alphas) + pp.Optional(pp.Word("=").leaveWhitespace())).setName(
/home/soundharya/todo/env/lib/python3.10/site-packages/httplib2/auth.py:24: DeprecationWarning: 'setName' deprecated - use 'set_name'
  quoted_string = pp.dblQuotedString.copy().setName("quoted-string").setParseAction(unquote)
/home/soundharya/todo/env/lib/python3.10/site-packages/httplib2/auth.py:24: DeprecationWarning: 'setParseAction' deprecated - use 'set_parse_action'
  quoted_string = pp.dblQuotedString.copy().setName("quoted-string").setParseAction(unquote)
/home/soundharya/todo/env/lib/python3.10/site-packages/httplib2/auth.py:25: DeprecationWarning: 'setName' deprecated - use 'set_name'
  auth_param_name = token.copy().setName("auth-param-name").addParseAction(downcaseTokens)
/home/soundharya/todo/env/lib/python3.10/site-packages/httplib2/auth.py:25: DeprecationWarning: 'addParseAction' deprecated - use 'add_parse_action'
  auth_param_name = token.copy().setName("auth-param-name").addParseAction(downcaseTokens)
/home/soundharya/todo/env/lib/python3.10/site-packages/httplib2/auth.py:27: DeprecationWarning: 'delimitedList' deprecated - use 'DelimitedList'
  params = pp.Dict(pp.delimitedList(pp.Group(auth_param)))
/home/soundharya/todo/env/lib/python3.10/site-packages/httplib2/auth.py:33: DeprecationWarning: 'delimitedList' deprecated - use 'DelimitedList'
  www_authenticate = pp.delimitedList(pp.Group(challenge))
/home/soundharya/todo/env/lib/python3.10/site-packages/rq/connections.py:72: DeprecationWarning: The `pop_connection` function is deprecated. Pass the `connection` explicitly instead.
  warnings.warn(
/home/soundharya/todo/env/lib/python3.10/site-packages/rq/connections.py:58: DeprecationWarning: The `push_connection` function is deprecated. Pass the `connection` explicitly instead.
  warnings.warn(
/home/soundharya/todo/env/lib/python3.10/site-packages/rq/connections.py:72: DeprecationWarning: The `pop_connection` function is deprecated. Pass the `connection` explicitly instead.
  warnings.warn(
/home/soundharya/todo/env/lib/python3.10/site-packages/rq/connections.py:58: DeprecationWarning: The `push_connection` function is deprecated. Pass the `connection` explicitly instead.
  warnings.warn(
/home/soundharya/todo/env/lib/python3.10/site-packages/rq/connections.py:72: DeprecationWarning: The `pop_connection` function is deprecated. Pass the `connection` explicitly instead.
  warnings.warn(
/home/soundharya/todo/env/lib/python3.10/site-packages/rq/connections.py:58: DeprecationWarning: The `push_connection` function is deprecated. Pass the `connection` explicitly instead.
  warnings.warn(
/home/soundharya/todo/env/lib/python3.10/site-packages/google/api_core/_python_version_support.py:266: FutureWarning: You are using a Python version (3.10.12) which Google will stop supporting in new releases of google.api_core once it reaches its end of life (2026-10-04). Please upgrade to the latest Python version, or at least Python 3.11, to continue receiving updates for google.api_core past that date.
  warnings.warn(message, FutureWarning)
/home/soundharya/todo/env/lib/python3.10/site-packages/httplib2/auth.py:19: DeprecationWarning: 'setName' deprecated - use 'set_name'
  token = pp.Word(tchar).setName("token")
/home/soundharya/todo/env/lib/python3.10/site-packages/httplib2/auth.py:20: DeprecationWarning: 'leaveWhitespace' deprecated - use 'leave_whitespace'
  token68 = pp.Combine(pp.Word("-._~+/" + pp.nums + pp.alphas) + pp.Optional(pp.Word("=").leaveWhitespace())).setName(
/home/soundharya/todo/env/lib/python3.10/site-packages/httplib2/auth.py:20: DeprecationWarning: 'setName' deprecated - use 'set_name'
  token68 = pp.Combine(pp.Word("-._~+/" + pp.nums + pp.alphas) + pp.Optional(pp.Word("=").leaveWhitespace())).setName(
/home/soundharya/todo/env/lib/python3.10/site-packages/httplib2/auth.py:24: DeprecationWarning: 'setName' deprecated - use 'set_name'
  quoted_string = pp.dblQuotedString.copy().setName("quoted-string").setParseAction(unquote)
/home/soundharya/todo/env/lib/python3.10/site-packages/httplib2/auth.py:24: DeprecationWarning: 'setParseAction' deprecated - use 'set_parse_action'
  quoted_string = pp.dblQuotedString.copy().setName("quoted-string").setParseAction(unquote)
/home/soundharya/todo/env/lib/python3.10/site-packages/httplib2/auth.py:25: DeprecationWarning: 'setName' deprecated - use 'set_name'
  auth_param_name = token.copy().setName("auth-param-name").addParseAction(downcaseTokens)
/home/soundharya/todo/env/lib/python3.10/site-packages/httplib2/auth.py:25: DeprecationWarning: 'addParseAction' deprecated - use 'add_parse_action'
  auth_param_name = token.copy().setName("auth-param-name").addParseAction(downcaseTokens)
/home/soundharya/todo/env/lib/python3.10/site-packages/httplib2/auth.py:27: DeprecationWarning: 'delimitedList' deprecated - use 'DelimitedList'
  params = pp.Dict(pp.delimitedList(pp.Group(auth_param)))
/home/soundharya/todo/env/lib/python3.10/site-packages/httplib2/auth.py:33: DeprecationWarning: 'delimitedList' deprecated - use 'DelimitedList'
  www_authenticate = pp.delimitedList(pp.Group(challenge))
/home/soundharya/todo/env/lib/python3.10/site-packages/rq/connections.py:72: DeprecationWarning: The `pop_connection` function is deprecated. Pass the `connection` explicitly instead.
  warnings.warn(
/home/soundharya/todo/env/lib/python3.10/site-packages/rq/connections.py:58: DeprecationWarning: The `push_connection` function is deprecated. Pass the `connection` explicitly instead.
  warnings.warn(
/home/soundharya/todo/env/lib/python3.10/site-packages/rq/connections.py:72: DeprecationWarning: The `pop_connection` function is deprecated. Pass the `connection` explicitly instead.
  warnings.warn(
/home/soundharya/todo/env/lib/python3.10/site-packages/rq/connections.py:58: DeprecationWarning: The `push_connection` function is deprecated. Pass the `connection` explicitly instead.
  warnings.warn(
/home/soundharya/todo/env/lib/python3.10/site-packages/rq/connections.py:72: DeprecationWarning: The `pop_connection` function is deprecated. Pass the `connection` explicitly instead.
  warnings.warn(
/home/soundharya/todo/env/lib/python3.10/site-packages/rq/connections.py:58: DeprecationWarning: The `push_connection` function is deprecated. Pass the `connection` explicitly instead.
  warnings.warn(
/home/soundharya/todo/env/lib/python3.10/site-packages/rq/connections.py:72: DeprecationWarning: The `pop_connection` function is deprecated. Pass the `connection` explicitly instead.
  warnings.warn(
/home/soundharya/todo/env/lib/python3.10/site-packages/rq/connections.py:58: DeprecationWarning: The `push_connection` function is deprecated. Pass the `connection` explicitly instead.
  warnings.warn(
/home/soundharya/todo/env/lib/python3.10/site-packages/rq/connections.py:72: DeprecationWarning: The `pop_connection` function is deprecated. Pass the `connection` explicitly instead.
  warnings.warn(
/home/soundharya/todo/env/lib/python3.10/site-packages/rq/connections.py:58: DeprecationWarning: The `push_connection` function is deprecated. Pass the `connection` explicitly instead.
  warnings.warn(
/home/soundharya/todo/env/lib/python3.10/site-packages/rq/connections.py:72: DeprecationWarning: The `pop_connection` function is deprecated. Pass the `connection` explicitly instead.
  warnings.warn(
/home/soundharya/todo/env/lib/python3.10/site-packages/rq/connections.py:58: DeprecationWarning: The `push_connection` function is deprecated. Pass the `connection` explicitly instead.
  warnings.warn(
/home/soundharya/todo/env/lib/python3.10/site-packages/google/api_core/_python_version_support.py:266: FutureWarning: You are using a Python version (3.10.12) which Google will stop supporting in new releases of google.api_core once it reaches its end of life (2026-10-04). Please upgrade to the latest Python version, or at least Python 3.11, to continue receiving updates for google.api_core past that date.
  warnings.warn(message, FutureWarning)
/home/soundharya/todo/env/lib/python3.10/site-packages/httplib2/auth.py:19: DeprecationWarning: 'setName' deprecated - use 'set_name'
  token = pp.Word(tchar).setName("token")
/home/soundharya/todo/env/lib/python3.10/site-packages/httplib2/auth.py:20: DeprecationWarning: 'leaveWhitespace' deprecated - use 'leave_whitespace'
  token68 = pp.Combine(pp.Word("-._~+/" + pp.nums + pp.alphas) + pp.Optional(pp.Word("=").leaveWhitespace())).setName(
/home/soundharya/todo/env/lib/python3.10/site-packages/httplib2/auth.py:20: DeprecationWarning: 'setName' deprecated - use 'set_name'
  token68 = pp.Combine(pp.Word("-._~+/" + pp.nums + pp.alphas) + pp.Optional(pp.Word("=").leaveWhitespace())).setName(
/home/soundharya/todo/env/lib/python3.10/site-packages/httplib2/auth.py:24: DeprecationWarning: 'setName' deprecated - use 'set_name'
  quoted_string = pp.dblQuotedString.copy().setName("quoted-string").setParseAction(unquote)
/home/soundharya/todo/env/lib/python3.10/site-packages/httplib2/auth.py:24: DeprecationWarning: 'setParseAction' deprecated - use 'set_parse_action'
  quoted_string = pp.dblQuotedString.copy().setName("quoted-string").setParseAction(unquote)
/home/soundharya/todo/env/lib/python3.10/site-packages/httplib2/auth.py:25: DeprecationWarning: 'setName' deprecated - use 'set_name'
  auth_param_name = token.copy().setName("auth-param-name").addParseAction(downcaseTokens)
/home/soundharya/todo/env/lib/python3.10/site-packages/httplib2/auth.py:25: DeprecationWarning: 'addParseAction' deprecated - use 'add_parse_action'
  auth_param_name = token.copy().setName("auth-param-name").addParseAction(downcaseTokens)
/home/soundharya/todo/env/lib/python3.10/site-packages/httplib2/auth.py:27: DeprecationWarning: 'delimitedList' deprecated - use 'DelimitedList'
  params = pp.Dict(pp.delimitedList(pp.Group(auth_param)))
/home/soundharya/todo/env/lib/python3.10/site-packages/httplib2/auth.py:33: DeprecationWarning: 'delimitedList' deprecated - use 'DelimitedList'
  www_authenticate = pp.delimitedList(pp.Group(challenge))
/home/soundharya/todo/env/lib/python3.10/site-packages/rq/connections.py:72: DeprecationWarning: The `pop_connection` function is deprecated. Pass the `connection` explicitly instead.
  warnings.warn(
/home/soundharya/todo/env/lib/python3.10/site-packages/rq/connections.py:58: DeprecationWarning: The `push_connection` function is deprecated. Pass the `connection` explicitly instead.
  warnings.warn(
/home/soundharya/todo/env/lib/python3.10/site-packages/rq/connections.py:72: DeprecationWarning: The `pop_connection` function is deprecated. Pass the `connection` explicitly instead.
  warnings.warn(
/home/soundharya/todo/env/lib/python3.10/site-packages/rq/connections.py:58: DeprecationWarning: The `push_connection` function is deprecated. Pass the `connection` explicitly instead.
  warnings.warn(
/home/soundharya/todo/env/lib/python3.10/site-packages/rq/connections.py:72: DeprecationWarning: The `pop_connection` function is deprecated. Pass the `connection` explicitly instead.
  warnings.warn(
/home/soundharya/todo/env/lib/python3.10/site-packages/rq/connections.py:58: DeprecationWarning: The `push_connection` function is deprecated. Pass the `connection` explicitly instead.
  warnings.warn(
/home/soundharya/todo/env/lib/python3.10/site-packages/rq/connections.py:72: DeprecationWarning: The `pop_connection` function is deprecated. Pass the `connection` explicitly instead.
  warnings.warn(
/home/soundharya/todo/env/lib/python3.10/site-packages/rq/connections.py:58: DeprecationWarning: The `push_connection` function is deprecated. Pass the `connection` explicitly instead.
  warnings.warn(
/home/soundharya/todo/env/lib/python3.10/site-packages/rq/connections.py:72: DeprecationWarning: The `pop_connection` function is deprecated. Pass the `connection` explicitly instead.
  warnings.warn(
/home/soundharya/todo/env/lib/python3.10/site-packages/rq/connections.py:58: DeprecationWarning: The `push_connection` function is deprecated. Pass the `connection` explicitly instead.
  warnings.warn(
/home/soundharya/todo/env/lib/python3.10/site-packages/rq/connections.py:72: DeprecationWarning: The `pop_connection` function is deprecated. Pass the `connection` explicitly instead.
  warnings.warn(
/home/soundharya/todo/env/lib/python3.10/site-packages/rq/connections.py:58: DeprecationWarning: The `push_connection` function is deprecated. Pass the `connection` explicitly instead.
  warnings.warn(
/home/soundharya/todo/env/lib/python3.10/site-packages/rq/connections.py:72: DeprecationWarning: The `pop_connection` function is deprecated. Pass the `connection` explicitly instead.
  warnings.warn(
/home/soundharya/todo/env/lib/python3.10/site-packages/rq/connections.py:58: DeprecationWarning: The `push_connection` function is deprecated. Pass the `connection` explicitly instead.
  warnings.warn(
/home/soundharya/todo/env/lib/python3.10/site-packages/rq/connections.py:72: DeprecationWarning: The `pop_connection` function is deprecated. Pass the `connection` explicitly instead.
  warnings.warn(
/home/soundharya/todo/env/lib/python3.10/site-packages/rq/connections.py:58: DeprecationWarning: The `push_connection` function is deprecated. Pass the `connection` explicitly instead.
  warnings.warn(
/home/soundharya/todo/env/lib/python3.10/site-packages/rq/connections.py:72: DeprecationWarning: The `pop_connection` function is deprecated. Pass the `connection` explicitly instead.
  warnings.warn(
/home/soundharya/todo/env/lib/python3.10/site-packages/rq/connections.py:58: DeprecationWarning: The `push_connection` function is deprecated. Pass the `connection` explicitly instead.
  warnings.warn(
/home/soundharya/todo/env/lib/python3.10/site-packages/rq/connections.py:72: DeprecationWarning: The `pop_connection` function is deprecated. Pass the `connection` explicitly instead.
  warnings.warn(
/home/soundharya/todo/env/lib/python3.10/site-packages/rq/connections.py:58: DeprecationWarning: The `push_connection` function is deprecated. Pass the `connection` explicitly instead.
  warnings.warn(
/home/soundharya/todo/env/lib/python3.10/site-packages/rq/connections.py:72: DeprecationWarning: The `pop_connection` function is deprecated. Pass the `connection` explicitly instead.
  warnings.warn(
/home/soundharya/todo/env/lib/python3.10/site-packages/rq/connections.py:58: DeprecationWarning: The `push_connection` function is deprecated. Pass the `connection` explicitly instead.
  warnings.warn(
/home/soundharya/todo/env/lib/python3.10/site-packages/rq/connections.py:72: DeprecationWarning: The `pop_connection` function is deprecated. Pass the `connection` explicitly instead.
  warnings.warn(
/home/soundharya/todo/env/lib/python3.10/site-packages/rq/connections.py:58: DeprecationWarning: The `push_connection` function is deprecated. Pass the `connection` explicitly instead.
  warnings.warn(
/home/soundharya/todo/env/lib/python3.10/site-packages/rq/connections.py:72: DeprecationWarning: The `pop_connection` function is deprecated. Pass the `connection` explicitly instead.
  warnings.warn(
/home/soundharya/todo/env/lib/python3.10/site-packages/rq/connections.py:58: DeprecationWarning: The `push_connection` function is deprecated. Pass the `connection` explicitly instead.
  warnings.warn(
/home/soundharya/todo/env/lib/python3.10/site-packages/rq/connections.py:72: DeprecationWarning: The `pop_connection` function is deprecated. Pass the `connection` explicitly instead.
  warnings.warn(
/home/soundharya/todo/env/lib/python3.10/site-packages/rq/connections.py:58: DeprecationWarning: The `push_connection` function is deprecated. Pass the `connection` explicitly instead.
  warnings.warn(
/home/soundharya/todo/env/lib/python3.10/site-packages/rq/connections.py:72: DeprecationWarning: The `pop_connection` function is deprecated. Pass the `connection` explicitly instead.
  warnings.warn(
/home/soundharya/todo/env/lib/python3.10/site-packages/rq/connections.py:58: DeprecationWarning: The `push_connection` function is deprecated. Pass the `connection` explicitly instead.
  warnings.warn(
/home/soundharya/todo/env/lib/python3.10/site-packages/rq/connections.py:72: DeprecationWarning: The `pop_connection` function is deprecated. Pass the `connection` explicitly instead.
  warnings.warn(
/home/soundharya/todo/env/lib/python3.10/site-packages/rq/connections.py:58: DeprecationWarning: The `push_connection` function is deprecated. Pass the `connection` explicitly instead.
  warnings.warn(
/home/soundharya/todo/env/lib/python3.10/site-packages/rq/connections.py:72: DeprecationWarning: The `pop_connection` function is deprecated. Pass the `connection` explicitly instead.
  warnings.warn(
/home/soundharya/todo/env/lib/python3.10/site-packages/rq/connections.py:58: DeprecationWarning: The `push_connection` function is deprecated. Pass the `connection` explicitly instead.
  warnings.warn(
/home/soundharya/todo/env/lib/python3.10/site-packages/rq/connections.py:72: DeprecationWarning: The `pop_connection` function is deprecated. Pass the `connection` explicitly instead.
  warnings.warn(
/home/soundharya/todo/env/lib/python3.10/site-packages/rq/connections.py:58: DeprecationWarning: The `push_connection` function is deprecated. Pass the `connection` explicitly instead.
  warnings.warn(
/home/soundharya/todo/env/lib/python3.10/site-packages/rq/connections.py:72: DeprecationWarning: The `pop_connection` function is deprecated. Pass the `connection` explicitly instead.
  warnings.warn(
/home/soundharya/todo/env/lib/python3.10/site-packages/rq/connections.py:58: DeprecationWarning: The `push_connection` function is deprecated. Pass the `connection` explicitly instead.
  warnings.warn(
/home/soundharya/todo/env/lib/python3.10/site-packages/rq/connections.py:72: DeprecationWarning: The `pop_connection` function is deprecated. Pass the `connection` explicitly instead.
  warnings.warn(
/home/soundharya/todo/env/lib/python3.10/site-packages/rq/connections.py:58: DeprecationWarning: The `push_connection` function is deprecated. Pass the `connection` explicitly instead.
  warnings.warn(
/home/soundharya/todo/env/lib/python3.10/site-packages/google/api_core/_python_version_support.py:266: FutureWarning: You are using a Python version (3.10.12) which Google will stop supporting in new releases of google.api_core once it reaches its end of life (2026-10-04). Please upgrade to the latest Python version, or at least Python 3.11, to continue receiving updates for google.api_core past that date.
  warnings.warn(message, FutureWarning)
/home/soundharya/todo/env/lib/python3.10/site-packages/httplib2/auth.py:19: DeprecationWarning: 'setName' deprecated - use 'set_name'
  token = pp.Word(tchar).setName("token")
/home/soundharya/todo/env/lib/python3.10/site-packages/httplib2/auth.py:20: DeprecationWarning: 'leaveWhitespace' deprecated - use 'leave_whitespace'
  token68 = pp.Combine(pp.Word("-._~+/" + pp.nums + pp.alphas) + pp.Optional(pp.Word("=").leaveWhitespace())).setName(
/home/soundharya/todo/env/lib/python3.10/site-packages/httplib2/auth.py:20: DeprecationWarning: 'setName' deprecated - use 'set_name'
  token68 = pp.Combine(pp.Word("-._~+/" + pp.nums + pp.alphas) + pp.Optional(pp.Word("=").leaveWhitespace())).setName(
/home/soundharya/todo/env/lib/python3.10/site-packages/httplib2/auth.py:24: DeprecationWarning: 'setName' deprecated - use 'set_name'
  quoted_string = pp.dblQuotedString.copy().setName("quoted-string").setParseAction(unquote)
/home/soundharya/todo/env/lib/python3.10/site-packages/httplib2/auth.py:24: DeprecationWarning: 'setParseAction' deprecated - use 'set_parse_action'
  quoted_string = pp.dblQuotedString.copy().setName("quoted-string").setParseAction(unquote)
/home/soundharya/todo/env/lib/python3.10/site-packages/httplib2/auth.py:25: DeprecationWarning: 'setName' deprecated - use 'set_name'
  auth_param_name = token.copy().setName("auth-param-name").addParseAction(downcaseTokens)
/home/soundharya/todo/env/lib/python3.10/site-packages/httplib2/auth.py:25: DeprecationWarning: 'addParseAction' deprecated - use 'add_parse_action'
  auth_param_name = token.copy().setName("auth-param-name").addParseAction(downcaseTokens)
/home/soundharya/todo/env/lib/python3.10/site-packages/httplib2/auth.py:27: DeprecationWarning: 'delimitedList' deprecated - use 'DelimitedList'
  params = pp.Dict(pp.delimitedList(pp.Group(auth_param)))
/home/soundharya/todo/env/lib/python3.10/site-packages/httplib2/auth.py:33: DeprecationWarning: 'delimitedList' deprecated - use 'DelimitedList'
  www_authenticate = pp.delimitedList(pp.Group(challenge))
/home/soundharya/todo/env/lib/python3.10/site-packages/rq/connections.py:72: DeprecationWarning: The `pop_connection` function is deprecated. Pass the `connection` explicitly instead.
  warnings.warn(
/home/soundharya/todo/env/lib/python3.10/site-packages/rq/connections.py:58: DeprecationWarning: The `push_connection` function is deprecated. Pass the `connection` explicitly instead.
  warnings.warn(
/home/soundharya/todo/env/lib/python3.10/site-packages/rq/connections.py:72: DeprecationWarning: The `pop_connection` function is deprecated. Pass the `connection` explicitly instead.
  warnings.warn(
/home/soundharya/todo/env/lib/python3.10/site-packages/rq/connections.py:58: DeprecationWarning: The `push_connection` function is deprecated. Pass the `connection` explicitly instead.
  warnings.warn(
/home/soundharya/todo/env/lib/python3.10/site-packages/rq/connections.py:72: DeprecationWarning: The `pop_connection` function is deprecated. Pass the `connection` explicitly instead.
  warnings.warn(
/home/soundharya/todo/env/lib/python3.10/site-packages/rq/connections.py:58: DeprecationWarning: The `push_connection` function is deprecated. Pass the `connection` explicitly instead.
  warnings.warn(
/home/soundharya/todo/env/lib/python3.10/site-packages/rq/connections.py:72: DeprecationWarning: The `pop_connection` function is deprecated. Pass the `connection` explicitly instead.
  warnings.warn(
/home/soundharya/todo/env/lib/python3.10/site-packages/rq/connections.py:58: DeprecationWarning: The `push_connection` function is deprecated. Pass the `connection` explicitly instead.
  warnings.warn(
/home/soundharya/todo/env/lib/python3.10/site-packages/rq/connections.py:72: DeprecationWarning: The `pop_connection` function is deprecated. Pass the `connection` explicitly instead.
  warnings.warn(
/home/soundharya/todo/env/lib/python3.10/site-packages/rq/connections.py:58: DeprecationWarning: The `push_connection` function is deprecated. Pass the `connection` explicitly instead.
  warnings.warn(
/home/soundharya/todo/env/lib/python3.10/site-packages/rq/connections.py:72: DeprecationWarning: The `pop_connection` function is deprecated. Pass the `connection` explicitly instead.
  warnings.warn(
/home/soundharya/todo/env/lib/python3.10/site-packages/rq/connections.py:58: DeprecationWarning: The `push_connection` function is deprecated. Pass the `connection` explicitly instead.
  warnings.warn(
/home/soundharya/todo/env/lib/python3.10/site-packages/rq/connections.py:72: DeprecationWarning: The `pop_connection` function is deprecated. Pass the `connection` explicitly instead.
  warnings.warn(
/home/soundharya/todo/env/lib/python3.10/site-packages/rq/connections.py:58: DeprecationWarning: The `push_connection` function is deprecated. Pass the `connection` explicitly instead.
  warnings.warn(
/home/soundharya/todo/env/lib/python3.10/site-packages/google/api_core/_python_version_support.py:266: FutureWarning: You are using a Python version (3.10.12) which Google will stop supporting in new releases of google.api_core once it reaches its end of life (2026-10-04). Please upgrade to the latest Python version, or at least Python 3.11, to continue receiving updates for google.api_core past that date.
  warnings.warn(message, FutureWarning)
/home/soundharya/todo/env/lib/python3.10/site-packages/httplib2/auth.py:19: DeprecationWarning: 'setName' deprecated - use 'set_name'
  token = pp.Word(tchar).setName("token")
/home/soundharya/todo/env/lib/python3.10/site-packages/httplib2/auth.py:20: DeprecationWarning: 'leaveWhitespace' deprecated - use 'leave_whitespace'
  token68 = pp.Combine(pp.Word("-._~+/" + pp.nums + pp.alphas) + pp.Optional(pp.Word("=").leaveWhitespace())).setName(
/home/soundharya/todo/env/lib/python3.10/site-packages/httplib2/auth.py:20: DeprecationWarning: 'setName' deprecated - use 'set_name'
  token68 = pp.Combine(pp.Word("-._~+/" + pp.nums + pp.alphas) + pp.Optional(pp.Word("=").leaveWhitespace())).setName(
/home/soundharya/todo/env/lib/python3.10/site-packages/httplib2/auth.py:24: DeprecationWarning: 'setName' deprecated - use 'set_name'
  quoted_string = pp.dblQuotedString.copy().setName("quoted-string").setParseAction(unquote)
/home/soundharya/todo/env/lib/python3.10/site-packages/httplib2/auth.py:24: DeprecationWarning: 'setParseAction' deprecated - use 'set_parse_action'
  quoted_string = pp.dblQuotedString.copy().setName("quoted-string").setParseAction(unquote)
/home/soundharya/todo/env/lib/python3.10/site-packages/httplib2/auth.py:25: DeprecationWarning: 'setName' deprecated - use 'set_name'
  auth_param_name = token.copy().setName("auth-param-name").addParseAction(downcaseTokens)
/home/soundharya/todo/env/lib/python3.10/site-packages/httplib2/auth.py:25: DeprecationWarning: 'addParseAction' deprecated - use 'add_parse_action'
  auth_param_name = token.copy().setName("auth-param-name").addParseAction(downcaseTokens)
/home/soundharya/todo/env/lib/python3.10/site-packages/httplib2/auth.py:27: DeprecationWarning: 'delimitedList' deprecated - use 'DelimitedList'
  params = pp.Dict(pp.delimitedList(pp.Group(auth_param)))
/home/soundharya/todo/env/lib/python3.10/site-packages/httplib2/auth.py:33: DeprecationWarning: 'delimitedList' deprecated - use 'DelimitedList'
  www_authenticate = pp.delimitedList(pp.Group(challenge))
/home/soundharya/todo/env/lib/python3.10/site-packages/rq/connections.py:72: DeprecationWarning: The `pop_connection` function is deprecated. Pass the `connection` explicitly instead.
  warnings.warn(
/home/soundharya/todo/env/lib/python3.10/site-packages/rq/connections.py:58: DeprecationWarning: The `push_connection` function is deprecated. Pass the `connection` explicitly instead.
  warnings.warn(
/home/soundharya/todo/env/lib/python3.10/site-packages/rq/connections.py:72: DeprecationWarning: The `pop_connection` function is deprecated. Pass the `connection` explicitly instead.
  warnings.warn(
/home/soundharya/todo/env/lib/python3.10/site-packages/rq/connections.py:58: DeprecationWarning: The `push_connection` function is deprecated. Pass the `connection` explicitly instead.
  warnings.warn(
/home/soundharya/todo/env/lib/python3.10/site-packages/google/api_core/_python_version_support.py:266: FutureWarning: You are using a Python version (3.10.12) which Google will stop supporting in new releases of google.api_core once it reaches its end of life (2026-10-04). Please upgrade to the latest Python version, or at least Python 3.11, to continue receiving updates for google.api_core past that date.
  warnings.warn(message, FutureWarning)
/home/soundharya/todo/env/lib/python3.10/site-packages/httplib2/auth.py:19: DeprecationWarning: 'setName' deprecated - use 'set_name'
  token = pp.Word(tchar).setName("token")
/home/soundharya/todo/env/lib/python3.10/site-packages/httplib2/auth.py:20: DeprecationWarning: 'leaveWhitespace' deprecated - use 'leave_whitespace'
  token68 = pp.Combine(pp.Word("-._~+/" + pp.nums + pp.alphas) + pp.Optional(pp.Word("=").leaveWhitespace())).setName(
/home/soundharya/todo/env/lib/python3.10/site-packages/httplib2/auth.py:20: DeprecationWarning: 'setName' deprecated - use 'set_name'
  token68 = pp.Combine(pp.Word("-._~+/" + pp.nums + pp.alphas) + pp.Optional(pp.Word("=").leaveWhitespace())).setName(
/home/soundharya/todo/env/lib/python3.10/site-packages/httplib2/auth.py:24: DeprecationWarning: 'setName' deprecated - use 'set_name'
  quoted_string = pp.dblQuotedString.copy().setName("quoted-string").setParseAction(unquote)
/home/soundharya/todo/env/lib/python3.10/site-packages/httplib2/auth.py:24: DeprecationWarning: 'setParseAction' deprecated - use 'set_parse_action'
  quoted_string = pp.dblQuotedString.copy().setName("quoted-string").setParseAction(unquote)
/home/soundharya/todo/env/lib/python3.10/site-packages/httplib2/auth.py:25: DeprecationWarning: 'setName' deprecated - use 'set_name'
  auth_param_name = token.copy().setName("auth-param-name").addParseAction(downcaseTokens)
/home/soundharya/todo/env/lib/python3.10/site-packages/httplib2/auth.py:25: DeprecationWarning: 'addParseAction' deprecated - use 'add_parse_action'
  auth_param_name = token.copy().setName("auth-param-name").addParseAction(downcaseTokens)
/home/soundharya/todo/env/lib/python3.10/site-packages/httplib2/auth.py:27: DeprecationWarning: 'delimitedList' deprecated - use 'DelimitedList'
  params = pp.Dict(pp.delimitedList(pp.Group(auth_param)))
/home/soundharya/todo/env/lib/python3.10/site-packages/httplib2/auth.py:33: DeprecationWarning: 'delimitedList' deprecated - use 'DelimitedList'
  www_authenticate = pp.delimitedList(pp.Group(challenge))
/home/soundharya/todo/env/lib/python3.10/site-packages/rq/connections.py:72: DeprecationWarning: The `pop_connection` function is deprecated. Pass the `connection` explicitly instead.
  warnings.warn(
/home/soundharya/todo/env/lib/python3.10/site-packages/rq/connections.py:58: DeprecationWarning: The `push_connection` function is deprecated. Pass the `connection` explicitly instead.
  warnings.warn(
/home/soundharya/todo/env/lib/python3.10/site-packages/rq/connections.py:72: DeprecationWarning: The `pop_connection` function is deprecated. Pass the `connection` explicitly instead.
  warnings.warn(
/home/soundharya/todo/env/lib/python3.10/site-packages/rq/connections.py:58: DeprecationWarning: The `push_connection` function is deprecated. Pass the `connection` explicitly instead.
  warnings.warn(
/home/soundharya/todo/env/lib/python3.10/site-packages/rq/connections.py:72: DeprecationWarning: The `pop_connection` function is deprecated. Pass the `connection` explicitly instead.
  warnings.warn(
/home/soundharya/todo/env/lib/python3.10/site-packages/rq/connections.py:58: DeprecationWarning: The `push_connection` function is deprecated. Pass the `connection` explicitly instead.
  warnings.warn(
/home/soundharya/todo/env/lib/python3.10/site-packages/rq/connections.py:72: DeprecationWarning: The `pop_connection` function is deprecated. Pass the `connection` explicitly instead.
  warnings.warn(
/home/soundharya/todo/env/lib/python3.10/site-packages/rq/connections.py:58: DeprecationWarning: The `push_connection` function is deprecated. Pass the `connection` explicitly instead.
  warnings.warn(
/home/soundharya/todo/env/lib/python3.10/site-packages/rq/connections.py:72: DeprecationWarning: The `pop_connection` function is deprecated. Pass the `connection` explicitly instead.
  warnings.warn(
/home/soundharya/todo/env/lib/python3.10/site-packages/rq/connections.py:58: DeprecationWarning: The `push_connection` function is deprecated. Pass the `connection` explicitly instead.
  warnings.warn(
/home/soundharya/todo/env/lib/python3.10/site-packages/rq/connections.py:72: DeprecationWarning: The `pop_connection` function is deprecated. Pass the `connection` explicitly instead.
  warnings.warn(
/home/soundharya/todo/env/lib/python3.10/site-packages/rq/connections.py:58: DeprecationWarning: The `push_connection` function is deprecated. Pass the `connection` explicitly instead.
  warnings.warn(
/home/soundharya/todo/env/lib/python3.10/site-packages/rq/connections.py:72: DeprecationWarning: The `pop_connection` function is deprecated. Pass the `connection` explicitly instead.
  warnings.warn(
/home/soundharya/todo/env/lib/python3.10/site-packages/rq/connections.py:58: DeprecationWarning: The `push_connection` function is deprecated. Pass the `connection` explicitly instead.
  warnings.warn(
/home/soundharya/todo/env/lib/python3.10/site-packages/rq/connections.py:72: DeprecationWarning: The `pop_connection` function is deprecated. Pass the `connection` explicitly instead.
  warnings.warn(
/home/soundharya/todo/env/lib/python3.10/site-packages/rq/connections.py:58: DeprecationWarning: The `push_connection` function is deprecated. Pass the `connection` explicitly instead.
  warnings.warn(
/home/soundharya/todo/env/lib/python3.10/site-packages/rq/connections.py:72: DeprecationWarning: The `pop_connection` function is deprecated. Pass the `connection` explicitly instead.
  warnings.warn(
/home/soundharya/todo/env/lib/python3.10/site-packages/rq/connections.py:58: DeprecationWarning: The `push_connection` function is deprecated. Pass the `connection` explicitly instead.
  warnings.warn(
/home/soundharya/todo/env/lib/python3.10/site-packages/rq/connections.py:72: DeprecationWarning: The `pop_connection` function is deprecated. Pass the `connection` explicitly instead.
  warnings.warn(
/home/soundharya/todo/env/lib/python3.10/site-packages/rq/connections.py:58: DeprecationWarning: The `push_connection` function is deprecated. Pass the `connection` explicitly instead.
  warnings.warn(
/home/soundharya/todo/env/lib/python3.10/site-packages/rq/connections.py:72: DeprecationWarning: The `pop_connection` function is deprecated. Pass the `connection` explicitly instead.
  warnings.warn(
/home/soundharya/todo/env/lib/python3.10/site-packages/rq/connections.py:58: DeprecationWarning: The `push_connection` function is deprecated. Pass the `connection` explicitly instead.
  warnings.warn(
/home/soundharya/todo/env/lib/python3.10/site-packages/google/api_core/_python_version_support.py:266: FutureWarning: You are using a Python version (3.10.12) which Google will stop supporting in new releases of google.api_core once it reaches its end of life (2026-10-04). Please upgrade to the latest Python version, or at least Python 3.11, to continue receiving updates for google.api_core past that date.
  warnings.warn(message, FutureWarning)
/home/soundharya/todo/env/lib/python3.10/site-packages/httplib2/auth.py:19: DeprecationWarning: 'setName' deprecated - use 'set_name'
  token = pp.Word(tchar).setName("token")
/home/soundharya/todo/env/lib/python3.10/site-packages/httplib2/auth.py:20: DeprecationWarning: 'leaveWhitespace' deprecated - use 'leave_whitespace'
  token68 = pp.Combine(pp.Word("-._~+/" + pp.nums + pp.alphas) + pp.Optional(pp.Word("=").leaveWhitespace())).setName(
/home/soundharya/todo/env/lib/python3.10/site-packages/httplib2/auth.py:20: DeprecationWarning: 'setName' deprecated - use 'set_name'
  token68 = pp.Combine(pp.Word("-._~+/" + pp.nums + pp.alphas) + pp.Optional(pp.Word("=").leaveWhitespace())).setName(
/home/soundharya/todo/env/lib/python3.10/site-packages/httplib2/auth.py:24: DeprecationWarning: 'setName' deprecated - use 'set_name'
  quoted_string = pp.dblQuotedString.copy().setName("quoted-string").setParseAction(unquote)
/home/soundharya/todo/env/lib/python3.10/site-packages/httplib2/auth.py:24: DeprecationWarning: 'setParseAction' deprecated - use 'set_parse_action'
  quoted_string = pp.dblQuotedString.copy().setName("quoted-string").setParseAction(unquote)
/home/soundharya/todo/env/lib/python3.10/site-packages/httplib2/auth.py:25: DeprecationWarning: 'setName' deprecated - use 'set_name'
  auth_param_name = token.copy().setName("auth-param-name").addParseAction(downcaseTokens)
/home/soundharya/todo/env/lib/python3.10/site-packages/httplib2/auth.py:25: DeprecationWarning: 'addParseAction' deprecated - use 'add_parse_action'
  auth_param_name = token.copy().setName("auth-param-name").addParseAction(downcaseTokens)
/home/soundharya/todo/env/lib/python3.10/site-packages/httplib2/auth.py:27: DeprecationWarning: 'delimitedList' deprecated - use 'DelimitedList'
  params = pp.Dict(pp.delimitedList(pp.Group(auth_param)))
/home/soundharya/todo/env/lib/python3.10/site-packages/httplib2/auth.py:33: DeprecationWarning: 'delimitedList' deprecated - use 'DelimitedList'
  www_authenticate = pp.delimitedList(pp.Group(challenge))
/home/soundharya/todo/env/lib/python3.10/site-packages/rq/connections.py:72: DeprecationWarning: The `pop_connection` function is deprecated. Pass the `connection` explicitly instead.
  warnings.warn(
/home/soundharya/todo/env/lib/python3.10/site-packages/rq/connections.py:58: DeprecationWarning: The `push_connection` function is deprecated. Pass the `connection` explicitly instead.
  warnings.warn(
/home/soundharya/todo/env/lib/python3.10/site-packages/rq/connections.py:72: DeprecationWarning: The `pop_connection` function is deprecated. Pass the `connection` explicitly instead.
  warnings.warn(
/home/soundharya/todo/env/lib/python3.10/site-packages/rq/connections.py:58: DeprecationWarning: The `push_connection` function is deprecated. Pass the `connection` explicitly instead.
  warnings.warn(
/home/soundharya/todo/env/lib/python3.10/site-packages/rq/connections.py:72: DeprecationWarning: The `pop_connection` function is deprecated. Pass the `connection` explicitly instead.
  warnings.warn(
/home/soundharya/todo/env/lib/python3.10/site-packages/rq/connections.py:58: DeprecationWarning: The `push_connection` function is deprecated. Pass the `connection` explicitly instead.
  warnings.warn(
/home/soundharya/todo/env/lib/python3.10/site-packages/rq/connections.py:72: DeprecationWarning: The `pop_connection` function is deprecated. Pass the `connection` explicitly instead.
  warnings.warn(
/home/soundharya/todo/env/lib/python3.10/site-packages/rq/connections.py:58: DeprecationWarning: The `push_connection` function is deprecated. Pass the `connection` explicitly instead.
  warnings.warn(
/home/soundharya/todo/env/lib/python3.10/site-packages/google/api_core/_python_version_support.py:266: FutureWarning: You are using a Python version (3.10.12) which Google will stop supporting in new releases of google.api_core once it reaches its end of life (2026-10-04). Please upgrade to the latest Python version, or at least Python 3.11, to continue receiving updates for google.api_core past that date.
  warnings.warn(message, FutureWarning)
/home/soundharya/todo/env/lib/python3.10/site-packages/httplib2/auth.py:19: DeprecationWarning: 'setName' deprecated - use 'set_name'
  token = pp.Word(tchar).setName("token")
/home/soundharya/todo/env/lib/python3.10/site-packages/httplib2/auth.py:20: DeprecationWarning: 'leaveWhitespace' deprecated - use 'leave_whitespace'
  token68 = pp.Combine(pp.Word("-._~+/" + pp.nums + pp.alphas) + pp.Optional(pp.Word("=").leaveWhitespace())).setName(
/home/soundharya/todo/env/lib/python3.10/site-packages/httplib2/auth.py:20: DeprecationWarning: 'setName' deprecated - use 'set_name'
  token68 = pp.Combine(pp.Word("-._~+/" + pp.nums + pp.alphas) + pp.Optional(pp.Word("=").leaveWhitespace())).setName(
/home/soundharya/todo/env/lib/python3.10/site-packages/httplib2/auth.py:24: DeprecationWarning: 'setName' deprecated - use 'set_name'
  quoted_string = pp.dblQuotedString.copy().setName("quoted-string").setParseAction(unquote)
/home/soundharya/todo/env/lib/python3.10/site-packages/httplib2/auth.py:24: DeprecationWarning: 'setParseAction' deprecated - use 'set_parse_action'
  quoted_string = pp.dblQuotedString.copy().setName("quoted-string").setParseAction(unquote)
/home/soundharya/todo/env/lib/python3.10/site-packages/httplib2/auth.py:25: DeprecationWarning: 'setName' deprecated - use 'set_name'
  auth_param_name = token.copy().setName("auth-param-name").addParseAction(downcaseTokens)
/home/soundharya/todo/env/lib/python3.10/site-packages/httplib2/auth.py:25: DeprecationWarning: 'addParseAction' deprecated - use 'add_parse_action'
  auth_param_name = token.copy().setName("auth-param-name").addParseAction(downcaseTokens)
/home/soundharya/todo/env/lib/python3.10/site-packages/httplib2/auth.py:27: DeprecationWarning: 'delimitedList' deprecated - use 'DelimitedList'
  params = pp.Dict(pp.delimitedList(pp.Group(auth_param)))
/home/soundharya/todo/env/lib/python3.10/site-packages/httplib2/auth.py:33: DeprecationWarning: 'delimitedList' deprecated - use 'DelimitedList'
  www_authenticate = pp.delimitedList(pp.Group(challenge))
/home/soundharya/todo/env/lib/python3.10/site-packages/rq/connections.py:72: DeprecationWarning: The `pop_connection` function is deprecated. Pass the `connection` explicitly instead.
  warnings.warn(
/home/soundharya/todo/env/lib/python3.10/site-packages/rq/connections.py:58: DeprecationWarning: The `push_connection` function is deprecated. Pass the `connection` explicitly instead.
  warnings.warn(
/home/soundharya/todo/env/lib/python3.10/site-packages/rq/connections.py:72: DeprecationWarning: The `pop_connection` function is deprecated. Pass the `connection` explicitly instead.
  warnings.warn(
/home/soundharya/todo/env/lib/python3.10/site-packages/rq/connections.py:58: DeprecationWarning: The `push_connection` function is deprecated. Pass the `connection` explicitly instead.
  warnings.warn(
/home/soundharya/todo/env/lib/python3.10/site-packages/rq/connections.py:72: DeprecationWarning: The `pop_connection` function is deprecated. Pass the `connection` explicitly instead.
  warnings.warn(
/home/soundharya/todo/env/lib/python3.10/site-packages/rq/connections.py:58: DeprecationWarning: The `push_connection` function is deprecated. Pass the `connection` explicitly instead.
  warnings.warn(
/home/soundharya/todo/env/lib/python3.10/site-packages/rq/connections.py:72: DeprecationWarning: The `pop_connection` function is deprecated. Pass the `connection` explicitly instead.
  warnings.warn(
/home/soundharya/todo/env/lib/python3.10/site-packages/rq/connections.py:58: DeprecationWarning: The `push_connection` function is deprecated. Pass the `connection` explicitly instead.
  warnings.warn(
/home/soundharya/todo/env/lib/python3.10/site-packages/rq/connections.py:72: DeprecationWarning: The `pop_connection` function is deprecated. Pass the `connection` explicitly instead.
  warnings.warn(
/home/soundharya/todo/env/lib/python3.10/site-packages/rq/connections.py:58: DeprecationWarning: The `push_connection` function is deprecated. Pass the `connection` explicitly instead.
  warnings.warn(
/home/soundharya/todo/env/lib/python3.10/site-packages/google/api_core/_python_version_support.py:266: FutureWarning: You are using a Python version (3.10.12) which Google will stop supporting in new releases of google.api_core once it reaches its end of life (2026-10-04). Please upgrade to the latest Python version, or at least Python 3.11, to continue receiving updates for google.api_core past that date.
  warnings.warn(message, FutureWarning)
/home/soundharya/todo/env/lib/python3.10/site-packages/httplib2/auth.py:19: DeprecationWarning: 'setName' deprecated - use 'set_name'
  token = pp.Word(tchar).setName("token")
/home/soundharya/todo/env/lib/python3.10/site-packages/httplib2/auth.py:20: DeprecationWarning: 'leaveWhitespace' deprecated - use 'leave_whitespace'
  token68 = pp.Combine(pp.Word("-._~+/" + pp.nums + pp.alphas) + pp.Optional(pp.Word("=").leaveWhitespace())).setName(
/home/soundharya/todo/env/lib/python3.10/site-packages/httplib2/auth.py:20: DeprecationWarning: 'setName' deprecated - use 'set_name'
  token68 = pp.Combine(pp.Word("-._~+/" + pp.nums + pp.alphas) + pp.Optional(pp.Word("=").leaveWhitespace())).setName(
/home/soundharya/todo/env/lib/python3.10/site-packages/httplib2/auth.py:24: DeprecationWarning: 'setName' deprecated - use 'set_name'
  quoted_string = pp.dblQuotedString.copy().setName("quoted-string").setParseAction(unquote)
/home/soundharya/todo/env/lib/python3.10/site-packages/httplib2/auth.py:24: DeprecationWarning: 'setParseAction' deprecated - use 'set_parse_action'
  quoted_string = pp.dblQuotedString.copy().setName("quoted-string").setParseAction(unquote)
/home/soundharya/todo/env/lib/python3.10/site-packages/httplib2/auth.py:25: DeprecationWarning: 'setName' deprecated - use 'set_name'
  auth_param_name = token.copy().setName("auth-param-name").addParseAction(downcaseTokens)
/home/soundharya/todo/env/lib/python3.10/site-packages/httplib2/auth.py:25: DeprecationWarning: 'addParseAction' deprecated - use 'add_parse_action'
  auth_param_name = token.copy().setName("auth-param-name").addParseAction(downcaseTokens)
/home/soundharya/todo/env/lib/python3.10/site-packages/httplib2/auth.py:27: DeprecationWarning: 'delimitedList' deprecated - use 'DelimitedList'
  params = pp.Dict(pp.delimitedList(pp.Group(auth_param)))
/home/soundharya/todo/env/lib/python3.10/site-packages/httplib2/auth.py:33: DeprecationWarning: 'delimitedList' deprecated - use 'DelimitedList'
  www_authenticate = pp.delimitedList(pp.Group(challenge))
/home/soundharya/todo/env/lib/python3.10/site-packages/rq/connections.py:72: DeprecationWarning: The `pop_connection` function is deprecated. Pass the `connection` explicitly instead.
  warnings.warn(
/home/soundharya/todo/env/lib/python3.10/site-packages/rq/connections.py:58: DeprecationWarning: The `push_connection` function is deprecated. Pass the `connection` explicitly instead.
  warnings.warn(
/home/soundharya/todo/env/lib/python3.10/site-packages/rq/connections.py:72: DeprecationWarning: The `pop_connection` function is deprecated. Pass the `connection` explicitly instead.
  warnings.warn(
/home/soundharya/todo/env/lib/python3.10/site-packages/rq/connections.py:58: DeprecationWarning: The `push_connection` function is deprecated. Pass the `connection` explicitly instead.
  warnings.warn(
/home/soundharya/todo/env/lib/python3.10/site-packages/rq/connections.py:72: DeprecationWarning: The `pop_connection` function is deprecated. Pass the `connection` explicitly instead.
  warnings.warn(
/home/soundharya/todo/env/lib/python3.10/site-packages/rq/connections.py:58: DeprecationWarning: The `push_connection` function is deprecated. Pass the `connection` explicitly instead.
  warnings.warn(
/home/soundharya/todo/env/lib/python3.10/site-packages/rq/connections.py:72: DeprecationWarning: The `pop_connection` function is deprecated. Pass the `connection` explicitly instead.
  warnings.warn(
/home/soundharya/todo/env/lib/python3.10/site-packages/rq/connections.py:58: DeprecationWarning: The `push_connection` function is deprecated. Pass the `connection` explicitly instead.
  warnings.warn(
/home/soundharya/todo/env/lib/python3.10/site-packages/rq/connections.py:72: DeprecationWarning: The `pop_connection` function is deprecated. Pass the `connection` explicitly instead.
  warnings.warn(
/home/soundharya/todo/env/lib/python3.10/site-packages/rq/connections.py:58: DeprecationWarning: The `push_connection` function is deprecated. Pass the `connection` explicitly instead.
  warnings.warn(
/home/soundharya/todo/env/lib/python3.10/site-packages/google/api_core/_python_version_support.py:266: FutureWarning: You are using a Python version (3.10.12) which Google will stop supporting in new releases of google.api_core once it reaches its end of life (2026-10-04). Please upgrade to the latest Python version, or at least Python 3.11, to continue receiving updates for google.api_core past that date.
  warnings.warn(message, FutureWarning)
/home/soundharya/todo/env/lib/python3.10/site-packages/httplib2/auth.py:19: DeprecationWarning: 'setName' deprecated - use 'set_name'
  token = pp.Word(tchar).setName("token")
/home/soundharya/todo/env/lib/python3.10/site-packages/httplib2/auth.py:20: DeprecationWarning: 'leaveWhitespace' deprecated - use 'leave_whitespace'
  token68 = pp.Combine(pp.Word("-._~+/" + pp.nums + pp.alphas) + pp.Optional(pp.Word("=").leaveWhitespace())).setName(
/home/soundharya/todo/env/lib/python3.10/site-packages/httplib2/auth.py:20: DeprecationWarning: 'setName' deprecated - use 'set_name'
  token68 = pp.Combine(pp.Word("-._~+/" + pp.nums + pp.alphas) + pp.Optional(pp.Word("=").leaveWhitespace())).setName(
/home/soundharya/todo/env/lib/python3.10/site-packages/httplib2/auth.py:24: DeprecationWarning: 'setName' deprecated - use 'set_name'
  quoted_string = pp.dblQuotedString.copy().setName("quoted-string").setParseAction(unquote)
/home/soundharya/todo/env/lib/python3.10/site-packages/httplib2/auth.py:24: DeprecationWarning: 'setParseAction' deprecated - use 'set_parse_action'
  quoted_string = pp.dblQuotedString.copy().setName("quoted-string").setParseAction(unquote)
/home/soundharya/todo/env/lib/python3.10/site-packages/httplib2/auth.py:25: DeprecationWarning: 'setName' deprecated - use 'set_name'
  auth_param_name = token.copy().setName("auth-param-name").addParseAction(downcaseTokens)
/home/soundharya/todo/env/lib/python3.10/site-packages/httplib2/auth.py:25: DeprecationWarning: 'addParseAction' deprecated - use 'add_parse_action'
  auth_param_name = token.copy().setName("auth-param-name").addParseAction(downcaseTokens)
/home/soundharya/todo/env/lib/python3.10/site-packages/httplib2/auth.py:27: DeprecationWarning: 'delimitedList' deprecated - use 'DelimitedList'
  params = pp.Dict(pp.delimitedList(pp.Group(auth_param)))
/home/soundharya/todo/env/lib/python3.10/site-packages/httplib2/auth.py:33: DeprecationWarning: 'delimitedList' deprecated - use 'DelimitedList'
  www_authenticate = pp.delimitedList(pp.Group(challenge))
/home/soundharya/todo/env/lib/python3.10/site-packages/rq/connections.py:72: DeprecationWarning: The `pop_connection` function is deprecated. Pass the `connection` explicitly instead.
  warnings.warn(
/home/soundharya/todo/env/lib/python3.10/site-packages/rq/connections.py:58: DeprecationWarning: The `push_connection` function is deprecated. Pass the `connection` explicitly instead.
  warnings.warn(
/home/soundharya/todo/env/lib/python3.10/site-packages/rq/connections.py:72: DeprecationWarning: The `pop_connection` function is deprecated. Pass the `connection` explicitly instead.
  warnings.warn(
/home/soundharya/todo/env/lib/python3.10/site-packages/rq/connections.py:58: DeprecationWarning: The `push_connection` function is deprecated. Pass the `connection` explicitly instead.
  warnings.warn(
/home/soundharya/todo/env/lib/python3.10/site-packages/rq/connections.py:72: DeprecationWarning: The `pop_connection` function is deprecated. Pass the `connection` explicitly instead.
  warnings.warn(
/home/soundharya/todo/env/lib/python3.10/site-packages/rq/connections.py:58: DeprecationWarning: The `push_connection` function is deprecated. Pass the `connection` explicitly instead.
  warnings.warn(
/home/soundharya/todo/env/lib/python3.10/site-packages/rq/connections.py:72: DeprecationWarning: The `pop_connection` function is deprecated. Pass the `connection` explicitly instead.
  warnings.warn(
/home/soundharya/todo/env/lib/python3.10/site-packages/rq/connections.py:58: DeprecationWarning: The `push_connection` function is deprecated. Pass the `connection` explicitly instead.
  warnings.warn(
/home/soundharya/todo/env/lib/python3.10/site-packages/rq/connections.py:72: DeprecationWarning: The `pop_connection` function is deprecated. Pass the `connection` explicitly instead.
  warnings.warn(
/home/soundharya/todo/env/lib/python3.10/site-packages/rq/connections.py:58: DeprecationWarning: The `push_connection` function is deprecated. Pass the `connection` explicitly instead.
  warnings.warn(
/home/soundharya/todo/env/lib/python3.10/site-packages/rq/connections.py:72: DeprecationWarning: The `pop_connection` function is deprecated. Pass the `connection` explicitly instead.
  warnings.warn(
/home/soundharya/todo/env/lib/python3.10/site-packages/rq/connections.py:58: DeprecationWarning: The `push_connection` function is deprecated. Pass the `connection` explicitly instead.
  warnings.warn(
/home/soundharya/todo/env/lib/python3.10/site-packages/rq/connections.py:72: DeprecationWarning: The `pop_connection` function is deprecated. Pass the `connection` explicitly instead.
  warnings.warn(
/home/soundharya/todo/env/lib/python3.10/site-packages/rq/connections.py:58: DeprecationWarning: The `push_connection` function is deprecated. Pass the `connection` explicitly instead.
  warnings.warn(
/home/soundharya/todo/env/lib/python3.10/site-packages/rq/connections.py:72: DeprecationWarning: The `pop_connection` function is deprecated. Pass the `connection` explicitly instead.
  warnings.warn(
/home/soundharya/todo/env/lib/python3.10/site-packages/rq/connections.py:58: DeprecationWarning: The `push_connection` function is deprecated. Pass the `connection` explicitly instead.
  warnings.warn(
/home/soundharya/todo/env/lib/python3.10/site-packages/rq/connections.py:72: DeprecationWarning: The `pop_connection` function is deprecated. Pass the `connection` explicitly instead.
  warnings.warn(
/home/soundharya/todo/env/lib/python3.10/site-packages/rq/connections.py:58: DeprecationWarning: The `push_connection` function is deprecated. Pass the `connection` explicitly instead.
  warnings.warn(
/home/soundharya/todo/env/lib/python3.10/site-packages/rq/connections.py:72: DeprecationWarning: The `pop_connection` function is deprecated. Pass the `connection` explicitly instead.
  warnings.warn(
/home/soundharya/todo/env/lib/python3.10/site-packages/rq/connections.py:58: DeprecationWarning: The `push_connection` function is deprecated. Pass the `connection` explicitly instead.
  warnings.warn(
/home/soundharya/todo/env/lib/python3.10/site-packages/rq/connections.py:72: DeprecationWarning: The `pop_connection` function is deprecated. Pass the `connection` explicitly instead.
  warnings.warn(
/home/soundharya/todo/env/lib/python3.10/site-packages/rq/connections.py:58: DeprecationWarning: The `push_connection` function is deprecated. Pass the `connection` explicitly instead.
  warnings.warn(
/home/soundharya/todo/env/lib/python3.10/site-packages/rq/connections.py:72: DeprecationWarning: The `pop_connection` function is deprecated. Pass the `connection` explicitly instead.
  warnings.warn(
/home/soundharya/todo/env/lib/python3.10/site-packages/rq/connections.py:58: DeprecationWarning: The `push_connection` function is deprecated. Pass the `connection` explicitly instead.
  warnings.warn(
/home/soundharya/todo/env/lib/python3.10/site-packages/google/api_core/_python_version_support.py:266: FutureWarning: You are using a Python version (3.10.12) which Google will stop supporting in new releases of google.api_core once it reaches its end of life (2026-10-04). Please upgrade to the latest Python version, or at least Python 3.11, to continue receiving updates for google.api_core past that date.
  warnings.warn(message, FutureWarning)
/home/soundharya/todo/env/lib/python3.10/site-packages/httplib2/auth.py:19: DeprecationWarning: 'setName' deprecated - use 'set_name'
  token = pp.Word(tchar).setName("token")
/home/soundharya/todo/env/lib/python3.10/site-packages/httplib2/auth.py:20: DeprecationWarning: 'leaveWhitespace' deprecated - use 'leave_whitespace'
  token68 = pp.Combine(pp.Word("-._~+/" + pp.nums + pp.alphas) + pp.Optional(pp.Word("=").leaveWhitespace())).setName(
/home/soundharya/todo/env/lib/python3.10/site-packages/httplib2/auth.py:20: DeprecationWarning: 'setName' deprecated - use 'set_name'
  token68 = pp.Combine(pp.Word("-._~+/" + pp.nums + pp.alphas) + pp.Optional(pp.Word("=").leaveWhitespace())).setName(
/home/soundharya/todo/env/lib/python3.10/site-packages/httplib2/auth.py:24: DeprecationWarning: 'setName' deprecated - use 'set_name'
  quoted_string = pp.dblQuotedString.copy().setName("quoted-string").setParseAction(unquote)
/home/soundharya/todo/env/lib/python3.10/site-packages/httplib2/auth.py:24: DeprecationWarning: 'setParseAction' deprecated - use 'set_parse_action'
  quoted_string = pp.dblQuotedString.copy().setName("quoted-string").setParseAction(unquote)
/home/soundharya/todo/env/lib/python3.10/site-packages/httplib2/auth.py:25: DeprecationWarning: 'setName' deprecated - use 'set_name'
  auth_param_name = token.copy().setName("auth-param-name").addParseAction(downcaseTokens)
/home/soundharya/todo/env/lib/python3.10/site-packages/httplib2/auth.py:25: DeprecationWarning: 'addParseAction' deprecated - use 'add_parse_action'
  auth_param_name = token.copy().setName("auth-param-name").addParseAction(downcaseTokens)
/home/soundharya/todo/env/lib/python3.10/site-packages/httplib2/auth.py:27: DeprecationWarning: 'delimitedList' deprecated - use 'DelimitedList'
  params = pp.Dict(pp.delimitedList(pp.Group(auth_param)))
/home/soundharya/todo/env/lib/python3.10/site-packages/httplib2/auth.py:33: DeprecationWarning: 'delimitedList' deprecated - use 'DelimitedList'
  www_authenticate = pp.delimitedList(pp.Group(challenge))
/home/soundharya/todo/env/lib/python3.10/site-packages/rq/connections.py:72: DeprecationWarning: The `pop_connection` function is deprecated. Pass the `connection` explicitly instead.
  warnings.warn(
/home/soundharya/todo/env/lib/python3.10/site-packages/rq/connections.py:58: DeprecationWarning: The `push_connection` function is deprecated. Pass the `connection` explicitly instead.
  warnings.warn(
/home/soundharya/todo/env/lib/python3.10/site-packages/rq/connections.py:72: DeprecationWarning: The `pop_connection` function is deprecated. Pass the `connection` explicitly instead.
  warnings.warn(
/home/soundharya/todo/env/lib/python3.10/site-packages/rq/connections.py:58: DeprecationWarning: The `push_connection` function is deprecated. Pass the `connection` explicitly instead.
  warnings.warn(
/home/soundharya/todo/env/lib/python3.10/site-packages/rq/connections.py:72: DeprecationWarning: The `pop_connection` function is deprecated. Pass the `connection` explicitly instead.
  warnings.warn(
/home/soundharya/todo/env/lib/python3.10/site-packages/rq/connections.py:58: DeprecationWarning: The `push_connection` function is deprecated. Pass the `connection` explicitly instead.
  warnings.warn(
/home/soundharya/todo/env/lib/python3.10/site-packages/google/api_core/_python_version_support.py:266: FutureWarning: You are using a Python version (3.10.12) which Google will stop supporting in new releases of google.api_core once it reaches its end of life (2026-10-04). Please upgrade to the latest Python version, or at least Python 3.11, to continue receiving updates for google.api_core past that date.
  warnings.warn(message, FutureWarning)
/home/soundharya/todo/env/lib/python3.10/site-packages/httplib2/auth.py:19: DeprecationWarning: 'setName' deprecated - use 'set_name'
  token = pp.Word(tchar).setName("token")
/home/soundharya/todo/env/lib/python3.10/site-packages/httplib2/auth.py:20: DeprecationWarning: 'leaveWhitespace' deprecated - use 'leave_whitespace'
  token68 = pp.Combine(pp.Word("-._~+/" + pp.nums + pp.alphas) + pp.Optional(pp.Word("=").leaveWhitespace())).setName(
/home/soundharya/todo/env/lib/python3.10/site-packages/httplib2/auth.py:20: DeprecationWarning: 'setName' deprecated - use 'set_name'
  token68 = pp.Combine(pp.Word("-._~+/" + pp.nums + pp.alphas) + pp.Optional(pp.Word("=").leaveWhitespace())).setName(
/home/soundharya/todo/env/lib/python3.10/site-packages/httplib2/auth.py:24: DeprecationWarning: 'setName' deprecated - use 'set_name'
  quoted_string = pp.dblQuotedString.copy().setName("quoted-string").setParseAction(unquote)
/home/soundharya/todo/env/lib/python3.10/site-packages/httplib2/auth.py:24: DeprecationWarning: 'setParseAction' deprecated - use 'set_parse_action'
  quoted_string = pp.dblQuotedString.copy().setName("quoted-string").setParseAction(unquote)
/home/soundharya/todo/env/lib/python3.10/site-packages/httplib2/auth.py:25: DeprecationWarning: 'setName' deprecated - use 'set_name'
  auth_param_name = token.copy().setName("auth-param-name").addParseAction(downcaseTokens)
/home/soundharya/todo/env/lib/python3.10/site-packages/httplib2/auth.py:25: DeprecationWarning: 'addParseAction' deprecated - use 'add_parse_action'
  auth_param_name = token.copy().setName("auth-param-name").addParseAction(downcaseTokens)
/home/soundharya/todo/env/lib/python3.10/site-packages/httplib2/auth.py:27: DeprecationWarning: 'delimitedList' deprecated - use 'DelimitedList'
  params = pp.Dict(pp.delimitedList(pp.Group(auth_param)))
/home/soundharya/todo/env/lib/python3.10/site-packages/httplib2/auth.py:33: DeprecationWarning: 'delimitedList' deprecated - use 'DelimitedList'
  www_authenticate = pp.delimitedList(pp.Group(challenge))
/home/soundharya/todo/env/lib/python3.10/site-packages/rq/connections.py:72: DeprecationWarning: The `pop_connection` function is deprecated. Pass the `connection` explicitly instead.
  warnings.warn(
/home/soundharya/todo/env/lib/python3.10/site-packages/rq/connections.py:58: DeprecationWarning: The `push_connection` function is deprecated. Pass the `connection` explicitly instead.
  warnings.warn(
/home/soundharya/todo/env/lib/python3.10/site-packages/rq/connections.py:72: DeprecationWarning: The `pop_connection` function is deprecated. Pass the `connection` explicitly instead.
  warnings.warn(
/home/soundharya/todo/env/lib/python3.10/site-packages/rq/connections.py:58: DeprecationWarning: The `push_connection` function is deprecated. Pass the `connection` explicitly instead.
  warnings.warn(
/home/soundharya/todo/env/lib/python3.10/site-packages/rq/connections.py:72: DeprecationWarning: The `pop_connection` function is deprecated. Pass the `connection` explicitly instead.
  warnings.warn(
/home/soundharya/todo/env/lib/python3.10/site-packages/rq/connections.py:58: DeprecationWarning: The `push_connection` function is deprecated. Pass the `connection` explicitly instead.
  warnings.warn(
/home/soundharya/todo/env/lib/python3.10/site-packages/rq/connections.py:72: DeprecationWarning: The `pop_connection` function is deprecated. Pass the `connection` explicitly instead.
  warnings.warn(
/home/soundharya/todo/env/lib/python3.10/site-packages/rq/connections.py:58: DeprecationWarning: The `push_connection` function is deprecated. Pass the `connection` explicitly instead.
  warnings.warn(
/home/soundharya/todo/env/lib/python3.10/site-packages/rq/connections.py:72: DeprecationWarning: The `pop_connection` function is deprecated. Pass the `connection` explicitly instead.
  warnings.warn(
/home/soundharya/todo/env/lib/python3.10/site-packages/rq/connections.py:58: DeprecationWarning: The `push_connection` function is deprecated. Pass the `connection` explicitly instead.
  warnings.warn(
/home/soundharya/todo/env/lib/python3.10/site-packages/rq/connections.py:72: DeprecationWarning: The `pop_connection` function is deprecated. Pass the `connection` explicitly instead.
  warnings.warn(
/home/soundharya/todo/env/lib/python3.10/site-packages/rq/connections.py:58: DeprecationWarning: The `push_connection` function is deprecated. Pass the `connection` explicitly instead.
  warnings.warn(
/home/soundharya/todo/env/lib/python3.10/site-packages/rq/connections.py:72: DeprecationWarning: The `pop_connection` function is deprecated. Pass the `connection` explicitly instead.
  warnings.warn(
/home/soundharya/todo/env/lib/python3.10/site-packages/rq/connections.py:58: DeprecationWarning: The `push_connection` function is deprecated. Pass the `connection` explicitly instead.
  warnings.warn(
/home/soundharya/todo/env/lib/python3.10/site-packages/google/api_core/_python_version_support.py:266: FutureWarning: You are using a Python version (3.10.12) which Google will stop supporting in new releases of google.api_core once it reaches its end of life (2026-10-04). Please upgrade to the latest Python version, or at least Python 3.11, to continue receiving updates for google.api_core past that date.
  warnings.warn(message, FutureWarning)
/home/soundharya/todo/env/lib/python3.10/site-packages/httplib2/auth.py:19: DeprecationWarning: 'setName' deprecated - use 'set_name'
  token = pp.Word(tchar).setName("token")
/home/soundharya/todo/env/lib/python3.10/site-packages/httplib2/auth.py:20: DeprecationWarning: 'leaveWhitespace' deprecated - use 'leave_whitespace'
  token68 = pp.Combine(pp.Word("-._~+/" + pp.nums + pp.alphas) + pp.Optional(pp.Word("=").leaveWhitespace())).setName(
/home/soundharya/todo/env/lib/python3.10/site-packages/httplib2/auth.py:20: DeprecationWarning: 'setName' deprecated - use 'set_name'
  token68 = pp.Combine(pp.Word("-._~+/" + pp.nums + pp.alphas) + pp.Optional(pp.Word("=").leaveWhitespace())).setName(
/home/soundharya/todo/env/lib/python3.10/site-packages/httplib2/auth.py:24: DeprecationWarning: 'setName' deprecated - use 'set_name'
  quoted_string = pp.dblQuotedString.copy().setName("quoted-string").setParseAction(unquote)
/home/soundharya/todo/env/lib/python3.10/site-packages/httplib2/auth.py:24: DeprecationWarning: 'setParseAction' deprecated - use 'set_parse_action'
  quoted_string = pp.dblQuotedString.copy().setName("quoted-string").setParseAction(unquote)
/home/soundharya/todo/env/lib/python3.10/site-packages/httplib2/auth.py:25: DeprecationWarning: 'setName' deprecated - use 'set_name'
  auth_param_name = token.copy().setName("auth-param-name").addParseAction(downcaseTokens)
/home/soundharya/todo/env/lib/python3.10/site-packages/httplib2/auth.py:25: DeprecationWarning: 'addParseAction' deprecated - use 'add_parse_action'
  auth_param_name = token.copy().setName("auth-param-name").addParseAction(downcaseTokens)
/home/soundharya/todo/env/lib/python3.10/site-packages/httplib2/auth.py:27: DeprecationWarning: 'delimitedList' deprecated - use 'DelimitedList'
  params = pp.Dict(pp.delimitedList(pp.Group(auth_param)))
/home/soundharya/todo/env/lib/python3.10/site-packages/httplib2/auth.py:33: DeprecationWarning: 'delimitedList' deprecated - use 'DelimitedList'
  www_authenticate = pp.delimitedList(pp.Group(challenge))
/home/soundharya/todo/env/lib/python3.10/site-packages/rq/connections.py:72: DeprecationWarning: The `pop_connection` function is deprecated. Pass the `connection` explicitly instead.
  warnings.warn(
/home/soundharya/todo/env/lib/python3.10/site-packages/rq/connections.py:58: DeprecationWarning: The `push_connection` function is deprecated. Pass the `connection` explicitly instead.
  warnings.warn(
/home/soundharya/todo/env/lib/python3.10/site-packages/rq/connections.py:72: DeprecationWarning: The `pop_connection` function is deprecated. Pass the `connection` explicitly instead.
  warnings.warn(
/home/soundharya/todo/env/lib/python3.10/site-packages/rq/connections.py:58: DeprecationWarning: The `push_connection` function is deprecated. Pass the `connection` explicitly instead.
  warnings.warn(
/home/soundharya/todo/env/lib/python3.10/site-packages/rq/connections.py:72: DeprecationWarning: The `pop_connection` function is deprecated. Pass the `connection` explicitly instead.
  warnings.warn(
/home/soundharya/todo/env/lib/python3.10/site-packages/rq/connections.py:58: DeprecationWarning: The `push_connection` function is deprecated. Pass the `connection` explicitly instead.
  warnings.warn(
/home/soundharya/todo/env/lib/python3.10/site-packages/google/api_core/_python_version_support.py:266: FutureWarning: You are using a Python version (3.10.12) which Google will stop supporting in new releases of google.api_core once it reaches its end of life (2026-10-04). Please upgrade to the latest Python version, or at least Python 3.11, to continue receiving updates for google.api_core past that date.
  warnings.warn(message, FutureWarning)
/home/soundharya/todo/env/lib/python3.10/site-packages/httplib2/auth.py:19: DeprecationWarning: 'setName' deprecated - use 'set_name'
  token = pp.Word(tchar).setName("token")
/home/soundharya/todo/env/lib/python3.10/site-packages/httplib2/auth.py:20: DeprecationWarning: 'leaveWhitespace' deprecated - use 'leave_whitespace'
  token68 = pp.Combine(pp.Word("-._~+/" + pp.nums + pp.alphas) + pp.Optional(pp.Word("=").leaveWhitespace())).setName(
/home/soundharya/todo/env/lib/python3.10/site-packages/httplib2/auth.py:20: DeprecationWarning: 'setName' deprecated - use 'set_name'
  token68 = pp.Combine(pp.Word("-._~+/" + pp.nums + pp.alphas) + pp.Optional(pp.Word("=").leaveWhitespace())).setName(
/home/soundharya/todo/env/lib/python3.10/site-packages/httplib2/auth.py:24: DeprecationWarning: 'setName' deprecated - use 'set_name'
  quoted_string = pp.dblQuotedString.copy().setName("quoted-string").setParseAction(unquote)
/home/soundharya/todo/env/lib/python3.10/site-packages/httplib2/auth.py:24: DeprecationWarning: 'setParseAction' deprecated - use 'set_parse_action'
  quoted_string = pp.dblQuotedString.copy().setName("quoted-string").setParseAction(unquote)
/home/soundharya/todo/env/lib/python3.10/site-packages/httplib2/auth.py:25: DeprecationWarning: 'setName' deprecated - use 'set_name'
  auth_param_name = token.copy().setName("auth-param-name").addParseAction(downcaseTokens)
/home/soundharya/todo/env/lib/python3.10/site-packages/httplib2/auth.py:25: DeprecationWarning: 'addParseAction' deprecated - use 'add_parse_action'
  auth_param_name = token.copy().setName("auth-param-name").addParseAction(downcaseTokens)
/home/soundharya/todo/env/lib/python3.10/site-packages/httplib2/auth.py:27: DeprecationWarning: 'delimitedList' deprecated - use 'DelimitedList'
  params = pp.Dict(pp.delimitedList(pp.Group(auth_param)))
/home/soundharya/todo/env/lib/python3.10/site-packages/httplib2/auth.py:33: DeprecationWarning: 'delimitedList' deprecated - use 'DelimitedList'
  www_authenticate = pp.delimitedList(pp.Group(challenge))
/home/soundharya/todo/env/lib/python3.10/site-packages/rq/connections.py:72: DeprecationWarning: The `pop_connection` function is deprecated. Pass the `connection` explicitly instead.
  warnings.warn(
/home/soundharya/todo/env/lib/python3.10/site-packages/rq/connections.py:58: DeprecationWarning: The `push_connection` function is deprecated. Pass the `connection` explicitly instead.
  warnings.warn(
/home/soundharya/todo/env/lib/python3.10/site-packages/rq/connections.py:72: DeprecationWarning: The `pop_connection` function is deprecated. Pass the `connection` explicitly instead.
  warnings.warn(
/home/soundharya/todo/env/lib/python3.10/site-packages/rq/connections.py:58: DeprecationWarning: The `push_connection` function is deprecated. Pass the `connection` explicitly instead.
  warnings.warn(
/home/soundharya/todo/env/lib/python3.10/site-packages/rq/connections.py:72: DeprecationWarning: The `pop_connection` function is deprecated. Pass the `connection` explicitly instead.
  warnings.warn(
/home/soundharya/todo/env/lib/python3.10/site-packages/rq/connections.py:58: DeprecationWarning: The `push_connection` function is deprecated. Pass the `connection` explicitly instead.
  warnings.warn(
/home/soundharya/todo/env/lib/python3.10/site-packages/rq/connections.py:72: DeprecationWarning: The `pop_connection` function is deprecated. Pass the `connection` explicitly instead.
  warnings.warn(
/home/soundharya/todo/env/lib/python3.10/site-packages/rq/connections.py:58: DeprecationWarning: The `push_connection` function is deprecated. Pass the `connection` explicitly instead.
  warnings.warn(
/home/soundharya/todo/env/lib/python3.10/site-packages/rq/connections.py:72: DeprecationWarning: The `pop_connection` function is deprecated. Pass the `connection` explicitly instead.
  warnings.warn(
/home/soundharya/todo/env/lib/python3.10/site-packages/rq/connections.py:58: DeprecationWarning: The `push_connection` function is deprecated. Pass the `connection` explicitly instead.
  warnings.warn(
/home/soundharya/todo/env/lib/python3.10/site-packages/rq/connections.py:72: DeprecationWarning: The `pop_connection` function is deprecated. Pass the `connection` explicitly instead.
  warnings.warn(
/home/soundharya/todo/env/lib/python3.10/site-packages/rq/connections.py:58: DeprecationWarning: The `push_connection` function is deprecated. Pass the `connection` explicitly instead.
  warnings.warn(
/home/soundharya/todo/env/lib/python3.10/site-packages/rq/connections.py:72: DeprecationWarning: The `pop_connection` function is deprecated. Pass the `connection` explicitly instead.
  warnings.warn(
/home/soundharya/todo/env/lib/python3.10/site-packages/rq/connections.py:58: DeprecationWarning: The `push_connection` function is deprecated. Pass the `connection` explicitly instead.
  warnings.warn(
/home/soundharya/todo/env/lib/python3.10/site-packages/rq/connections.py:72: DeprecationWarning: The `pop_connection` function is deprecated. Pass the `connection` explicitly instead.
  warnings.warn(
/home/soundharya/todo/env/lib/python3.10/site-packages/rq/connections.py:58: DeprecationWarning: The `push_connection` function is deprecated. Pass the `connection` explicitly instead.
  warnings.warn(
/home/soundharya/todo/env/lib/python3.10/site-packages/rq/connections.py:72: DeprecationWarning: The `pop_connection` function is deprecated. Pass the `connection` explicitly instead.
  warnings.warn(
/home/soundharya/todo/env/lib/python3.10/site-packages/rq/connections.py:58: DeprecationWarning: The `push_connection` function is deprecated. Pass the `connection` explicitly instead.
  warnings.warn(
/home/soundharya/todo/env/lib/python3.10/site-packages/rq/connections.py:72: DeprecationWarning: The `pop_connection` function is deprecated. Pass the `connection` explicitly instead.
  warnings.warn(
/home/soundharya/todo/env/lib/python3.10/site-packages/rq/connections.py:58: DeprecationWarning: The `push_connection` function is deprecated. Pass the `connection` explicitly instead.
  warnings.warn(
/home/soundharya/todo/env/lib/python3.10/site-packages/rq/connections.py:72: DeprecationWarning: The `pop_connection` function is deprecated. Pass the `connection` explicitly instead.
  warnings.warn(
/home/soundharya/todo/env/lib/python3.10/site-packages/rq/connections.py:58: DeprecationWarning: The `push_connection` function is deprecated. Pass the `connection` explicitly instead.
  warnings.warn(
/home/soundharya/todo/env/lib/python3.10/site-packages/rq/connections.py:72: DeprecationWarning: The `pop_connection` function is deprecated. Pass the `connection` explicitly instead.
  warnings.warn(
/home/soundharya/todo/env/lib/python3.10/site-packages/rq/connections.py:58: DeprecationWarning: The `push_connection` function is deprecated. Pass the `connection` explicitly instead.
  warnings.warn(
/home/soundharya/todo/env/lib/python3.10/site-packages/rq/connections.py:72: DeprecationWarning: The `pop_connection` function is deprecated. Pass the `connection` explicitly instead.
  warnings.warn(
/home/soundharya/todo/env/lib/python3.10/site-packages/rq/connections.py:58: DeprecationWarning: The `push_connection` function is deprecated. Pass the `connection` explicitly instead.
  warnings.warn(
/home/soundharya/todo/env/lib/python3.10/site-packages/rq/connections.py:72: DeprecationWarning: The `pop_connection` function is deprecated. Pass the `connection` explicitly instead.
  warnings.warn(
/home/soundharya/todo/env/lib/python3.10/site-packages/rq/connections.py:58: DeprecationWarning: The `push_connection` function is deprecated. Pass the `connection` explicitly instead.
  warnings.warn(
/home/soundharya/todo/env/lib/python3.10/site-packages/rq/connections.py:72: DeprecationWarning: The `pop_connection` function is deprecated. Pass the `connection` explicitly instead.
  warnings.warn(
/home/soundharya/todo/env/lib/python3.10/site-packages/rq/connections.py:58: DeprecationWarning: The `push_connection` function is deprecated. Pass the `connection` explicitly instead.
  warnings.warn(
/home/soundharya/todo/env/lib/python3.10/site-packages/rq/connections.py:72: DeprecationWarning: The `pop_connection` function is deprecated. Pass the `connection` explicitly instead.
  warnings.warn(
/home/soundharya/todo/env/lib/python3.10/site-packages/rq/connections.py:58: DeprecationWarning: The `push_connection` function is deprecated. Pass the `connection` explicitly instead.
  warnings.warn(
/home/soundharya/todo/env/lib/python3.10/site-packages/rq/connections.py:72: DeprecationWarning: The `pop_connection` function is deprecated. Pass the `connection` explicitly instead.
  warnings.warn(
/home/soundharya/todo/env/lib/python3.10/site-packages/rq/connections.py:58: DeprecationWarning: The `push_connection` function is deprecated. Pass the `connection` explicitly instead.
  warnings.warn(
/home/soundharya/todo/env/lib/python3.10/site-packages/rq/connections.py:72: DeprecationWarning: The `pop_connection` function is deprecated. Pass the `connection` explicitly instead.
  warnings.warn(
/home/soundharya/todo/env/lib/python3.10/site-packages/rq/connections.py:58: DeprecationWarning: The `push_connection` function is deprecated. Pass the `connection` explicitly instead.
  warnings.warn(
/home/soundharya/todo/env/lib/python3.10/site-packages/rq/connections.py:72: DeprecationWarning: The `pop_connection` function is deprecated. Pass the `connection` explicitly instead.
  warnings.warn(
/home/soundharya/todo/env/lib/python3.10/site-packages/rq/connections.py:58: DeprecationWarning: The `push_connection` function is deprecated. Pass the `connection` explicitly instead.
  warnings.warn(
/home/soundharya/todo/env/lib/python3.10/site-packages/rq/connections.py:72: DeprecationWarning: The `pop_connection` function is deprecated. Pass the `connection` explicitly instead.
  warnings.warn(
/home/soundharya/todo/env/lib/python3.10/site-packages/rq/connections.py:58: DeprecationWarning: The `push_connection` function is deprecated. Pass the `connection` explicitly instead.
  warnings.warn(
/home/soundharya/todo/env/lib/python3.10/site-packages/rq/connections.py:72: DeprecationWarning: The `pop_connection` function is deprecated. Pass the `connection` explicitly instead.
  warnings.warn(
/home/soundharya/todo/env/lib/python3.10/site-packages/rq/connections.py:58: DeprecationWarning: The `push_connection` function is deprecated. Pass the `connection` explicitly instead.
  warnings.warn(
/home/soundharya/todo/env/lib/python3.10/site-packages/google/api_core/_python_version_support.py:266: FutureWarning: You are using a Python version (3.10.12) which Google will stop supporting in new releases of google.api_core once it reaches its end of life (2026-10-04). Please upgrade to the latest Python version, or at least Python 3.11, to continue receiving updates for google.api_core past that date.
  warnings.warn(message, FutureWarning)
/home/soundharya/todo/env/lib/python3.10/site-packages/httplib2/auth.py:19: DeprecationWarning: 'setName' deprecated - use 'set_name'
  token = pp.Word(tchar).setName("token")
/home/soundharya/todo/env/lib/python3.10/site-packages/httplib2/auth.py:20: DeprecationWarning: 'leaveWhitespace' deprecated - use 'leave_whitespace'
  token68 = pp.Combine(pp.Word("-._~+/" + pp.nums + pp.alphas) + pp.Optional(pp.Word("=").leaveWhitespace())).setName(
/home/soundharya/todo/env/lib/python3.10/site-packages/httplib2/auth.py:20: DeprecationWarning: 'setName' deprecated - use 'set_name'
  token68 = pp.Combine(pp.Word("-._~+/" + pp.nums + pp.alphas) + pp.Optional(pp.Word("=").leaveWhitespace())).setName(
/home/soundharya/todo/env/lib/python3.10/site-packages/httplib2/auth.py:24: DeprecationWarning: 'setName' deprecated - use 'set_name'
  quoted_string = pp.dblQuotedString.copy().setName("quoted-string").setParseAction(unquote)
/home/soundharya/todo/env/lib/python3.10/site-packages/httplib2/auth.py:24: DeprecationWarning: 'setParseAction' deprecated - use 'set_parse_action'
  quoted_string = pp.dblQuotedString.copy().setName("quoted-string").setParseAction(unquote)
/home/soundharya/todo/env/lib/python3.10/site-packages/httplib2/auth.py:25: DeprecationWarning: 'setName' deprecated - use 'set_name'
  auth_param_name = token.copy().setName("auth-param-name").addParseAction(downcaseTokens)
/home/soundharya/todo/env/lib/python3.10/site-packages/httplib2/auth.py:25: DeprecationWarning: 'addParseAction' deprecated - use 'add_parse_action'
  auth_param_name = token.copy().setName("auth-param-name").addParseAction(downcaseTokens)
/home/soundharya/todo/env/lib/python3.10/site-packages/httplib2/auth.py:27: DeprecationWarning: 'delimitedList' deprecated - use 'DelimitedList'
  params = pp.Dict(pp.delimitedList(pp.Group(auth_param)))
/home/soundharya/todo/env/lib/python3.10/site-packages/httplib2/auth.py:33: DeprecationWarning: 'delimitedList' deprecated - use 'DelimitedList'
  www_authenticate = pp.delimitedList(pp.Group(challenge))
/home/soundharya/todo/env/lib/python3.10/site-packages/rq/connections.py:72: DeprecationWarning: The `pop_connection` function is deprecated. Pass the `connection` explicitly instead.
  warnings.warn(
/home/soundharya/todo/env/lib/python3.10/site-packages/rq/connections.py:58: DeprecationWarning: The `push_connection` function is deprecated. Pass the `connection` explicitly instead.
  warnings.warn(
/home/soundharya/todo/env/lib/python3.10/site-packages/rq/connections.py:72: DeprecationWarning: The `pop_connection` function is deprecated. Pass the `connection` explicitly instead.
  warnings.warn(
/home/soundharya/todo/env/lib/python3.10/site-packages/rq/connections.py:58: DeprecationWarning: The `push_connection` function is deprecated. Pass the `connection` explicitly instead.
  warnings.warn(
/home/soundharya/todo/env/lib/python3.10/site-packages/rq/connections.py:72: DeprecationWarning: The `pop_connection` function is deprecated. Pass the `connection` explicitly instead.
  warnings.warn(
/home/soundharya/todo/env/lib/python3.10/site-packages/rq/connections.py:58: DeprecationWarning: The `push_connection` function is deprecated. Pass the `connection` explicitly instead.
  warnings.warn(
/home/soundharya/todo/env/lib/python3.10/site-packages/rq/connections.py:72: DeprecationWarning: The `pop_connection` function is deprecated. Pass the `connection` explicitly instead.
  warnings.warn(
/home/soundharya/todo/env/lib/python3.10/site-packages/rq/connections.py:58: DeprecationWarning: The `push_connection` function is deprecated. Pass the `connection` explicitly instead.
  warnings.warn(
/home/soundharya/todo/env/lib/python3.10/site-packages/rq/connections.py:72: DeprecationWarning: The `pop_connection` function is deprecated. Pass the `connection` explicitly instead.
  warnings.warn(
/home/soundharya/todo/env/lib/python3.10/site-packages/rq/connections.py:58: DeprecationWarning: The `push_connection` function is deprecated. Pass the `connection` explicitly instead.
  warnings.warn(
/home/soundharya/todo/env/lib/python3.10/site-packages/google/api_core/_python_version_support.py:266: FutureWarning: You are using a Python version (3.10.12) which Google will stop supporting in new releases of google.api_core once it reaches its end of life (2026-10-04). Please upgrade to the latest Python version, or at least Python 3.11, to continue receiving updates for google.api_core past that date.
  warnings.warn(message, FutureWarning)
/home/soundharya/todo/env/lib/python3.10/site-packages/httplib2/auth.py:19: DeprecationWarning: 'setName' deprecated - use 'set_name'
  token = pp.Word(tchar).setName("token")
/home/soundharya/todo/env/lib/python3.10/site-packages/httplib2/auth.py:20: DeprecationWarning: 'leaveWhitespace' deprecated - use 'leave_whitespace'
  token68 = pp.Combine(pp.Word("-._~+/" + pp.nums + pp.alphas) + pp.Optional(pp.Word("=").leaveWhitespace())).setName(
/home/soundharya/todo/env/lib/python3.10/site-packages/httplib2/auth.py:20: DeprecationWarning: 'setName' deprecated - use 'set_name'
  token68 = pp.Combine(pp.Word("-._~+/" + pp.nums + pp.alphas) + pp.Optional(pp.Word("=").leaveWhitespace())).setName(
/home/soundharya/todo/env/lib/python3.10/site-packages/httplib2/auth.py:24: DeprecationWarning: 'setName' deprecated - use 'set_name'
  quoted_string = pp.dblQuotedString.copy().setName("quoted-string").setParseAction(unquote)
/home/soundharya/todo/env/lib/python3.10/site-packages/httplib2/auth.py:24: DeprecationWarning: 'setParseAction' deprecated - use 'set_parse_action'
  quoted_string = pp.dblQuotedString.copy().setName("quoted-string").setParseAction(unquote)
/home/soundharya/todo/env/lib/python3.10/site-packages/httplib2/auth.py:25: DeprecationWarning: 'setName' deprecated - use 'set_name'
  auth_param_name = token.copy().setName("auth-param-name").addParseAction(downcaseTokens)
/home/soundharya/todo/env/lib/python3.10/site-packages/httplib2/auth.py:25: DeprecationWarning: 'addParseAction' deprecated - use 'add_parse_action'
  auth_param_name = token.copy().setName("auth-param-name").addParseAction(downcaseTokens)
/home/soundharya/todo/env/lib/python3.10/site-packages/httplib2/auth.py:27: DeprecationWarning: 'delimitedList' deprecated - use 'DelimitedList'
  params = pp.Dict(pp.delimitedList(pp.Group(auth_param)))
/home/soundharya/todo/env/lib/python3.10/site-packages/httplib2/auth.py:33: DeprecationWarning: 'delimitedList' deprecated - use 'DelimitedList'
  www_authenticate = pp.delimitedList(pp.Group(challenge))
/home/soundharya/todo/env/lib/python3.10/site-packages/rq/connections.py:72: DeprecationWarning: The `pop_connection` function is deprecated. Pass the `connection` explicitly instead.
  warnings.warn(
/home/soundharya/todo/env/lib/python3.10/site-packages/rq/connections.py:58: DeprecationWarning: The `push_connection` function is deprecated. Pass the `connection` explicitly instead.
  warnings.warn(
/home/soundharya/todo/env/lib/python3.10/site-packages/rq/connections.py:72: DeprecationWarning: The `pop_connection` function is deprecated. Pass the `connection` explicitly instead.
  warnings.warn(
/home/soundharya/todo/env/lib/python3.10/site-packages/rq/connections.py:58: DeprecationWarning: The `push_connection` function is deprecated. Pass the `connection` explicitly instead.
  warnings.warn(
/home/soundharya/todo/env/lib/python3.10/site-packages/rq/connections.py:72: DeprecationWarning: The `pop_connection` function is deprecated. Pass the `connection` explicitly instead.
  warnings.warn(
/home/soundharya/todo/env/lib/python3.10/site-packages/rq/connections.py:58: DeprecationWarning: The `push_connection` function is deprecated. Pass the `connection` explicitly instead.
  warnings.warn(
/home/soundharya/todo/env/lib/python3.10/site-packages/rq/connections.py:72: DeprecationWarning: The `pop_connection` function is deprecated. Pass the `connection` explicitly instead.
  warnings.warn(
/home/soundharya/todo/env/lib/python3.10/site-packages/rq/connections.py:58: DeprecationWarning: The `push_connection` function is deprecated. Pass the `connection` explicitly instead.
  warnings.warn(
/home/soundharya/todo/env/lib/python3.10/site-packages/rq/connections.py:72: DeprecationWarning: The `pop_connection` function is deprecated. Pass the `connection` explicitly instead.
  warnings.warn(
/home/soundharya/todo/env/lib/python3.10/site-packages/rq/connections.py:58: DeprecationWarning: The `push_connection` function is deprecated. Pass the `connection` explicitly instead.
  warnings.warn(
/home/soundharya/todo/env/lib/python3.10/site-packages/rq/connections.py:72: DeprecationWarning: The `pop_connection` function is deprecated. Pass the `connection` explicitly instead.
  warnings.warn(
/home/soundharya/todo/env/lib/python3.10/site-packages/rq/connections.py:58: DeprecationWarning: The `push_connection` function is deprecated. Pass the `connection` explicitly instead.
  warnings.warn(
/home/soundharya/todo/env/lib/python3.10/site-packages/google/api_core/_python_version_support.py:266: FutureWarning: You are using a Python version (3.10.12) which Google will stop supporting in new releases of google.api_core once it reaches its end of life (2026-10-04). Please upgrade to the latest Python version, or at least Python 3.11, to continue receiving updates for google.api_core past that date.
  warnings.warn(message, FutureWarning)
/home/soundharya/todo/env/lib/python3.10/site-packages/httplib2/auth.py:19: DeprecationWarning: 'setName' deprecated - use 'set_name'
  token = pp.Word(tchar).setName("token")
/home/soundharya/todo/env/lib/python3.10/site-packages/httplib2/auth.py:20: DeprecationWarning: 'leaveWhitespace' deprecated - use 'leave_whitespace'
  token68 = pp.Combine(pp.Word("-._~+/" + pp.nums + pp.alphas) + pp.Optional(pp.Word("=").leaveWhitespace())).setName(
/home/soundharya/todo/env/lib/python3.10/site-packages/httplib2/auth.py:20: DeprecationWarning: 'setName' deprecated - use 'set_name'
  token68 = pp.Combine(pp.Word("-._~+/" + pp.nums + pp.alphas) + pp.Optional(pp.Word("=").leaveWhitespace())).setName(
/home/soundharya/todo/env/lib/python3.10/site-packages/httplib2/auth.py:24: DeprecationWarning: 'setName' deprecated - use 'set_name'
  quoted_string = pp.dblQuotedString.copy().setName("quoted-string").setParseAction(unquote)
/home/soundharya/todo/env/lib/python3.10/site-packages/httplib2/auth.py:24: DeprecationWarning: 'setParseAction' deprecated - use 'set_parse_action'
  quoted_string = pp.dblQuotedString.copy().setName("quoted-string").setParseAction(unquote)
/home/soundharya/todo/env/lib/python3.10/site-packages/httplib2/auth.py:25: DeprecationWarning: 'setName' deprecated - use 'set_name'
  auth_param_name = token.copy().setName("auth-param-name").addParseAction(downcaseTokens)
/home/soundharya/todo/env/lib/python3.10/site-packages/httplib2/auth.py:25: DeprecationWarning: 'addParseAction' deprecated - use 'add_parse_action'
  auth_param_name = token.copy().setName("auth-param-name").addParseAction(downcaseTokens)
/home/soundharya/todo/env/lib/python3.10/site-packages/httplib2/auth.py:27: DeprecationWarning: 'delimitedList' deprecated - use 'DelimitedList'
  params = pp.Dict(pp.delimitedList(pp.Group(auth_param)))
/home/soundharya/todo/env/lib/python3.10/site-packages/httplib2/auth.py:33: DeprecationWarning: 'delimitedList' deprecated - use 'DelimitedList'
  www_authenticate = pp.delimitedList(pp.Group(challenge))
/home/soundharya/todo/env/lib/python3.10/site-packages/rq/connections.py:72: DeprecationWarning: The `pop_connection` function is deprecated. Pass the `connection` explicitly instead.
  warnings.warn(
/home/soundharya/todo/env/lib/python3.10/site-packages/rq/connections.py:58: DeprecationWarning: The `push_connection` function is deprecated. Pass the `connection` explicitly instead.
  warnings.warn(
/home/soundharya/todo/env/lib/python3.10/site-packages/rq/connections.py:72: DeprecationWarning: The `pop_connection` function is deprecated. Pass the `connection` explicitly instead.
  warnings.warn(
/home/soundharya/todo/env/lib/python3.10/site-packages/rq/connections.py:58: DeprecationWarning: The `push_connection` function is deprecated. Pass the `connection` explicitly instead.
  warnings.warn(
/home/soundharya/todo/env/lib/python3.10/site-packages/rq/connections.py:72: DeprecationWarning: The `pop_connection` function is deprecated. Pass the `connection` explicitly instead.
  warnings.warn(
/home/soundharya/todo/env/lib/python3.10/site-packages/rq/connections.py:58: DeprecationWarning: The `push_connection` function is deprecated. Pass the `connection` explicitly instead.
  warnings.warn(
/home/soundharya/todo/env/lib/python3.10/site-packages/rq/connections.py:72: DeprecationWarning: The `pop_connection` function is deprecated. Pass the `connection` explicitly instead.
  warnings.warn(
/home/soundharya/todo/env/lib/python3.10/site-packages/rq/connections.py:58: DeprecationWarning: The `push_connection` function is deprecated. Pass the `connection` explicitly instead.
  warnings.warn(
/home/soundharya/todo/env/lib/python3.10/site-packages/rq/connections.py:72: DeprecationWarning: The `pop_connection` function is deprecated. Pass the `connection` explicitly instead.
  warnings.warn(
/home/soundharya/todo/env/lib/python3.10/site-packages/rq/connections.py:58: DeprecationWarning: The `push_connection` function is deprecated. Pass the `connection` explicitly instead.
  warnings.warn(
/home/soundharya/todo/env/lib/python3.10/site-packages/rq/connections.py:72: DeprecationWarning: The `pop_connection` function is deprecated. Pass the `connection` explicitly instead.
  warnings.warn(
/home/soundharya/todo/env/lib/python3.10/site-packages/rq/connections.py:58: DeprecationWarning: The `push_connection` function is deprecated. Pass the `connection` explicitly instead.
  warnings.warn(
/home/soundharya/todo/env/lib/python3.10/site-packages/rq/connections.py:72: DeprecationWarning: The `pop_connection` function is deprecated. Pass the `connection` explicitly instead.
  warnings.warn(
/home/soundharya/todo/env/lib/python3.10/site-packages/rq/connections.py:58: DeprecationWarning: The `push_connection` function is deprecated. Pass the `connection` explicitly instead.
  warnings.warn(
/home/soundharya/todo/env/lib/python3.10/site-packages/rq/connections.py:72: DeprecationWarning: The `pop_connection` function is deprecated. Pass the `connection` explicitly instead.
  warnings.warn(
/home/soundharya/todo/env/lib/python3.10/site-packages/rq/connections.py:58: DeprecationWarning: The `push_connection` function is deprecated. Pass the `connection` explicitly instead.
  warnings.warn(
/home/soundharya/todo/env/lib/python3.10/site-packages/rq/connections.py:72: DeprecationWarning: The `pop_connection` function is deprecated. Pass the `connection` explicitly instead.
  warnings.warn(
/home/soundharya/todo/env/lib/python3.10/site-packages/rq/connections.py:58: DeprecationWarning: The `push_connection` function is deprecated. Pass the `connection` explicitly instead.
  warnings.warn(
/home/soundharya/todo/env/lib/python3.10/site-packages/rq/connections.py:72: DeprecationWarning: The `pop_connection` function is deprecated. Pass the `connection` explicitly instead.
  warnings.warn(
/home/soundharya/todo/env/lib/python3.10/site-packages/rq/connections.py:58: DeprecationWarning: The `push_connection` function is deprecated. Pass the `connection` explicitly instead.
  warnings.warn(
/home/soundharya/todo/env/lib/python3.10/site-packages/rq/connections.py:72: DeprecationWarning: The `pop_connection` function is deprecated. Pass the `connection` explicitly instead.
  warnings.warn(
/home/soundharya/todo/env/lib/python3.10/site-packages/rq/connections.py:58: DeprecationWarning: The `push_connection` function is deprecated. Pass the `connection` explicitly instead.
  warnings.warn(
/home/soundharya/todo/env/lib/python3.10/site-packages/google/api_core/_python_version_support.py:266: FutureWarning: You are using a Python version (3.10.12) which Google will stop supporting in new releases of google.api_core once it reaches its end of life (2026-10-04). Please upgrade to the latest Python version, or at least Python 3.11, to continue receiving updates for google.api_core past that date.
  warnings.warn(message, FutureWarning)
/home/soundharya/todo/env/lib/python3.10/site-packages/httplib2/auth.py:19: DeprecationWarning: 'setName' deprecated - use 'set_name'
  token = pp.Word(tchar).setName("token")
/home/soundharya/todo/env/lib/python3.10/site-packages/httplib2/auth.py:20: DeprecationWarning: 'leaveWhitespace' deprecated - use 'leave_whitespace'
  token68 = pp.Combine(pp.Word("-._~+/" + pp.nums + pp.alphas) + pp.Optional(pp.Word("=").leaveWhitespace())).setName(
/home/soundharya/todo/env/lib/python3.10/site-packages/httplib2/auth.py:20: DeprecationWarning: 'setName' deprecated - use 'set_name'
  token68 = pp.Combine(pp.Word("-._~+/" + pp.nums + pp.alphas) + pp.Optional(pp.Word("=").leaveWhitespace())).setName(
/home/soundharya/todo/env/lib/python3.10/site-packages/httplib2/auth.py:24: DeprecationWarning: 'setName' deprecated - use 'set_name'
  quoted_string = pp.dblQuotedString.copy().setName("quoted-string").setParseAction(unquote)
/home/soundharya/todo/env/lib/python3.10/site-packages/httplib2/auth.py:24: DeprecationWarning: 'setParseAction' deprecated - use 'set_parse_action'
  quoted_string = pp.dblQuotedString.copy().setName("quoted-string").setParseAction(unquote)
/home/soundharya/todo/env/lib/python3.10/site-packages/httplib2/auth.py:25: DeprecationWarning: 'setName' deprecated - use 'set_name'
  auth_param_name = token.copy().setName("auth-param-name").addParseAction(downcaseTokens)
/home/soundharya/todo/env/lib/python3.10/site-packages/httplib2/auth.py:25: DeprecationWarning: 'addParseAction' deprecated - use 'add_parse_action'
  auth_param_name = token.copy().setName("auth-param-name").addParseAction(downcaseTokens)
/home/soundharya/todo/env/lib/python3.10/site-packages/httplib2/auth.py:27: DeprecationWarning: 'delimitedList' deprecated - use 'DelimitedList'
  params = pp.Dict(pp.delimitedList(pp.Group(auth_param)))
/home/soundharya/todo/env/lib/python3.10/site-packages/httplib2/auth.py:33: DeprecationWarning: 'delimitedList' deprecated - use 'DelimitedList'
  www_authenticate = pp.delimitedList(pp.Group(challenge))
/home/soundharya/todo/env/lib/python3.10/site-packages/rq/connections.py:72: DeprecationWarning: The `pop_connection` function is deprecated. Pass the `connection` explicitly instead.
  warnings.warn(
/home/soundharya/todo/env/lib/python3.10/site-packages/rq/connections.py:58: DeprecationWarning: The `push_connection` function is deprecated. Pass the `connection` explicitly instead.
  warnings.warn(
/home/soundharya/todo/env/lib/python3.10/site-packages/rq/connections.py:72: DeprecationWarning: The `pop_connection` function is deprecated. Pass the `connection` explicitly instead.
  warnings.warn(
/home/soundharya/todo/env/lib/python3.10/site-packages/rq/connections.py:58: DeprecationWarning: The `push_connection` function is deprecated. Pass the `connection` explicitly instead.
  warnings.warn(
/home/soundharya/todo/env/lib/python3.10/site-packages/google/api_core/_python_version_support.py:266: FutureWarning: You are using a Python version (3.10.12) which Google will stop supporting in new releases of google.api_core once it reaches its end of life (2026-10-04). Please upgrade to the latest Python version, or at least Python 3.11, to continue receiving updates for google.api_core past that date.
  warnings.warn(message, FutureWarning)
/home/soundharya/todo/env/lib/python3.10/site-packages/httplib2/auth.py:19: DeprecationWarning: 'setName' deprecated - use 'set_name'
  token = pp.Word(tchar).setName("token")
/home/soundharya/todo/env/lib/python3.10/site-packages/httplib2/auth.py:20: DeprecationWarning: 'leaveWhitespace' deprecated - use 'leave_whitespace'
  token68 = pp.Combine(pp.Word("-._~+/" + pp.nums + pp.alphas) + pp.Optional(pp.Word("=").leaveWhitespace())).setName(
/home/soundharya/todo/env/lib/python3.10/site-packages/httplib2/auth.py:20: DeprecationWarning: 'setName' deprecated - use 'set_name'
  token68 = pp.Combine(pp.Word("-._~+/" + pp.nums + pp.alphas) + pp.Optional(pp.Word("=").leaveWhitespace())).setName(
/home/soundharya/todo/env/lib/python3.10/site-packages/httplib2/auth.py:24: DeprecationWarning: 'setName' deprecated - use 'set_name'
  quoted_string = pp.dblQuotedString.copy().setName("quoted-string").setParseAction(unquote)
/home/soundharya/todo/env/lib/python3.10/site-packages/httplib2/auth.py:24: DeprecationWarning: 'setParseAction' deprecated - use 'set_parse_action'
  quoted_string = pp.dblQuotedString.copy().setName("quoted-string").setParseAction(unquote)
/home/soundharya/todo/env/lib/python3.10/site-packages/httplib2/auth.py:25: DeprecationWarning: 'setName' deprecated - use 'set_name'
  auth_param_name = token.copy().setName("auth-param-name").addParseAction(downcaseTokens)
/home/soundharya/todo/env/lib/python3.10/site-packages/httplib2/auth.py:25: DeprecationWarning: 'addParseAction' deprecated - use 'add_parse_action'
  auth_param_name = token.copy().setName("auth-param-name").addParseAction(downcaseTokens)
/home/soundharya/todo/env/lib/python3.10/site-packages/httplib2/auth.py:27: DeprecationWarning: 'delimitedList' deprecated - use 'DelimitedList'
  params = pp.Dict(pp.delimitedList(pp.Group(auth_param)))
/home/soundharya/todo/env/lib/python3.10/site-packages/httplib2/auth.py:33: DeprecationWarning: 'delimitedList' deprecated - use 'DelimitedList'
  www_authenticate = pp.delimitedList(pp.Group(challenge))
/home/soundharya/todo/env/lib/python3.10/site-packages/rq/connections.py:72: DeprecationWarning: The `pop_connection` function is deprecated. Pass the `connection` explicitly instead.
  warnings.warn(
/home/soundharya/todo/env/lib/python3.10/site-packages/rq/connections.py:58: DeprecationWarning: The `push_connection` function is deprecated. Pass the `connection` explicitly instead.
  warnings.warn(
/home/soundharya/todo/env/lib/python3.10/site-packages/rq/connections.py:72: DeprecationWarning: The `pop_connection` function is deprecated. Pass the `connection` explicitly instead.
  warnings.warn(
/home/soundharya/todo/env/lib/python3.10/site-packages/rq/connections.py:58: DeprecationWarning: The `push_connection` function is deprecated. Pass the `connection` explicitly instead.
  warnings.warn(
/home/soundharya/todo/env/lib/python3.10/site-packages/rq/connections.py:72: DeprecationWarning: The `pop_connection` function is deprecated. Pass the `connection` explicitly instead.
  warnings.warn(
/home/soundharya/todo/env/lib/python3.10/site-packages/rq/connections.py:58: DeprecationWarning: The `push_connection` function is deprecated. Pass the `connection` explicitly instead.
  warnings.warn(
/home/soundharya/todo/env/lib/python3.10/site-packages/rq/connections.py:72: DeprecationWarning: The `pop_connection` function is deprecated. Pass the `connection` explicitly instead.
  warnings.warn(
/home/soundharya/todo/env/lib/python3.10/site-packages/rq/connections.py:58: DeprecationWarning: The `push_connection` function is deprecated. Pass the `connection` explicitly instead.
  warnings.warn(
/home/soundharya/todo/env/lib/python3.10/site-packages/rq/connections.py:72: DeprecationWarning: The `pop_connection` function is deprecated. Pass the `connection` explicitly instead.
  warnings.warn(
/home/soundharya/todo/env/lib/python3.10/site-packages/rq/connections.py:58: DeprecationWarning: The `push_connection` function is deprecated. Pass the `connection` explicitly instead.
  warnings.warn(
/home/soundharya/todo/env/lib/python3.10/site-packages/rq/connections.py:72: DeprecationWarning: The `pop_connection` function is deprecated. Pass the `connection` explicitly instead.
  warnings.warn(
/home/soundharya/todo/env/lib/python3.10/site-packages/rq/connections.py:58: DeprecationWarning: The `push_connection` function is deprecated. Pass the `connection` explicitly instead.
  warnings.warn(
/home/soundharya/todo/env/lib/python3.10/site-packages/google/api_core/_python_version_support.py:266: FutureWarning: You are using a Python version (3.10.12) which Google will stop supporting in new releases of google.api_core once it reaches its end of life (2026-10-04). Please upgrade to the latest Python version, or at least Python 3.11, to continue receiving updates for google.api_core past that date.
  warnings.warn(message, FutureWarning)
/home/soundharya/todo/env/lib/python3.10/site-packages/httplib2/auth.py:19: DeprecationWarning: 'setName' deprecated - use 'set_name'
  token = pp.Word(tchar).setName("token")
/home/soundharya/todo/env/lib/python3.10/site-packages/httplib2/auth.py:20: DeprecationWarning: 'leaveWhitespace' deprecated - use 'leave_whitespace'
  token68 = pp.Combine(pp.Word("-._~+/" + pp.nums + pp.alphas) + pp.Optional(pp.Word("=").leaveWhitespace())).setName(
/home/soundharya/todo/env/lib/python3.10/site-packages/httplib2/auth.py:20: DeprecationWarning: 'setName' deprecated - use 'set_name'
  token68 = pp.Combine(pp.Word("-._~+/" + pp.nums + pp.alphas) + pp.Optional(pp.Word("=").leaveWhitespace())).setName(
/home/soundharya/todo/env/lib/python3.10/site-packages/httplib2/auth.py:24: DeprecationWarning: 'setName' deprecated - use 'set_name'
  quoted_string = pp.dblQuotedString.copy().setName("quoted-string").setParseAction(unquote)
/home/soundharya/todo/env/lib/python3.10/site-packages/httplib2/auth.py:24: DeprecationWarning: 'setParseAction' deprecated - use 'set_parse_action'
  quoted_string = pp.dblQuotedString.copy().setName("quoted-string").setParseAction(unquote)
/home/soundharya/todo/env/lib/python3.10/site-packages/httplib2/auth.py:25: DeprecationWarning: 'setName' deprecated - use 'set_name'
  auth_param_name = token.copy().setName("auth-param-name").addParseAction(downcaseTokens)
/home/soundharya/todo/env/lib/python3.10/site-packages/httplib2/auth.py:25: DeprecationWarning: 'addParseAction' deprecated - use 'add_parse_action'
  auth_param_name = token.copy().setName("auth-param-name").addParseAction(downcaseTokens)
/home/soundharya/todo/env/lib/python3.10/site-packages/httplib2/auth.py:27: DeprecationWarning: 'delimitedList' deprecated - use 'DelimitedList'
  params = pp.Dict(pp.delimitedList(pp.Group(auth_param)))
/home/soundharya/todo/env/lib/python3.10/site-packages/httplib2/auth.py:33: DeprecationWarning: 'delimitedList' deprecated - use 'DelimitedList'
  www_authenticate = pp.delimitedList(pp.Group(challenge))
/home/soundharya/todo/env/lib/python3.10/site-packages/rq/connections.py:72: DeprecationWarning: The `pop_connection` function is deprecated. Pass the `connection` explicitly instead.
  warnings.warn(
/home/soundharya/todo/env/lib/python3.10/site-packages/rq/connections.py:58: DeprecationWarning: The `push_connection` function is deprecated. Pass the `connection` explicitly instead.
  warnings.warn(
/home/soundharya/todo/env/lib/python3.10/site-packages/rq/connections.py:72: DeprecationWarning: The `pop_connection` function is deprecated. Pass the `connection` explicitly instead.
  warnings.warn(
/home/soundharya/todo/env/lib/python3.10/site-packages/rq/connections.py:58: DeprecationWarning: The `push_connection` function is deprecated. Pass the `connection` explicitly instead.
  warnings.warn(
/home/soundharya/todo/env/lib/python3.10/site-packages/rq/connections.py:72: DeprecationWarning: The `pop_connection` function is deprecated. Pass the `connection` explicitly instead.
  warnings.warn(
/home/soundharya/todo/env/lib/python3.10/site-packages/rq/connections.py:58: DeprecationWarning: The `push_connection` function is deprecated. Pass the `connection` explicitly instead.
  warnings.warn(
/home/soundharya/todo/env/lib/python3.10/site-packages/rq/connections.py:72: DeprecationWarning: The `pop_connection` function is deprecated. Pass the `connection` explicitly instead.
  warnings.warn(
/home/soundharya/todo/env/lib/python3.10/site-packages/rq/connections.py:58: DeprecationWarning: The `push_connection` function is deprecated. Pass the `connection` explicitly instead.
  warnings.warn(
/home/soundharya/todo/env/lib/python3.10/site-packages/google/api_core/_python_version_support.py:266: FutureWarning: You are using a Python version (3.10.12) which Google will stop supporting in new releases of google.api_core once it reaches its end of life (2026-10-04). Please upgrade to the latest Python version, or at least Python 3.11, to continue receiving updates for google.api_core past that date.
  warnings.warn(message, FutureWarning)
/home/soundharya/todo/env/lib/python3.10/site-packages/httplib2/auth.py:19: DeprecationWarning: 'setName' deprecated - use 'set_name'
  token = pp.Word(tchar).setName("token")
/home/soundharya/todo/env/lib/python3.10/site-packages/httplib2/auth.py:20: DeprecationWarning: 'leaveWhitespace' deprecated - use 'leave_whitespace'
  token68 = pp.Combine(pp.Word("-._~+/" + pp.nums + pp.alphas) + pp.Optional(pp.Word("=").leaveWhitespace())).setName(
/home/soundharya/todo/env/lib/python3.10/site-packages/httplib2/auth.py:20: DeprecationWarning: 'setName' deprecated - use 'set_name'
  token68 = pp.Combine(pp.Word("-._~+/" + pp.nums + pp.alphas) + pp.Optional(pp.Word("=").leaveWhitespace())).setName(
/home/soundharya/todo/env/lib/python3.10/site-packages/httplib2/auth.py:24: DeprecationWarning: 'setName' deprecated - use 'set_name'
  quoted_string = pp.dblQuotedString.copy().setName("quoted-string").setParseAction(unquote)
/home/soundharya/todo/env/lib/python3.10/site-packages/httplib2/auth.py:24: DeprecationWarning: 'setParseAction' deprecated - use 'set_parse_action'
  quoted_string = pp.dblQuotedString.copy().setName("quoted-string").setParseAction(unquote)
/home/soundharya/todo/env/lib/python3.10/site-packages/httplib2/auth.py:25: DeprecationWarning: 'setName' deprecated - use 'set_name'
  auth_param_name = token.copy().setName("auth-param-name").addParseAction(downcaseTokens)
/home/soundharya/todo/env/lib/python3.10/site-packages/httplib2/auth.py:25: DeprecationWarning: 'addParseAction' deprecated - use 'add_parse_action'
  auth_param_name = token.copy().setName("auth-param-name").addParseAction(downcaseTokens)
/home/soundharya/todo/env/lib/python3.10/site-packages/httplib2/auth.py:27: DeprecationWarning: 'delimitedList' deprecated - use 'DelimitedList'
  params = pp.Dict(pp.delimitedList(pp.Group(auth_param)))
/home/soundharya/todo/env/lib/python3.10/site-packages/httplib2/auth.py:33: DeprecationWarning: 'delimitedList' deprecated - use 'DelimitedList'
  www_authenticate = pp.delimitedList(pp.Group(challenge))
/home/soundharya/todo/env/lib/python3.10/site-packages/rq/connections.py:72: DeprecationWarning: The `pop_connection` function is deprecated. Pass the `connection` explicitly instead.
  warnings.warn(
/home/soundharya/todo/env/lib/python3.10/site-packages/rq/connections.py:58: DeprecationWarning: The `push_connection` function is deprecated. Pass the `connection` explicitly instead.
  warnings.warn(
/home/soundharya/todo/env/lib/python3.10/site-packages/rq/connections.py:72: DeprecationWarning: The `pop_connection` function is deprecated. Pass the `connection` explicitly instead.
  warnings.warn(
/home/soundharya/todo/env/lib/python3.10/site-packages/rq/connections.py:58: DeprecationWarning: The `push_connection` function is deprecated. Pass the `connection` explicitly instead.
  warnings.warn(
/home/soundharya/todo/env/lib/python3.10/site-packages/rq/connections.py:72: DeprecationWarning: The `pop_connection` function is deprecated. Pass the `connection` explicitly instead.
  warnings.warn(
/home/soundharya/todo/env/lib/python3.10/site-packages/rq/connections.py:58: DeprecationWarning: The `push_connection` function is deprecated. Pass the `connection` explicitly instead.
  warnings.warn(
/home/soundharya/todo/env/lib/python3.10/site-packages/rq/connections.py:72: DeprecationWarning: The `pop_connection` function is deprecated. Pass the `connection` explicitly instead.
  warnings.warn(
/home/soundharya/todo/env/lib/python3.10/site-packages/rq/connections.py:58: DeprecationWarning: The `push_connection` function is deprecated. Pass the `connection` explicitly instead.
  warnings.warn(
/home/soundharya/todo/env/lib/python3.10/site-packages/rq/connections.py:72: DeprecationWarning: The `pop_connection` function is deprecated. Pass the `connection` explicitly instead.
  warnings.warn(
/home/soundharya/todo/env/lib/python3.10/site-packages/rq/connections.py:58: DeprecationWarning: The `push_connection` function is deprecated. Pass the `connection` explicitly instead.
  warnings.warn(
/home/soundharya/todo/env/lib/python3.10/site-packages/rq/connections.py:72: DeprecationWarning: The `pop_connection` function is deprecated. Pass the `connection` explicitly instead.
  warnings.warn(
/home/soundharya/todo/env/lib/python3.10/site-packages/rq/connections.py:58: DeprecationWarning: The `push_connection` function is deprecated. Pass the `connection` explicitly instead.
  warnings.warn(
/home/soundharya/todo/env/lib/python3.10/site-packages/rq/connections.py:72: DeprecationWarning: The `pop_connection` function is deprecated. Pass the `connection` explicitly instead.
  warnings.warn(
/home/soundharya/todo/env/lib/python3.10/site-packages/rq/connections.py:58: DeprecationWarning: The `push_connection` function is deprecated. Pass the `connection` explicitly instead.
  warnings.warn(
/home/soundharya/todo/env/lib/python3.10/site-packages/rq/connections.py:72: DeprecationWarning: The `pop_connection` function is deprecated. Pass the `connection` explicitly instead.
  warnings.warn(
/home/soundharya/todo/env/lib/python3.10/site-packages/rq/connections.py:58: DeprecationWarning: The `push_connection` function is deprecated. Pass the `connection` explicitly instead.
  warnings.warn(
/home/soundharya/todo/env/lib/python3.10/site-packages/rq/connections.py:72: DeprecationWarning: The `pop_connection` function is deprecated. Pass the `connection` explicitly instead.
  warnings.warn(
/home/soundharya/todo/env/lib/python3.10/site-packages/rq/connections.py:58: DeprecationWarning: The `push_connection` function is deprecated. Pass the `connection` explicitly instead.
  warnings.warn(
/home/soundharya/todo/env/lib/python3.10/site-packages/rq/connections.py:72: DeprecationWarning: The `pop_connection` function is deprecated. Pass the `connection` explicitly instead.
  warnings.warn(
/home/soundharya/todo/env/lib/python3.10/site-packages/rq/connections.py:58: DeprecationWarning: The `push_connection` function is deprecated. Pass the `connection` explicitly instead.
  warnings.warn(
/home/soundharya/todo/env/lib/python3.10/site-packages/rq/connections.py:72: DeprecationWarning: The `pop_connection` function is deprecated. Pass the `connection` explicitly instead.
  warnings.warn(
/home/soundharya/todo/env/lib/python3.10/site-packages/rq/connections.py:58: DeprecationWarning: The `push_connection` function is deprecated. Pass the `connection` explicitly instead.
  warnings.warn(
/home/soundharya/todo/env/lib/python3.10/site-packages/rq/connections.py:72: DeprecationWarning: The `pop_connection` function is deprecated. Pass the `connection` explicitly instead.
  warnings.warn(
/home/soundharya/todo/env/lib/python3.10/site-packages/rq/connections.py:58: DeprecationWarning: The `push_connection` function is deprecated. Pass the `connection` explicitly instead.
  warnings.warn(
/home/soundharya/todo/env/lib/python3.10/site-packages/rq/connections.py:72: DeprecationWarning: The `pop_connection` function is deprecated. Pass the `connection` explicitly instead.
  warnings.warn(
/home/soundharya/todo/env/lib/python3.10/site-packages/rq/connections.py:58: DeprecationWarning: The `push_connection` function is deprecated. Pass the `connection` explicitly instead.
  warnings.warn(
/home/soundharya/todo/env/lib/python3.10/site-packages/rq/connections.py:72: DeprecationWarning: The `pop_connection` function is deprecated. Pass the `connection` explicitly instead.
  warnings.warn(
/home/soundharya/todo/env/lib/python3.10/site-packages/rq/connections.py:58: DeprecationWarning: The `push_connection` function is deprecated. Pass the `connection` explicitly instead.
  warnings.warn(
/home/soundharya/todo/env/lib/python3.10/site-packages/google/api_core/_python_version_support.py:266: FutureWarning: You are using a Python version (3.10.12) which Google will stop supporting in new releases of google.api_core once it reaches its end of life (2026-10-04). Please upgrade to the latest Python version, or at least Python 3.11, to continue receiving updates for google.api_core past that date.
  warnings.warn(message, FutureWarning)
/home/soundharya/todo/env/lib/python3.10/site-packages/httplib2/auth.py:19: DeprecationWarning: 'setName' deprecated - use 'set_name'
  token = pp.Word(tchar).setName("token")
/home/soundharya/todo/env/lib/python3.10/site-packages/httplib2/auth.py:20: DeprecationWarning: 'leaveWhitespace' deprecated - use 'leave_whitespace'
  token68 = pp.Combine(pp.Word("-._~+/" + pp.nums + pp.alphas) + pp.Optional(pp.Word("=").leaveWhitespace())).setName(
/home/soundharya/todo/env/lib/python3.10/site-packages/httplib2/auth.py:20: DeprecationWarning: 'setName' deprecated - use 'set_name'
  token68 = pp.Combine(pp.Word("-._~+/" + pp.nums + pp.alphas) + pp.Optional(pp.Word("=").leaveWhitespace())).setName(
/home/soundharya/todo/env/lib/python3.10/site-packages/httplib2/auth.py:24: DeprecationWarning: 'setName' deprecated - use 'set_name'
  quoted_string = pp.dblQuotedString.copy().setName("quoted-string").setParseAction(unquote)
/home/soundharya/todo/env/lib/python3.10/site-packages/httplib2/auth.py:24: DeprecationWarning: 'setParseAction' deprecated - use 'set_parse_action'
  quoted_string = pp.dblQuotedString.copy().setName("quoted-string").setParseAction(unquote)
/home/soundharya/todo/env/lib/python3.10/site-packages/httplib2/auth.py:25: DeprecationWarning: 'setName' deprecated - use 'set_name'
  auth_param_name = token.copy().setName("auth-param-name").addParseAction(downcaseTokens)
/home/soundharya/todo/env/lib/python3.10/site-packages/httplib2/auth.py:25: DeprecationWarning: 'addParseAction' deprecated - use 'add_parse_action'
  auth_param_name = token.copy().setName("auth-param-name").addParseAction(downcaseTokens)
/home/soundharya/todo/env/lib/python3.10/site-packages/httplib2/auth.py:27: DeprecationWarning: 'delimitedList' deprecated - use 'DelimitedList'
  params = pp.Dict(pp.delimitedList(pp.Group(auth_param)))
/home/soundharya/todo/env/lib/python3.10/site-packages/httplib2/auth.py:33: DeprecationWarning: 'delimitedList' deprecated - use 'DelimitedList'
  www_authenticate = pp.delimitedList(pp.Group(challenge))
/home/soundharya/todo/env/lib/python3.10/site-packages/rq/connections.py:72: DeprecationWarning: The `pop_connection` function is deprecated. Pass the `connection` explicitly instead.
  warnings.warn(
/home/soundharya/todo/env/lib/python3.10/site-packages/rq/connections.py:58: DeprecationWarning: The `push_connection` function is deprecated. Pass the `connection` explicitly instead.
  warnings.warn(
/home/soundharya/todo/env/lib/python3.10/site-packages/google/api_core/_python_version_support.py:266: FutureWarning: You are using a Python version (3.10.12) which Google will stop supporting in new releases of google.api_core once it reaches its end of life (2026-10-04). Please upgrade to the latest Python version, or at least Python 3.11, to continue receiving updates for google.api_core past that date.
  warnings.warn(message, FutureWarning)
/home/soundharya/todo/env/lib/python3.10/site-packages/httplib2/auth.py:19: DeprecationWarning: 'setName' deprecated - use 'set_name'
  token = pp.Word(tchar).setName("token")
/home/soundharya/todo/env/lib/python3.10/site-packages/httplib2/auth.py:20: DeprecationWarning: 'leaveWhitespace' deprecated - use 'leave_whitespace'
  token68 = pp.Combine(pp.Word("-._~+/" + pp.nums + pp.alphas) + pp.Optional(pp.Word("=").leaveWhitespace())).setName(
/home/soundharya/todo/env/lib/python3.10/site-packages/httplib2/auth.py:20: DeprecationWarning: 'setName' deprecated - use 'set_name'
  token68 = pp.Combine(pp.Word("-._~+/" + pp.nums + pp.alphas) + pp.Optional(pp.Word("=").leaveWhitespace())).setName(
/home/soundharya/todo/env/lib/python3.10/site-packages/httplib2/auth.py:24: DeprecationWarning: 'setName' deprecated - use 'set_name'
  quoted_string = pp.dblQuotedString.copy().setName("quoted-string").setParseAction(unquote)
/home/soundharya/todo/env/lib/python3.10/site-packages/httplib2/auth.py:24: DeprecationWarning: 'setParseAction' deprecated - use 'set_parse_action'
  quoted_string = pp.dblQuotedString.copy().setName("quoted-string").setParseAction(unquote)
/home/soundharya/todo/env/lib/python3.10/site-packages/httplib2/auth.py:25: DeprecationWarning: 'setName' deprecated - use 'set_name'
  auth_param_name = token.copy().setName("auth-param-name").addParseAction(downcaseTokens)
/home/soundharya/todo/env/lib/python3.10/site-packages/httplib2/auth.py:25: DeprecationWarning: 'addParseAction' deprecated - use 'add_parse_action'
  auth_param_name = token.copy().setName("auth-param-name").addParseAction(downcaseTokens)
/home/soundharya/todo/env/lib/python3.10/site-packages/httplib2/auth.py:27: DeprecationWarning: 'delimitedList' deprecated - use 'DelimitedList'
  params = pp.Dict(pp.delimitedList(pp.Group(auth_param)))
/home/soundharya/todo/env/lib/python3.10/site-packages/httplib2/auth.py:33: DeprecationWarning: 'delimitedList' deprecated - use 'DelimitedList'
  www_authenticate = pp.delimitedList(pp.Group(challenge))
/home/soundharya/todo/env/lib/python3.10/site-packages/rq/connections.py:72: DeprecationWarning: The `pop_connection` function is deprecated. Pass the `connection` explicitly instead.
  warnings.warn(
/home/soundharya/todo/env/lib/python3.10/site-packages/rq/connections.py:58: DeprecationWarning: The `push_connection` function is deprecated. Pass the `connection` explicitly instead.
  warnings.warn(
/home/soundharya/todo/env/lib/python3.10/site-packages/rq/connections.py:72: DeprecationWarning: The `pop_connection` function is deprecated. Pass the `connection` explicitly instead.
  warnings.warn(
/home/soundharya/todo/env/lib/python3.10/site-packages/rq/connections.py:58: DeprecationWarning: The `push_connection` function is deprecated. Pass the `connection` explicitly instead.
  warnings.warn(
/home/soundharya/todo/env/lib/python3.10/site-packages/rq/connections.py:72: DeprecationWarning: The `pop_connection` function is deprecated. Pass the `connection` explicitly instead.
  warnings.warn(
/home/soundharya/todo/env/lib/python3.10/site-packages/rq/connections.py:58: DeprecationWarning: The `push_connection` function is deprecated. Pass the `connection` explicitly instead.
  warnings.warn(
/home/soundharya/todo/env/lib/python3.10/site-packages/rq/connections.py:72: DeprecationWarning: The `pop_connection` function is deprecated. Pass the `connection` explicitly instead.
  warnings.warn(
/home/soundharya/todo/env/lib/python3.10/site-packages/rq/connections.py:58: DeprecationWarning: The `push_connection` function is deprecated. Pass the `connection` explicitly instead.
  warnings.warn(
/home/soundharya/todo/env/lib/python3.10/site-packages/rq/connections.py:72: DeprecationWarning: The `pop_connection` function is deprecated. Pass the `connection` explicitly instead.
  warnings.warn(
/home/soundharya/todo/env/lib/python3.10/site-packages/rq/connections.py:58: DeprecationWarning: The `push_connection` function is deprecated. Pass the `connection` explicitly instead.
  warnings.warn(
/home/soundharya/todo/env/lib/python3.10/site-packages/rq/connections.py:72: DeprecationWarning: The `pop_connection` function is deprecated. Pass the `connection` explicitly instead.
  warnings.warn(
/home/soundharya/todo/env/lib/python3.10/site-packages/rq/connections.py:58: DeprecationWarning: The `push_connection` function is deprecated. Pass the `connection` explicitly instead.
  warnings.warn(
/home/soundharya/todo/env/lib/python3.10/site-packages/google/api_core/_python_version_support.py:266: FutureWarning: You are using a Python version (3.10.12) which Google will stop supporting in new releases of google.api_core once it reaches its end of life (2026-10-04). Please upgrade to the latest Python version, or at least Python 3.11, to continue receiving updates for google.api_core past that date.
  warnings.warn(message, FutureWarning)
/home/soundharya/todo/env/lib/python3.10/site-packages/httplib2/auth.py:19: DeprecationWarning: 'setName' deprecated - use 'set_name'
  token = pp.Word(tchar).setName("token")
/home/soundharya/todo/env/lib/python3.10/site-packages/httplib2/auth.py:20: DeprecationWarning: 'leaveWhitespace' deprecated - use 'leave_whitespace'
  token68 = pp.Combine(pp.Word("-._~+/" + pp.nums + pp.alphas) + pp.Optional(pp.Word("=").leaveWhitespace())).setName(
/home/soundharya/todo/env/lib/python3.10/site-packages/httplib2/auth.py:20: DeprecationWarning: 'setName' deprecated - use 'set_name'
  token68 = pp.Combine(pp.Word("-._~+/" + pp.nums + pp.alphas) + pp.Optional(pp.Word("=").leaveWhitespace())).setName(
/home/soundharya/todo/env/lib/python3.10/site-packages/httplib2/auth.py:24: DeprecationWarning: 'setName' deprecated - use 'set_name'
  quoted_string = pp.dblQuotedString.copy().setName("quoted-string").setParseAction(unquote)
/home/soundharya/todo/env/lib/python3.10/site-packages/httplib2/auth.py:24: DeprecationWarning: 'setParseAction' deprecated - use 'set_parse_action'
  quoted_string = pp.dblQuotedString.copy().setName("quoted-string").setParseAction(unquote)
/home/soundharya/todo/env/lib/python3.10/site-packages/httplib2/auth.py:25: DeprecationWarning: 'setName' deprecated - use 'set_name'
  auth_param_name = token.copy().setName("auth-param-name").addParseAction(downcaseTokens)
/home/soundharya/todo/env/lib/python3.10/site-packages/httplib2/auth.py:25: DeprecationWarning: 'addParseAction' deprecated - use 'add_parse_action'
  auth_param_name = token.copy().setName("auth-param-name").addParseAction(downcaseTokens)
/home/soundharya/todo/env/lib/python3.10/site-packages/httplib2/auth.py:27: DeprecationWarning: 'delimitedList' deprecated - use 'DelimitedList'
  params = pp.Dict(pp.delimitedList(pp.Group(auth_param)))
/home/soundharya/todo/env/lib/python3.10/site-packages/httplib2/auth.py:33: DeprecationWarning: 'delimitedList' deprecated - use 'DelimitedList'
  www_authenticate = pp.delimitedList(pp.Group(challenge))
/home/soundharya/todo/env/lib/python3.10/site-packages/rq/connections.py:72: DeprecationWarning: The `pop_connection` function is deprecated. Pass the `connection` explicitly instead.
  warnings.warn(
/home/soundharya/todo/env/lib/python3.10/site-packages/rq/connections.py:58: DeprecationWarning: The `push_connection` function is deprecated. Pass the `connection` explicitly instead.
  warnings.warn(
/home/soundharya/todo/env/lib/python3.10/site-packages/rq/connections.py:72: DeprecationWarning: The `pop_connection` function is deprecated. Pass the `connection` explicitly instead.
  warnings.warn(
/home/soundharya/todo/env/lib/python3.10/site-packages/rq/connections.py:58: DeprecationWarning: The `push_connection` function is deprecated. Pass the `connection` explicitly instead.
  warnings.warn(
/home/soundharya/todo/env/lib/python3.10/site-packages/rq/connections.py:72: DeprecationWarning: The `pop_connection` function is deprecated. Pass the `connection` explicitly instead.
  warnings.warn(
/home/soundharya/todo/env/lib/python3.10/site-packages/rq/connections.py:58: DeprecationWarning: The `push_connection` function is deprecated. Pass the `connection` explicitly instead.
  warnings.warn(
/home/soundharya/todo/env/lib/python3.10/site-packages/rq/connections.py:72: DeprecationWarning: The `pop_connection` function is deprecated. Pass the `connection` explicitly instead.
  warnings.warn(
/home/soundharya/todo/env/lib/python3.10/site-packages/rq/connections.py:58: DeprecationWarning: The `push_connection` function is deprecated. Pass the `connection` explicitly instead.
  warnings.warn(
/home/soundharya/todo/env/lib/python3.10/site-packages/rq/connections.py:72: DeprecationWarning: The `pop_connection` function is deprecated. Pass the `connection` explicitly instead.
  warnings.warn(
/home/soundharya/todo/env/lib/python3.10/site-packages/rq/connections.py:58: DeprecationWarning: The `push_connection` function is deprecated. Pass the `connection` explicitly instead.
  warnings.warn(
/home/soundharya/todo/env/lib/python3.10/site-packages/google/api_core/_python_version_support.py:266: FutureWarning: You are using a Python version (3.10.12) which Google will stop supporting in new releases of google.api_core once it reaches its end of life (2026-10-04). Please upgrade to the latest Python version, or at least Python 3.11, to continue receiving updates for google.api_core past that date.
  warnings.warn(message, FutureWarning)
/home/soundharya/todo/env/lib/python3.10/site-packages/httplib2/auth.py:19: DeprecationWarning: 'setName' deprecated - use 'set_name'
  token = pp.Word(tchar).setName("token")
/home/soundharya/todo/env/lib/python3.10/site-packages/httplib2/auth.py:20: DeprecationWarning: 'leaveWhitespace' deprecated - use 'leave_whitespace'
  token68 = pp.Combine(pp.Word("-._~+/" + pp.nums + pp.alphas) + pp.Optional(pp.Word("=").leaveWhitespace())).setName(
/home/soundharya/todo/env/lib/python3.10/site-packages/httplib2/auth.py:20: DeprecationWarning: 'setName' deprecated - use 'set_name'
  token68 = pp.Combine(pp.Word("-._~+/" + pp.nums + pp.alphas) + pp.Optional(pp.Word("=").leaveWhitespace())).setName(
/home/soundharya/todo/env/lib/python3.10/site-packages/httplib2/auth.py:24: DeprecationWarning: 'setName' deprecated - use 'set_name'
  quoted_string = pp.dblQuotedString.copy().setName("quoted-string").setParseAction(unquote)
/home/soundharya/todo/env/lib/python3.10/site-packages/httplib2/auth.py:24: DeprecationWarning: 'setParseAction' deprecated - use 'set_parse_action'
  quoted_string = pp.dblQuotedString.copy().setName("quoted-string").setParseAction(unquote)
/home/soundharya/todo/env/lib/python3.10/site-packages/httplib2/auth.py:25: DeprecationWarning: 'setName' deprecated - use 'set_name'
  auth_param_name = token.copy().setName("auth-param-name").addParseAction(downcaseTokens)
/home/soundharya/todo/env/lib/python3.10/site-packages/httplib2/auth.py:25: DeprecationWarning: 'addParseAction' deprecated - use 'add_parse_action'
  auth_param_name = token.copy().setName("auth-param-name").addParseAction(downcaseTokens)
/home/soundharya/todo/env/lib/python3.10/site-packages/httplib2/auth.py:27: DeprecationWarning: 'delimitedList' deprecated - use 'DelimitedList'
  params = pp.Dict(pp.delimitedList(pp.Group(auth_param)))
/home/soundharya/todo/env/lib/python3.10/site-packages/httplib2/auth.py:33: DeprecationWarning: 'delimitedList' deprecated - use 'DelimitedList'
  www_authenticate = pp.delimitedList(pp.Group(challenge))
/home/soundharya/todo/env/lib/python3.10/site-packages/rq/connections.py:72: DeprecationWarning: The `pop_connection` function is deprecated. Pass the `connection` explicitly instead.
  warnings.warn(
/home/soundharya/todo/env/lib/python3.10/site-packages/rq/connections.py:58: DeprecationWarning: The `push_connection` function is deprecated. Pass the `connection` explicitly instead.
  warnings.warn(
/home/soundharya/todo/env/lib/python3.10/site-packages/rq/connections.py:72: DeprecationWarning: The `pop_connection` function is deprecated. Pass the `connection` explicitly instead.
  warnings.warn(
/home/soundharya/todo/env/lib/python3.10/site-packages/rq/connections.py:58: DeprecationWarning: The `push_connection` function is deprecated. Pass the `connection` explicitly instead.
  warnings.warn(
/home/soundharya/todo/env/lib/python3.10/site-packages/rq/connections.py:72: DeprecationWarning: The `pop_connection` function is deprecated. Pass the `connection` explicitly instead.
  warnings.warn(
/home/soundharya/todo/env/lib/python3.10/site-packages/rq/connections.py:58: DeprecationWarning: The `push_connection` function is deprecated. Pass the `connection` explicitly instead.
  warnings.warn(
/home/soundharya/todo/env/lib/python3.10/site-packages/rq/connections.py:72: DeprecationWarning: The `pop_connection` function is deprecated. Pass the `connection` explicitly instead.
  warnings.warn(
/home/soundharya/todo/env/lib/python3.10/site-packages/rq/connections.py:58: DeprecationWarning: The `push_connection` function is deprecated. Pass the `connection` explicitly instead.
  warnings.warn(
/home/soundharya/todo/env/lib/python3.10/site-packages/rq/connections.py:72: DeprecationWarning: The `pop_connection` function is deprecated. Pass the `connection` explicitly instead.
  warnings.warn(
/home/soundharya/todo/env/lib/python3.10/site-packages/rq/connections.py:58: DeprecationWarning: The `push_connection` function is deprecated. Pass the `connection` explicitly instead.
  warnings.warn(
/home/soundharya/todo/env/lib/python3.10/site-packages/rq/connections.py:72: DeprecationWarning: The `pop_connection` function is deprecated. Pass the `connection` explicitly instead.
  warnings.warn(
/home/soundharya/todo/env/lib/python3.10/site-packages/rq/connections.py:58: DeprecationWarning: The `push_connection` function is deprecated. Pass the `connection` explicitly instead.
  warnings.warn(
/home/soundharya/todo/env/lib/python3.10/site-packages/rq/connections.py:72: DeprecationWarning: The `pop_connection` function is deprecated. Pass the `connection` explicitly instead.
  warnings.warn(
/home/soundharya/todo/env/lib/python3.10/site-packages/rq/connections.py:58: DeprecationWarning: The `push_connection` function is deprecated. Pass the `connection` explicitly instead.
  warnings.warn(
/home/soundharya/todo/env/lib/python3.10/site-packages/rq/connections.py:72: DeprecationWarning: The `pop_connection` function is deprecated. Pass the `connection` explicitly instead.
  warnings.warn(
/home/soundharya/todo/env/lib/python3.10/site-packages/rq/connections.py:58: DeprecationWarning: The `push_connection` function is deprecated. Pass the `connection` explicitly instead.
  warnings.warn(
/home/soundharya/todo/env/lib/python3.10/site-packages/rq/connections.py:72: DeprecationWarning: The `pop_connection` function is deprecated. Pass the `connection` explicitly instead.
  warnings.warn(
/home/soundharya/todo/env/lib/python3.10/site-packages/rq/connections.py:58: DeprecationWarning: The `push_connection` function is deprecated. Pass the `connection` explicitly instead.
  warnings.warn(
/home/soundharya/todo/env/lib/python3.10/site-packages/google/api_core/_python_version_support.py:266: FutureWarning: You are using a Python version (3.10.12) which Google will stop supporting in new releases of google.api_core once it reaches its end of life (2026-10-04). Please upgrade to the latest Python version, or at least Python 3.11, to continue receiving updates for google.api_core past that date.
  warnings.warn(message, FutureWarning)
/home/soundharya/todo/env/lib/python3.10/site-packages/httplib2/auth.py:19: DeprecationWarning: 'setName' deprecated - use 'set_name'
  token = pp.Word(tchar).setName("token")
/home/soundharya/todo/env/lib/python3.10/site-packages/httplib2/auth.py:20: DeprecationWarning: 'leaveWhitespace' deprecated - use 'leave_whitespace'
  token68 = pp.Combine(pp.Word("-._~+/" + pp.nums + pp.alphas) + pp.Optional(pp.Word("=").leaveWhitespace())).setName(
/home/soundharya/todo/env/lib/python3.10/site-packages/httplib2/auth.py:20: DeprecationWarning: 'setName' deprecated - use 'set_name'
  token68 = pp.Combine(pp.Word("-._~+/" + pp.nums + pp.alphas) + pp.Optional(pp.Word("=").leaveWhitespace())).setName(
/home/soundharya/todo/env/lib/python3.10/site-packages/httplib2/auth.py:24: DeprecationWarning: 'setName' deprecated - use 'set_name'
  quoted_string = pp.dblQuotedString.copy().setName("quoted-string").setParseAction(unquote)
/home/soundharya/todo/env/lib/python3.10/site-packages/httplib2/auth.py:24: DeprecationWarning: 'setParseAction' deprecated - use 'set_parse_action'
  quoted_string = pp.dblQuotedString.copy().setName("quoted-string").setParseAction(unquote)
/home/soundharya/todo/env/lib/python3.10/site-packages/httplib2/auth.py:25: DeprecationWarning: 'setName' deprecated - use 'set_name'
  auth_param_name = token.copy().setName("auth-param-name").addParseAction(downcaseTokens)
/home/soundharya/todo/env/lib/python3.10/site-packages/httplib2/auth.py:25: DeprecationWarning: 'addParseAction' deprecated - use 'add_parse_action'
  auth_param_name = token.copy().setName("auth-param-name").addParseAction(downcaseTokens)
/home/soundharya/todo/env/lib/python3.10/site-packages/httplib2/auth.py:27: DeprecationWarning: 'delimitedList' deprecated - use 'DelimitedList'
  params = pp.Dict(pp.delimitedList(pp.Group(auth_param)))
/home/soundharya/todo/env/lib/python3.10/site-packages/httplib2/auth.py:33: DeprecationWarning: 'delimitedList' deprecated - use 'DelimitedList'
  www_authenticate = pp.delimitedList(pp.Group(challenge))
/home/soundharya/todo/env/lib/python3.10/site-packages/rq/connections.py:72: DeprecationWarning: The `pop_connection` function is deprecated. Pass the `connection` explicitly instead.
  warnings.warn(
/home/soundharya/todo/env/lib/python3.10/site-packages/rq/connections.py:58: DeprecationWarning: The `push_connection` function is deprecated. Pass the `connection` explicitly instead.
  warnings.warn(
/home/soundharya/todo/env/lib/python3.10/site-packages/rq/connections.py:72: DeprecationWarning: The `pop_connection` function is deprecated. Pass the `connection` explicitly instead.
  warnings.warn(
/home/soundharya/todo/env/lib/python3.10/site-packages/rq/connections.py:58: DeprecationWarning: The `push_connection` function is deprecated. Pass the `connection` explicitly instead.
  warnings.warn(
/home/soundharya/todo/env/lib/python3.10/site-packages/rq/connections.py:72: DeprecationWarning: The `pop_connection` function is deprecated. Pass the `connection` explicitly instead.
  warnings.warn(
/home/soundharya/todo/env/lib/python3.10/site-packages/rq/connections.py:58: DeprecationWarning: The `push_connection` function is deprecated. Pass the `connection` explicitly instead.
  warnings.warn(
/home/soundharya/todo/env/lib/python3.10/site-packages/rq/connections.py:72: DeprecationWarning: The `pop_connection` function is deprecated. Pass the `connection` explicitly instead.
  warnings.warn(
/home/soundharya/todo/env/lib/python3.10/site-packages/rq/connections.py:58: DeprecationWarning: The `push_connection` function is deprecated. Pass the `connection` explicitly instead.
  warnings.warn(
/home/soundharya/todo/env/lib/python3.10/site-packages/rq/connections.py:72: DeprecationWarning: The `pop_connection` function is deprecated. Pass the `connection` explicitly instead.
  warnings.warn(
/home/soundharya/todo/env/lib/python3.10/site-packages/rq/connections.py:58: DeprecationWarning: The `push_connection` function is deprecated. Pass the `connection` explicitly instead.
  warnings.warn(
/home/soundharya/todo/env/lib/python3.10/site-packages/rq/connections.py:72: DeprecationWarning: The `pop_connection` function is deprecated. Pass the `connection` explicitly instead.
  warnings.warn(
/home/soundharya/todo/env/lib/python3.10/site-packages/rq/connections.py:58: DeprecationWarning: The `push_connection` function is deprecated. Pass the `connection` explicitly instead.
  warnings.warn(
/home/soundharya/todo/env/lib/python3.10/site-packages/rq/connections.py:72: DeprecationWarning: The `pop_connection` function is deprecated. Pass the `connection` explicitly instead.
  warnings.warn(
/home/soundharya/todo/env/lib/python3.10/site-packages/rq/connections.py:58: DeprecationWarning: The `push_connection` function is deprecated. Pass the `connection` explicitly instead.
  warnings.warn(
/home/soundharya/todo/env/lib/python3.10/site-packages/google/api_core/_python_version_support.py:266: FutureWarning: You are using a Python version (3.10.12) which Google will stop supporting in new releases of google.api_core once it reaches its end of life (2026-10-04). Please upgrade to the latest Python version, or at least Python 3.11, to continue receiving updates for google.api_core past that date.
  warnings.warn(message, FutureWarning)
/home/soundharya/todo/env/lib/python3.10/site-packages/httplib2/auth.py:19: DeprecationWarning: 'setName' deprecated - use 'set_name'
  token = pp.Word(tchar).setName("token")
/home/soundharya/todo/env/lib/python3.10/site-packages/httplib2/auth.py:20: DeprecationWarning: 'leaveWhitespace' deprecated - use 'leave_whitespace'
  token68 = pp.Combine(pp.Word("-._~+/" + pp.nums + pp.alphas) + pp.Optional(pp.Word("=").leaveWhitespace())).setName(
/home/soundharya/todo/env/lib/python3.10/site-packages/httplib2/auth.py:20: DeprecationWarning: 'setName' deprecated - use 'set_name'
  token68 = pp.Combine(pp.Word("-._~+/" + pp.nums + pp.alphas) + pp.Optional(pp.Word("=").leaveWhitespace())).setName(
/home/soundharya/todo/env/lib/python3.10/site-packages/httplib2/auth.py:24: DeprecationWarning: 'setName' deprecated - use 'set_name'
  quoted_string = pp.dblQuotedString.copy().setName("quoted-string").setParseAction(unquote)
/home/soundharya/todo/env/lib/python3.10/site-packages/httplib2/auth.py:24: DeprecationWarning: 'setParseAction' deprecated - use 'set_parse_action'
  quoted_string = pp.dblQuotedString.copy().setName("quoted-string").setParseAction(unquote)
/home/soundharya/todo/env/lib/python3.10/site-packages/httplib2/auth.py:25: DeprecationWarning: 'setName' deprecated - use 'set_name'
  auth_param_name = token.copy().setName("auth-param-name").addParseAction(downcaseTokens)
/home/soundharya/todo/env/lib/python3.10/site-packages/httplib2/auth.py:25: DeprecationWarning: 'addParseAction' deprecated - use 'add_parse_action'
  auth_param_name = token.copy().setName("auth-param-name").addParseAction(downcaseTokens)
/home/soundharya/todo/env/lib/python3.10/site-packages/httplib2/auth.py:27: DeprecationWarning: 'delimitedList' deprecated - use 'DelimitedList'
  params = pp.Dict(pp.delimitedList(pp.Group(auth_param)))
/home/soundharya/todo/env/lib/python3.10/site-packages/httplib2/auth.py:33: DeprecationWarning: 'delimitedList' deprecated - use 'DelimitedList'
  www_authenticate = pp.delimitedList(pp.Group(challenge))
/home/soundharya/todo/env/lib/python3.10/site-packages/rq/connections.py:72: DeprecationWarning: The `pop_connection` function is deprecated. Pass the `connection` explicitly instead.
  warnings.warn(
/home/soundharya/todo/env/lib/python3.10/site-packages/rq/connections.py:58: DeprecationWarning: The `push_connection` function is deprecated. Pass the `connection` explicitly instead.
  warnings.warn(
/home/soundharya/todo/env/lib/python3.10/site-packages/rq/connections.py:72: DeprecationWarning: The `pop_connection` function is deprecated. Pass the `connection` explicitly instead.
  warnings.warn(
/home/soundharya/todo/env/lib/python3.10/site-packages/rq/connections.py:58: DeprecationWarning: The `push_connection` function is deprecated. Pass the `connection` explicitly instead.
  warnings.warn(
/home/soundharya/todo/env/lib/python3.10/site-packages/rq/connections.py:72: DeprecationWarning: The `pop_connection` function is deprecated. Pass the `connection` explicitly instead.
  warnings.warn(
/home/soundharya/todo/env/lib/python3.10/site-packages/rq/connections.py:58: DeprecationWarning: The `push_connection` function is deprecated. Pass the `connection` explicitly instead.
  warnings.warn(
/home/soundharya/todo/env/lib/python3.10/site-packages/google/api_core/_python_version_support.py:266: FutureWarning: You are using a Python version (3.10.12) which Google will stop supporting in new releases of google.api_core once it reaches its end of life (2026-10-04). Please upgrade to the latest Python version, or at least Python 3.11, to continue receiving updates for google.api_core past that date.
  warnings.warn(message, FutureWarning)
/home/soundharya/todo/env/lib/python3.10/site-packages/httplib2/auth.py:19: DeprecationWarning: 'setName' deprecated - use 'set_name'
  token = pp.Word(tchar).setName("token")
/home/soundharya/todo/env/lib/python3.10/site-packages/httplib2/auth.py:20: DeprecationWarning: 'leaveWhitespace' deprecated - use 'leave_whitespace'
  token68 = pp.Combine(pp.Word("-._~+/" + pp.nums + pp.alphas) + pp.Optional(pp.Word("=").leaveWhitespace())).setName(
/home/soundharya/todo/env/lib/python3.10/site-packages/httplib2/auth.py:20: DeprecationWarning: 'setName' deprecated - use 'set_name'
  token68 = pp.Combine(pp.Word("-._~+/" + pp.nums + pp.alphas) + pp.Optional(pp.Word("=").leaveWhitespace())).setName(
/home/soundharya/todo/env/lib/python3.10/site-packages/httplib2/auth.py:24: DeprecationWarning: 'setName' deprecated - use 'set_name'
  quoted_string = pp.dblQuotedString.copy().setName("quoted-string").setParseAction(unquote)
/home/soundharya/todo/env/lib/python3.10/site-packages/httplib2/auth.py:24: DeprecationWarning: 'setParseAction' deprecated - use 'set_parse_action'
  quoted_string = pp.dblQuotedString.copy().setName("quoted-string").setParseAction(unquote)
/home/soundharya/todo/env/lib/python3.10/site-packages/httplib2/auth.py:25: DeprecationWarning: 'setName' deprecated - use 'set_name'
  auth_param_name = token.copy().setName("auth-param-name").addParseAction(downcaseTokens)
/home/soundharya/todo/env/lib/python3.10/site-packages/httplib2/auth.py:25: DeprecationWarning: 'addParseAction' deprecated - use 'add_parse_action'
  auth_param_name = token.copy().setName("auth-param-name").addParseAction(downcaseTokens)
/home/soundharya/todo/env/lib/python3.10/site-packages/httplib2/auth.py:27: DeprecationWarning: 'delimitedList' deprecated - use 'DelimitedList'
  params = pp.Dict(pp.delimitedList(pp.Group(auth_param)))
/home/soundharya/todo/env/lib/python3.10/site-packages/httplib2/auth.py:33: DeprecationWarning: 'delimitedList' deprecated - use 'DelimitedList'
  www_authenticate = pp.delimitedList(pp.Group(challenge))
/home/soundharya/todo/env/lib/python3.10/site-packages/rq/connections.py:72: DeprecationWarning: The `pop_connection` function is deprecated. Pass the `connection` explicitly instead.
  warnings.warn(
/home/soundharya/todo/env/lib/python3.10/site-packages/rq/connections.py:58: DeprecationWarning: The `push_connection` function is deprecated. Pass the `connection` explicitly instead.
  warnings.warn(
/home/soundharya/todo/env/lib/python3.10/site-packages/rq/connections.py:72: DeprecationWarning: The `pop_connection` function is deprecated. Pass the `connection` explicitly instead.
  warnings.warn(
/home/soundharya/todo/env/lib/python3.10/site-packages/rq/connections.py:58: DeprecationWarning: The `push_connection` function is deprecated. Pass the `connection` explicitly instead.
  warnings.warn(
/home/soundharya/todo/env/lib/python3.10/site-packages/rq/connections.py:72: DeprecationWarning: The `pop_connection` function is deprecated. Pass the `connection` explicitly instead.
  warnings.warn(
/home/soundharya/todo/env/lib/python3.10/site-packages/rq/connections.py:58: DeprecationWarning: The `push_connection` function is deprecated. Pass the `connection` explicitly instead.
  warnings.warn(
/home/soundharya/todo/env/lib/python3.10/site-packages/rq/connections.py:72: DeprecationWarning: The `pop_connection` function is deprecated. Pass the `connection` explicitly instead.
  warnings.warn(
/home/soundharya/todo/env/lib/python3.10/site-packages/rq/connections.py:58: DeprecationWarning: The `push_connection` function is deprecated. Pass the `connection` explicitly instead.
  warnings.warn(
/home/soundharya/todo/env/lib/python3.10/site-packages/rq/connections.py:72: DeprecationWarning: The `pop_connection` function is deprecated. Pass the `connection` explicitly instead.
  warnings.warn(
/home/soundharya/todo/env/lib/python3.10/site-packages/rq/connections.py:58: DeprecationWarning: The `push_connection` function is deprecated. Pass the `connection` explicitly instead.
  warnings.warn(
/home/soundharya/todo/env/lib/python3.10/site-packages/google/api_core/_python_version_support.py:266: FutureWarning: You are using a Python version (3.10.12) which Google will stop supporting in new releases of google.api_core once it reaches its end of life (2026-10-04). Please upgrade to the latest Python version, or at least Python 3.11, to continue receiving updates for google.api_core past that date.
  warnings.warn(message, FutureWarning)
/home/soundharya/todo/env/lib/python3.10/site-packages/httplib2/auth.py:19: DeprecationWarning: 'setName' deprecated - use 'set_name'
  token = pp.Word(tchar).setName("token")
/home/soundharya/todo/env/lib/python3.10/site-packages/httplib2/auth.py:20: DeprecationWarning: 'leaveWhitespace' deprecated - use 'leave_whitespace'
  token68 = pp.Combine(pp.Word("-._~+/" + pp.nums + pp.alphas) + pp.Optional(pp.Word("=").leaveWhitespace())).setName(
/home/soundharya/todo/env/lib/python3.10/site-packages/httplib2/auth.py:20: DeprecationWarning: 'setName' deprecated - use 'set_name'
  token68 = pp.Combine(pp.Word("-._~+/" + pp.nums + pp.alphas) + pp.Optional(pp.Word("=").leaveWhitespace())).setName(
/home/soundharya/todo/env/lib/python3.10/site-packages/httplib2/auth.py:24: DeprecationWarning: 'setName' deprecated - use 'set_name'
  quoted_string = pp.dblQuotedString.copy().setName("quoted-string").setParseAction(unquote)
/home/soundharya/todo/env/lib/python3.10/site-packages/httplib2/auth.py:24: DeprecationWarning: 'setParseAction' deprecated - use 'set_parse_action'
  quoted_string = pp.dblQuotedString.copy().setName("quoted-string").setParseAction(unquote)
/home/soundharya/todo/env/lib/python3.10/site-packages/httplib2/auth.py:25: DeprecationWarning: 'setName' deprecated - use 'set_name'
  auth_param_name = token.copy().setName("auth-param-name").addParseAction(downcaseTokens)
/home/soundharya/todo/env/lib/python3.10/site-packages/httplib2/auth.py:25: DeprecationWarning: 'addParseAction' deprecated - use 'add_parse_action'
  auth_param_name = token.copy().setName("auth-param-name").addParseAction(downcaseTokens)
/home/soundharya/todo/env/lib/python3.10/site-packages/httplib2/auth.py:27: DeprecationWarning: 'delimitedList' deprecated - use 'DelimitedList'
  params = pp.Dict(pp.delimitedList(pp.Group(auth_param)))
/home/soundharya/todo/env/lib/python3.10/site-packages/httplib2/auth.py:33: DeprecationWarning: 'delimitedList' deprecated - use 'DelimitedList'
  www_authenticate = pp.delimitedList(pp.Group(challenge))
/home/soundharya/todo/env/lib/python3.10/site-packages/rq/connections.py:72: DeprecationWarning: The `pop_connection` function is deprecated. Pass the `connection` explicitly instead.
  warnings.warn(
/home/soundharya/todo/env/lib/python3.10/site-packages/rq/connections.py:58: DeprecationWarning: The `push_connection` function is deprecated. Pass the `connection` explicitly instead.
  warnings.warn(
/home/soundharya/todo/env/lib/python3.10/site-packages/rq/connections.py:72: DeprecationWarning: The `pop_connection` function is deprecated. Pass the `connection` explicitly instead.
  warnings.warn(
/home/soundharya/todo/env/lib/python3.10/site-packages/rq/connections.py:58: DeprecationWarning: The `push_connection` function is deprecated. Pass the `connection` explicitly instead.
  warnings.warn(
/home/soundharya/todo/env/lib/python3.10/site-packages/rq/connections.py:72: DeprecationWarning: The `pop_connection` function is deprecated. Pass the `connection` explicitly instead.
  warnings.warn(
/home/soundharya/todo/env/lib/python3.10/site-packages/rq/connections.py:58: DeprecationWarning: The `push_connection` function is deprecated. Pass the `connection` explicitly instead.
  warnings.warn(
/home/soundharya/todo/env/lib/python3.10/site-packages/rq/connections.py:72: DeprecationWarning: The `pop_connection` function is deprecated. Pass the `connection` explicitly instead.
  warnings.warn(
/home/soundharya/todo/env/lib/python3.10/site-packages/rq/connections.py:58: DeprecationWarning: The `push_connection` function is deprecated. Pass the `connection` explicitly instead.
  warnings.warn(
/home/soundharya/todo/env/lib/python3.10/site-packages/rq/connections.py:72: DeprecationWarning: The `pop_connection` function is deprecated. Pass the `connection` explicitly instead.
  warnings.warn(
/home/soundharya/todo/env/lib/python3.10/site-packages/rq/connections.py:58: DeprecationWarning: The `push_connection` function is deprecated. Pass the `connection` explicitly instead.
  warnings.warn(
/home/soundharya/todo/env/lib/python3.10/site-packages/rq/connections.py:72: DeprecationWarning: The `pop_connection` function is deprecated. Pass the `connection` explicitly instead.
  warnings.warn(
/home/soundharya/todo/env/lib/python3.10/site-packages/rq/connections.py:58: DeprecationWarning: The `push_connection` function is deprecated. Pass the `connection` explicitly instead.
  warnings.warn(
/home/soundharya/todo/env/lib/python3.10/site-packages/rq/connections.py:72: DeprecationWarning: The `pop_connection` function is deprecated. Pass the `connection` explicitly instead.
  warnings.warn(
/home/soundharya/todo/env/lib/python3.10/site-packages/rq/connections.py:58: DeprecationWarning: The `push_connection` function is deprecated. Pass the `connection` explicitly instead.
  warnings.warn(
/home/soundharya/todo/env/lib/python3.10/site-packages/rq/connections.py:72: DeprecationWarning: The `pop_connection` function is deprecated. Pass the `connection` explicitly instead.
  warnings.warn(
/home/soundharya/todo/env/lib/python3.10/site-packages/rq/connections.py:58: DeprecationWarning: The `push_connection` function is deprecated. Pass the `connection` explicitly instead.
  warnings.warn(
/home/soundharya/todo/env/lib/python3.10/site-packages/rq/connections.py:72: DeprecationWarning: The `pop_connection` function is deprecated. Pass the `connection` explicitly instead.
  warnings.warn(
/home/soundharya/todo/env/lib/python3.10/site-packages/rq/connections.py:58: DeprecationWarning: The `push_connection` function is deprecated. Pass the `connection` explicitly instead.
  warnings.warn(
/home/soundharya/todo/env/lib/python3.10/site-packages/rq/connections.py:72: DeprecationWarning: The `pop_connection` function is deprecated. Pass the `connection` explicitly instead.
  warnings.warn(
/home/soundharya/todo/env/lib/python3.10/site-packages/rq/connections.py:58: DeprecationWarning: The `push_connection` function is deprecated. Pass the `connection` explicitly instead.
  warnings.warn(
/home/soundharya/todo/env/lib/python3.10/site-packages/rq/connections.py:72: DeprecationWarning: The `pop_connection` function is deprecated. Pass the `connection` explicitly instead.
  warnings.warn(
/home/soundharya/todo/env/lib/python3.10/site-packages/rq/connections.py:58: DeprecationWarning: The `push_connection` function is deprecated. Pass the `connection` explicitly instead.
  warnings.warn(
/home/soundharya/todo/env/lib/python3.10/site-packages/rq/connections.py:72: DeprecationWarning: The `pop_connection` function is deprecated. Pass the `connection` explicitly instead.
  warnings.warn(
/home/soundharya/todo/env/lib/python3.10/site-packages/rq/connections.py:58: DeprecationWarning: The `push_connection` function is deprecated. Pass the `connection` explicitly instead.
  warnings.warn(
/home/soundharya/todo/env/lib/python3.10/site-packages/rq/connections.py:72: DeprecationWarning: The `pop_connection` function is deprecated. Pass the `connection` explicitly instead.
  warnings.warn(
/home/soundharya/todo/env/lib/python3.10/site-packages/rq/connections.py:58: DeprecationWarning: The `push_connection` function is deprecated. Pass the `connection` explicitly instead.
  warnings.warn(
/home/soundharya/todo/env/lib/python3.10/site-packages/rq/connections.py:72: DeprecationWarning: The `pop_connection` function is deprecated. Pass the `connection` explicitly instead.
  warnings.warn(
/home/soundharya/todo/env/lib/python3.10/site-packages/rq/connections.py:58: DeprecationWarning: The `push_connection` function is deprecated. Pass the `connection` explicitly instead.
  warnings.warn(
/home/soundharya/todo/env/lib/python3.10/site-packages/rq/connections.py:72: DeprecationWarning: The `pop_connection` function is deprecated. Pass the `connection` explicitly instead.
  warnings.warn(
/home/soundharya/todo/env/lib/python3.10/site-packages/rq/connections.py:58: DeprecationWarning: The `push_connection` function is deprecated. Pass the `connection` explicitly instead.
  warnings.warn(
/home/soundharya/todo/env/lib/python3.10/site-packages/rq/connections.py:72: DeprecationWarning: The `pop_connection` function is deprecated. Pass the `connection` explicitly instead.
  warnings.warn(
/home/soundharya/todo/env/lib/python3.10/site-packages/rq/connections.py:58: DeprecationWarning: The `push_connection` function is deprecated. Pass the `connection` explicitly instead.
  warnings.warn(
/home/soundharya/todo/env/lib/python3.10/site-packages/rq/connections.py:72: DeprecationWarning: The `pop_connection` function is deprecated. Pass the `connection` explicitly instead.
  warnings.warn(
/home/soundharya/todo/env/lib/python3.10/site-packages/rq/connections.py:58: DeprecationWarning: The `push_connection` function is deprecated. Pass the `connection` explicitly instead.
  warnings.warn(
/home/soundharya/todo/env/lib/python3.10/site-packages/rq/connections.py:72: DeprecationWarning: The `pop_connection` function is deprecated. Pass the `connection` explicitly instead.
  warnings.warn(
/home/soundharya/todo/env/lib/python3.10/site-packages/rq/connections.py:58: DeprecationWarning: The `push_connection` function is deprecated. Pass the `connection` explicitly instead.
  warnings.warn(
/home/soundharya/todo/env/lib/python3.10/site-packages/rq/connections.py:72: DeprecationWarning: The `pop_connection` function is deprecated. Pass the `connection` explicitly instead.
  warnings.warn(
/home/soundharya/todo/env/lib/python3.10/site-packages/rq/connections.py:58: DeprecationWarning: The `push_connection` function is deprecated. Pass the `connection` explicitly instead.
  warnings.warn(
/home/soundharya/todo/env/lib/python3.10/site-packages/rq/connections.py:72: DeprecationWarning: The `pop_connection` function is deprecated. Pass the `connection` explicitly instead.
  warnings.warn(
/home/soundharya/todo/env/lib/python3.10/site-packages/rq/connections.py:58: DeprecationWarning: The `push_connection` function is deprecated. Pass the `connection` explicitly instead.
  warnings.warn(
/home/soundharya/todo/env/lib/python3.10/site-packages/rq/connections.py:72: DeprecationWarning: The `pop_connection` function is deprecated. Pass the `connection` explicitly instead.
  warnings.warn(
/home/soundharya/todo/env/lib/python3.10/site-packages/rq/connections.py:58: DeprecationWarning: The `push_connection` function is deprecated. Pass the `connection` explicitly instead.
  warnings.warn(
/home/soundharya/todo/env/lib/python3.10/site-packages/rq/connections.py:72: DeprecationWarning: The `pop_connection` function is deprecated. Pass the `connection` explicitly instead.
  warnings.warn(
/home/soundharya/todo/env/lib/python3.10/site-packages/rq/connections.py:58: DeprecationWarning: The `push_connection` function is deprecated. Pass the `connection` explicitly instead.
  warnings.warn(
/home/soundharya/todo/env/lib/python3.10/site-packages/google/api_core/_python_version_support.py:266: FutureWarning: You are using a Python version (3.10.12) which Google will stop supporting in new releases of google.api_core once it reaches its end of life (2026-10-04). Please upgrade to the latest Python version, or at least Python 3.11, to continue receiving updates for google.api_core past that date.
  warnings.warn(message, FutureWarning)
/home/soundharya/todo/env/lib/python3.10/site-packages/httplib2/auth.py:19: DeprecationWarning: 'setName' deprecated - use 'set_name'
  token = pp.Word(tchar).setName("token")
/home/soundharya/todo/env/lib/python3.10/site-packages/httplib2/auth.py:20: DeprecationWarning: 'leaveWhitespace' deprecated - use 'leave_whitespace'
  token68 = pp.Combine(pp.Word("-._~+/" + pp.nums + pp.alphas) + pp.Optional(pp.Word("=").leaveWhitespace())).setName(
/home/soundharya/todo/env/lib/python3.10/site-packages/httplib2/auth.py:20: DeprecationWarning: 'setName' deprecated - use 'set_name'
  token68 = pp.Combine(pp.Word("-._~+/" + pp.nums + pp.alphas) + pp.Optional(pp.Word("=").leaveWhitespace())).setName(
/home/soundharya/todo/env/lib/python3.10/site-packages/httplib2/auth.py:24: DeprecationWarning: 'setName' deprecated - use 'set_name'
  quoted_string = pp.dblQuotedString.copy().setName("quoted-string").setParseAction(unquote)
/home/soundharya/todo/env/lib/python3.10/site-packages/httplib2/auth.py:24: DeprecationWarning: 'setParseAction' deprecated - use 'set_parse_action'
  quoted_string = pp.dblQuotedString.copy().setName("quoted-string").setParseAction(unquote)
/home/soundharya/todo/env/lib/python3.10/site-packages/httplib2/auth.py:25: DeprecationWarning: 'setName' deprecated - use 'set_name'
  auth_param_name = token.copy().setName("auth-param-name").addParseAction(downcaseTokens)
/home/soundharya/todo/env/lib/python3.10/site-packages/httplib2/auth.py:25: DeprecationWarning: 'addParseAction' deprecated - use 'add_parse_action'
  auth_param_name = token.copy().setName("auth-param-name").addParseAction(downcaseTokens)
/home/soundharya/todo/env/lib/python3.10/site-packages/httplib2/auth.py:27: DeprecationWarning: 'delimitedList' deprecated - use 'DelimitedList'
  params = pp.Dict(pp.delimitedList(pp.Group(auth_param)))
/home/soundharya/todo/env/lib/python3.10/site-packages/httplib2/auth.py:33: DeprecationWarning: 'delimitedList' deprecated - use 'DelimitedList'
  www_authenticate = pp.delimitedList(pp.Group(challenge))
/home/soundharya/todo/env/lib/python3.10/site-packages/rq/connections.py:72: DeprecationWarning: The `pop_connection` function is deprecated. Pass the `connection` explicitly instead.
  warnings.warn(
/home/soundharya/todo/env/lib/python3.10/site-packages/rq/connections.py:58: DeprecationWarning: The `push_connection` function is deprecated. Pass the `connection` explicitly instead.
  warnings.warn(
/home/soundharya/todo/env/lib/python3.10/site-packages/rq/connections.py:72: DeprecationWarning: The `pop_connection` function is deprecated. Pass the `connection` explicitly instead.
  warnings.warn(
/home/soundharya/todo/env/lib/python3.10/site-packages/rq/connections.py:58: DeprecationWarning: The `push_connection` function is deprecated. Pass the `connection` explicitly instead.
  warnings.warn(
/home/soundharya/todo/env/lib/python3.10/site-packages/rq/connections.py:72: DeprecationWarning: The `pop_connection` function is deprecated. Pass the `connection` explicitly instead.
  warnings.warn(
/home/soundharya/todo/env/lib/python3.10/site-packages/rq/connections.py:58: DeprecationWarning: The `push_connection` function is deprecated. Pass the `connection` explicitly instead.
  warnings.warn(
/home/soundharya/todo/env/lib/python3.10/site-packages/rq/connections.py:72: DeprecationWarning: The `pop_connection` function is deprecated. Pass the `connection` explicitly instead.
  warnings.warn(
/home/soundharya/todo/env/lib/python3.10/site-packages/rq/connections.py:58: DeprecationWarning: The `push_connection` function is deprecated. Pass the `connection` explicitly instead.
  warnings.warn(
/home/soundharya/todo/env/lib/python3.10/site-packages/google/api_core/_python_version_support.py:266: FutureWarning: You are using a Python version (3.10.12) which Google will stop supporting in new releases of google.api_core once it reaches its end of life (2026-10-04). Please upgrade to the latest Python version, or at least Python 3.11, to continue receiving updates for google.api_core past that date.
  warnings.warn(message, FutureWarning)
/home/soundharya/todo/env/lib/python3.10/site-packages/httplib2/auth.py:19: DeprecationWarning: 'setName' deprecated - use 'set_name'
  token = pp.Word(tchar).setName("token")
/home/soundharya/todo/env/lib/python3.10/site-packages/httplib2/auth.py:20: DeprecationWarning: 'leaveWhitespace' deprecated - use 'leave_whitespace'
  token68 = pp.Combine(pp.Word("-._~+/" + pp.nums + pp.alphas) + pp.Optional(pp.Word("=").leaveWhitespace())).setName(
/home/soundharya/todo/env/lib/python3.10/site-packages/httplib2/auth.py:20: DeprecationWarning: 'setName' deprecated - use 'set_name'
  token68 = pp.Combine(pp.Word("-._~+/" + pp.nums + pp.alphas) + pp.Optional(pp.Word("=").leaveWhitespace())).setName(
/home/soundharya/todo/env/lib/python3.10/site-packages/httplib2/auth.py:24: DeprecationWarning: 'setName' deprecated - use 'set_name'
  quoted_string = pp.dblQuotedString.copy().setName("quoted-string").setParseAction(unquote)
/home/soundharya/todo/env/lib/python3.10/site-packages/httplib2/auth.py:24: DeprecationWarning: 'setParseAction' deprecated - use 'set_parse_action'
  quoted_string = pp.dblQuotedString.copy().setName("quoted-string").setParseAction(unquote)
/home/soundharya/todo/env/lib/python3.10/site-packages/httplib2/auth.py:25: DeprecationWarning: 'setName' deprecated - use 'set_name'
  auth_param_name = token.copy().setName("auth-param-name").addParseAction(downcaseTokens)
/home/soundharya/todo/env/lib/python3.10/site-packages/httplib2/auth.py:25: DeprecationWarning: 'addParseAction' deprecated - use 'add_parse_action'
  auth_param_name = token.copy().setName("auth-param-name").addParseAction(downcaseTokens)
/home/soundharya/todo/env/lib/python3.10/site-packages/httplib2/auth.py:27: DeprecationWarning: 'delimitedList' deprecated - use 'DelimitedList'
  params = pp.Dict(pp.delimitedList(pp.Group(auth_param)))
/home/soundharya/todo/env/lib/python3.10/site-packages/httplib2/auth.py:33: DeprecationWarning: 'delimitedList' deprecated - use 'DelimitedList'
  www_authenticate = pp.delimitedList(pp.Group(challenge))
/home/soundharya/todo/env/lib/python3.10/site-packages/rq/connections.py:72: DeprecationWarning: The `pop_connection` function is deprecated. Pass the `connection` explicitly instead.
  warnings.warn(
/home/soundharya/todo/env/lib/python3.10/site-packages/rq/connections.py:58: DeprecationWarning: The `push_connection` function is deprecated. Pass the `connection` explicitly instead.
  warnings.warn(
/home/soundharya/todo/env/lib/python3.10/site-packages/rq/connections.py:72: DeprecationWarning: The `pop_connection` function is deprecated. Pass the `connection` explicitly instead.
  warnings.warn(
/home/soundharya/todo/env/lib/python3.10/site-packages/rq/connections.py:58: DeprecationWarning: The `push_connection` function is deprecated. Pass the `connection` explicitly instead.
  warnings.warn(
/home/soundharya/todo/env/lib/python3.10/site-packages/rq/connections.py:72: DeprecationWarning: The `pop_connection` function is deprecated. Pass the `connection` explicitly instead.
  warnings.warn(
/home/soundharya/todo/env/lib/python3.10/site-packages/rq/connections.py:58: DeprecationWarning: The `push_connection` function is deprecated. Pass the `connection` explicitly instead.
  warnings.warn(
/home/soundharya/todo/env/lib/python3.10/site-packages/rq/connections.py:72: DeprecationWarning: The `pop_connection` function is deprecated. Pass the `connection` explicitly instead.
  warnings.warn(
/home/soundharya/todo/env/lib/python3.10/site-packages/rq/connections.py:58: DeprecationWarning: The `push_connection` function is deprecated. Pass the `connection` explicitly instead.
  warnings.warn(
/home/soundharya/todo/env/lib/python3.10/site-packages/rq/connections.py:72: DeprecationWarning: The `pop_connection` function is deprecated. Pass the `connection` explicitly instead.
  warnings.warn(
/home/soundharya/todo/env/lib/python3.10/site-packages/rq/connections.py:58: DeprecationWarning: The `push_connection` function is deprecated. Pass the `connection` explicitly instead.
  warnings.warn(
/home/soundharya/todo/env/lib/python3.10/site-packages/rq/connections.py:72: DeprecationWarning: The `pop_connection` function is deprecated. Pass the `connection` explicitly instead.
  warnings.warn(
/home/soundharya/todo/env/lib/python3.10/site-packages/rq/connections.py:58: DeprecationWarning: The `push_connection` function is deprecated. Pass the `connection` explicitly instead.
  warnings.warn(
/home/soundharya/todo/env/lib/python3.10/site-packages/google/api_core/_python_version_support.py:266: FutureWarning: You are using a Python version (3.10.12) which Google will stop supporting in new releases of google.api_core once it reaches its end of life (2026-10-04). Please upgrade to the latest Python version, or at least Python 3.11, to continue receiving updates for google.api_core past that date.
  warnings.warn(message, FutureWarning)
/home/soundharya/todo/env/lib/python3.10/site-packages/httplib2/auth.py:19: DeprecationWarning: 'setName' deprecated - use 'set_name'
  token = pp.Word(tchar).setName("token")
/home/soundharya/todo/env/lib/python3.10/site-packages/httplib2/auth.py:20: DeprecationWarning: 'leaveWhitespace' deprecated - use 'leave_whitespace'
  token68 = pp.Combine(pp.Word("-._~+/" + pp.nums + pp.alphas) + pp.Optional(pp.Word("=").leaveWhitespace())).setName(
/home/soundharya/todo/env/lib/python3.10/site-packages/httplib2/auth.py:20: DeprecationWarning: 'setName' deprecated - use 'set_name'
  token68 = pp.Combine(pp.Word("-._~+/" + pp.nums + pp.alphas) + pp.Optional(pp.Word("=").leaveWhitespace())).setName(
/home/soundharya/todo/env/lib/python3.10/site-packages/httplib2/auth.py:24: DeprecationWarning: 'setName' deprecated - use 'set_name'
  quoted_string = pp.dblQuotedString.copy().setName("quoted-string").setParseAction(unquote)
/home/soundharya/todo/env/lib/python3.10/site-packages/httplib2/auth.py:24: DeprecationWarning: 'setParseAction' deprecated - use 'set_parse_action'
  quoted_string = pp.dblQuotedString.copy().setName("quoted-string").setParseAction(unquote)
/home/soundharya/todo/env/lib/python3.10/site-packages/httplib2/auth.py:25: DeprecationWarning: 'setName' deprecated - use 'set_name'
  auth_param_name = token.copy().setName("auth-param-name").addParseAction(downcaseTokens)
/home/soundharya/todo/env/lib/python3.10/site-packages/httplib2/auth.py:25: DeprecationWarning: 'addParseAction' deprecated - use 'add_parse_action'
  auth_param_name = token.copy().setName("auth-param-name").addParseAction(downcaseTokens)
/home/soundharya/todo/env/lib/python3.10/site-packages/httplib2/auth.py:27: DeprecationWarning: 'delimitedList' deprecated - use 'DelimitedList'
  params = pp.Dict(pp.delimitedList(pp.Group(auth_param)))
/home/soundharya/todo/env/lib/python3.10/site-packages/httplib2/auth.py:33: DeprecationWarning: 'delimitedList' deprecated - use 'DelimitedList'
  www_authenticate = pp.delimitedList(pp.Group(challenge))
/home/soundharya/todo/env/lib/python3.10/site-packages/rq/connections.py:72: DeprecationWarning: The `pop_connection` function is deprecated. Pass the `connection` explicitly instead.
  warnings.warn(
/home/soundharya/todo/env/lib/python3.10/site-packages/rq/connections.py:58: DeprecationWarning: The `push_connection` function is deprecated. Pass the `connection` explicitly instead.
  warnings.warn(
/home/soundharya/todo/env/lib/python3.10/site-packages/rq/connections.py:72: DeprecationWarning: The `pop_connection` function is deprecated. Pass the `connection` explicitly instead.
  warnings.warn(
/home/soundharya/todo/env/lib/python3.10/site-packages/rq/connections.py:58: DeprecationWarning: The `push_connection` function is deprecated. Pass the `connection` explicitly instead.
  warnings.warn(
/home/soundharya/todo/env/lib/python3.10/site-packages/rq/connections.py:72: DeprecationWarning: The `pop_connection` function is deprecated. Pass the `connection` explicitly instead.
  warnings.warn(
/home/soundharya/todo/env/lib/python3.10/site-packages/rq/connections.py:58: DeprecationWarning: The `push_connection` function is deprecated. Pass the `connection` explicitly instead.
  warnings.warn(
/home/soundharya/todo/env/lib/python3.10/site-packages/rq/connections.py:72: DeprecationWarning: The `pop_connection` function is deprecated. Pass the `connection` explicitly instead.
  warnings.warn(
/home/soundharya/todo/env/lib/python3.10/site-packages/rq/connections.py:58: DeprecationWarning: The `push_connection` function is deprecated. Pass the `connection` explicitly instead.
  warnings.warn(
/home/soundharya/todo/env/lib/python3.10/site-packages/rq/connections.py:72: DeprecationWarning: The `pop_connection` function is deprecated. Pass the `connection` explicitly instead.
  warnings.warn(
/home/soundharya/todo/env/lib/python3.10/site-packages/rq/connections.py:58: DeprecationWarning: The `push_connection` function is deprecated. Pass the `connection` explicitly instead.
  warnings.warn(
/home/soundharya/todo/env/lib/python3.10/site-packages/rq/connections.py:72: DeprecationWarning: The `pop_connection` function is deprecated. Pass the `connection` explicitly instead.
  warnings.warn(
/home/soundharya/todo/env/lib/python3.10/site-packages/rq/connections.py:58: DeprecationWarning: The `push_connection` function is deprecated. Pass the `connection` explicitly instead.
  warnings.warn(
/home/soundharya/todo/env/lib/python3.10/site-packages/rq/connections.py:72: DeprecationWarning: The `pop_connection` function is deprecated. Pass the `connection` explicitly instead.
  warnings.warn(
/home/soundharya/todo/env/lib/python3.10/site-packages/rq/connections.py:58: DeprecationWarning: The `push_connection` function is deprecated. Pass the `connection` explicitly instead.
  warnings.warn(
/home/soundharya/todo/env/lib/python3.10/site-packages/rq/connections.py:72: DeprecationWarning: The `pop_connection` function is deprecated. Pass the `connection` explicitly instead.
  warnings.warn(
/home/soundharya/todo/env/lib/python3.10/site-packages/rq/connections.py:58: DeprecationWarning: The `push_connection` function is deprecated. Pass the `connection` explicitly instead.
  warnings.warn(
/home/soundharya/todo/env/lib/python3.10/site-packages/rq/connections.py:72: DeprecationWarning: The `pop_connection` function is deprecated. Pass the `connection` explicitly instead.
  warnings.warn(
/home/soundharya/todo/env/lib/python3.10/site-packages/rq/connections.py:58: DeprecationWarning: The `push_connection` function is deprecated. Pass the `connection` explicitly instead.
  warnings.warn(
/home/soundharya/todo/env/lib/python3.10/site-packages/rq/connections.py:72: DeprecationWarning: The `pop_connection` function is deprecated. Pass the `connection` explicitly instead.
  warnings.warn(
/home/soundharya/todo/env/lib/python3.10/site-packages/rq/connections.py:58: DeprecationWarning: The `push_connection` function is deprecated. Pass the `connection` explicitly instead.
  warnings.warn(
/home/soundharya/todo/env/lib/python3.10/site-packages/rq/connections.py:72: DeprecationWarning: The `pop_connection` function is deprecated. Pass the `connection` explicitly instead.
  warnings.warn(
/home/soundharya/todo/env/lib/python3.10/site-packages/rq/connections.py:58: DeprecationWarning: The `push_connection` function is deprecated. Pass the `connection` explicitly instead.
  warnings.warn(
/home/soundharya/todo/env/lib/python3.10/site-packages/google/api_core/_python_version_support.py:266: FutureWarning: You are using a Python version (3.10.12) which Google will stop supporting in new releases of google.api_core once it reaches its end of life (2026-10-04). Please upgrade to the latest Python version, or at least Python 3.11, to continue receiving updates for google.api_core past that date.
  warnings.warn(message, FutureWarning)
/home/soundharya/todo/env/lib/python3.10/site-packages/httplib2/auth.py:19: DeprecationWarning: 'setName' deprecated - use 'set_name'
  token = pp.Word(tchar).setName("token")
/home/soundharya/todo/env/lib/python3.10/site-packages/httplib2/auth.py:20: DeprecationWarning: 'leaveWhitespace' deprecated - use 'leave_whitespace'
  token68 = pp.Combine(pp.Word("-._~+/" + pp.nums + pp.alphas) + pp.Optional(pp.Word("=").leaveWhitespace())).setName(
/home/soundharya/todo/env/lib/python3.10/site-packages/httplib2/auth.py:20: DeprecationWarning: 'setName' deprecated - use 'set_name'
  token68 = pp.Combine(pp.Word("-._~+/" + pp.nums + pp.alphas) + pp.Optional(pp.Word("=").leaveWhitespace())).setName(
/home/soundharya/todo/env/lib/python3.10/site-packages/httplib2/auth.py:24: DeprecationWarning: 'setName' deprecated - use 'set_name'
  quoted_string = pp.dblQuotedString.copy().setName("quoted-string").setParseAction(unquote)
/home/soundharya/todo/env/lib/python3.10/site-packages/httplib2/auth.py:24: DeprecationWarning: 'setParseAction' deprecated - use 'set_parse_action'
  quoted_string = pp.dblQuotedString.copy().setName("quoted-string").setParseAction(unquote)
/home/soundharya/todo/env/lib/python3.10/site-packages/httplib2/auth.py:25: DeprecationWarning: 'setName' deprecated - use 'set_name'
  auth_param_name = token.copy().setName("auth-param-name").addParseAction(downcaseTokens)
/home/soundharya/todo/env/lib/python3.10/site-packages/httplib2/auth.py:25: DeprecationWarning: 'addParseAction' deprecated - use 'add_parse_action'
  auth_param_name = token.copy().setName("auth-param-name").addParseAction(downcaseTokens)
/home/soundharya/todo/env/lib/python3.10/site-packages/httplib2/auth.py:27: DeprecationWarning: 'delimitedList' deprecated - use 'DelimitedList'
  params = pp.Dict(pp.delimitedList(pp.Group(auth_param)))
/home/soundharya/todo/env/lib/python3.10/site-packages/httplib2/auth.py:33: DeprecationWarning: 'delimitedList' deprecated - use 'DelimitedList'
  www_authenticate = pp.delimitedList(pp.Group(challenge))
/home/soundharya/todo/env/lib/python3.10/site-packages/rq/connections.py:72: DeprecationWarning: The `pop_connection` function is deprecated. Pass the `connection` explicitly instead.
  warnings.warn(
/home/soundharya/todo/env/lib/python3.10/site-packages/rq/connections.py:58: DeprecationWarning: The `push_connection` function is deprecated. Pass the `connection` explicitly instead.
  warnings.warn(
/home/soundharya/todo/env/lib/python3.10/site-packages/rq/connections.py:72: DeprecationWarning: The `pop_connection` function is deprecated. Pass the `connection` explicitly instead.
  warnings.warn(
/home/soundharya/todo/env/lib/python3.10/site-packages/rq/connections.py:58: DeprecationWarning: The `push_connection` function is deprecated. Pass the `connection` explicitly instead.
  warnings.warn(
/home/soundharya/todo/env/lib/python3.10/site-packages/rq/connections.py:72: DeprecationWarning: The `pop_connection` function is deprecated. Pass the `connection` explicitly instead.
  warnings.warn(
/home/soundharya/todo/env/lib/python3.10/site-packages/rq/connections.py:58: DeprecationWarning: The `push_connection` function is deprecated. Pass the `connection` explicitly instead.
  warnings.warn(
/home/soundharya/todo/env/lib/python3.10/site-packages/google/api_core/_python_version_support.py:266: FutureWarning: You are using a Python version (3.10.12) which Google will stop supporting in new releases of google.api_core once it reaches its end of life (2026-10-04). Please upgrade to the latest Python version, or at least Python 3.11, to continue receiving updates for google.api_core past that date.
  warnings.warn(message, FutureWarning)
/home/soundharya/todo/env/lib/python3.10/site-packages/httplib2/auth.py:19: DeprecationWarning: 'setName' deprecated - use 'set_name'
  token = pp.Word(tchar).setName("token")
/home/soundharya/todo/env/lib/python3.10/site-packages/httplib2/auth.py:20: DeprecationWarning: 'leaveWhitespace' deprecated - use 'leave_whitespace'
  token68 = pp.Combine(pp.Word("-._~+/" + pp.nums + pp.alphas) + pp.Optional(pp.Word("=").leaveWhitespace())).setName(
/home/soundharya/todo/env/lib/python3.10/site-packages/httplib2/auth.py:20: DeprecationWarning: 'setName' deprecated - use 'set_name'
  token68 = pp.Combine(pp.Word("-._~+/" + pp.nums + pp.alphas) + pp.Optional(pp.Word("=").leaveWhitespace())).setName(
/home/soundharya/todo/env/lib/python3.10/site-packages/httplib2/auth.py:24: DeprecationWarning: 'setName' deprecated - use 'set_name'
  quoted_string = pp.dblQuotedString.copy().setName("quoted-string").setParseAction(unquote)
/home/soundharya/todo/env/lib/python3.10/site-packages/httplib2/auth.py:24: DeprecationWarning: 'setParseAction' deprecated - use 'set_parse_action'
  quoted_string = pp.dblQuotedString.copy().setName("quoted-string").setParseAction(unquote)
/home/soundharya/todo/env/lib/python3.10/site-packages/httplib2/auth.py:25: DeprecationWarning: 'setName' deprecated - use 'set_name'
  auth_param_name = token.copy().setName("auth-param-name").addParseAction(downcaseTokens)
/home/soundharya/todo/env/lib/python3.10/site-packages/httplib2/auth.py:25: DeprecationWarning: 'addParseAction' deprecated - use 'add_parse_action'
  auth_param_name = token.copy().setName("auth-param-name").addParseAction(downcaseTokens)
/home/soundharya/todo/env/lib/python3.10/site-packages/httplib2/auth.py:27: DeprecationWarning: 'delimitedList' deprecated - use 'DelimitedList'
  params = pp.Dict(pp.delimitedList(pp.Group(auth_param)))
/home/soundharya/todo/env/lib/python3.10/site-packages/httplib2/auth.py:33: DeprecationWarning: 'delimitedList' deprecated - use 'DelimitedList'
  www_authenticate = pp.delimitedList(pp.Group(challenge))
/home/soundharya/todo/env/lib/python3.10/site-packages/rq/connections.py:72: DeprecationWarning: The `pop_connection` function is deprecated. Pass the `connection` explicitly instead.
  warnings.warn(
/home/soundharya/todo/env/lib/python3.10/site-packages/rq/connections.py:58: DeprecationWarning: The `push_connection` function is deprecated. Pass the `connection` explicitly instead.
  warnings.warn(
/home/soundharya/todo/env/lib/python3.10/site-packages/rq/connections.py:72: DeprecationWarning: The `pop_connection` function is deprecated. Pass the `connection` explicitly instead.
  warnings.warn(
/home/soundharya/todo/env/lib/python3.10/site-packages/rq/connections.py:58: DeprecationWarning: The `push_connection` function is deprecated. Pass the `connection` explicitly instead.
  warnings.warn(
/home/soundharya/todo/env/lib/python3.10/site-packages/rq/connections.py:72: DeprecationWarning: The `pop_connection` function is deprecated. Pass the `connection` explicitly instead.
  warnings.warn(
/home/soundharya/todo/env/lib/python3.10/site-packages/rq/connections.py:58: DeprecationWarning: The `push_connection` function is deprecated. Pass the `connection` explicitly instead.
  warnings.warn(
/home/soundharya/todo/env/lib/python3.10/site-packages/rq/connections.py:72: DeprecationWarning: The `pop_connection` function is deprecated. Pass the `connection` explicitly instead.
  warnings.warn(
/home/soundharya/todo/env/lib/python3.10/site-packages/rq/connections.py:58: DeprecationWarning: The `push_connection` function is deprecated. Pass the `connection` explicitly instead.
  warnings.warn(
/home/soundharya/todo/env/lib/python3.10/site-packages/rq/connections.py:72: DeprecationWarning: The `pop_connection` function is deprecated. Pass the `connection` explicitly instead.
  warnings.warn(
/home/soundharya/todo/env/lib/python3.10/site-packages/rq/connections.py:58: DeprecationWarning: The `push_connection` function is deprecated. Pass the `connection` explicitly instead.
  warnings.warn(
/home/soundharya/todo/env/lib/python3.10/site-packages/google/api_core/_python_version_support.py:266: FutureWarning: You are using a Python version (3.10.12) which Google will stop supporting in new releases of google.api_core once it reaches its end of life (2026-10-04). Please upgrade to the latest Python version, or at least Python 3.11, to continue receiving updates for google.api_core past that date.
  warnings.warn(message, FutureWarning)
/home/soundharya/todo/env/lib/python3.10/site-packages/httplib2/auth.py:19: DeprecationWarning: 'setName' deprecated - use 'set_name'
  token = pp.Word(tchar).setName("token")
/home/soundharya/todo/env/lib/python3.10/site-packages/httplib2/auth.py:20: DeprecationWarning: 'leaveWhitespace' deprecated - use 'leave_whitespace'
  token68 = pp.Combine(pp.Word("-._~+/" + pp.nums + pp.alphas) + pp.Optional(pp.Word("=").leaveWhitespace())).setName(
/home/soundharya/todo/env/lib/python3.10/site-packages/httplib2/auth.py:20: DeprecationWarning: 'setName' deprecated - use 'set_name'
  token68 = pp.Combine(pp.Word("-._~+/" + pp.nums + pp.alphas) + pp.Optional(pp.Word("=").leaveWhitespace())).setName(
/home/soundharya/todo/env/lib/python3.10/site-packages/httplib2/auth.py:24: DeprecationWarning: 'setName' deprecated - use 'set_name'
  quoted_string = pp.dblQuotedString.copy().setName("quoted-string").setParseAction(unquote)
/home/soundharya/todo/env/lib/python3.10/site-packages/httplib2/auth.py:24: DeprecationWarning: 'setParseAction' deprecated - use 'set_parse_action'
  quoted_string = pp.dblQuotedString.copy().setName("quoted-string").setParseAction(unquote)
/home/soundharya/todo/env/lib/python3.10/site-packages/httplib2/auth.py:25: DeprecationWarning: 'setName' deprecated - use 'set_name'
  auth_param_name = token.copy().setName("auth-param-name").addParseAction(downcaseTokens)
/home/soundharya/todo/env/lib/python3.10/site-packages/httplib2/auth.py:25: DeprecationWarning: 'addParseAction' deprecated - use 'add_parse_action'
  auth_param_name = token.copy().setName("auth-param-name").addParseAction(downcaseTokens)
/home/soundharya/todo/env/lib/python3.10/site-packages/httplib2/auth.py:27: DeprecationWarning: 'delimitedList' deprecated - use 'DelimitedList'
  params = pp.Dict(pp.delimitedList(pp.Group(auth_param)))
/home/soundharya/todo/env/lib/python3.10/site-packages/httplib2/auth.py:33: DeprecationWarning: 'delimitedList' deprecated - use 'DelimitedList'
  www_authenticate = pp.delimitedList(pp.Group(challenge))
/home/soundharya/todo/env/lib/python3.10/site-packages/rq/connections.py:72: DeprecationWarning: The `pop_connection` function is deprecated. Pass the `connection` explicitly instead.
  warnings.warn(
/home/soundharya/todo/env/lib/python3.10/site-packages/rq/connections.py:58: DeprecationWarning: The `push_connection` function is deprecated. Pass the `connection` explicitly instead.
  warnings.warn(
/home/soundharya/todo/env/lib/python3.10/site-packages/rq/connections.py:72: DeprecationWarning: The `pop_connection` function is deprecated. Pass the `connection` explicitly instead.
  warnings.warn(
/home/soundharya/todo/env/lib/python3.10/site-packages/rq/connections.py:58: DeprecationWarning: The `push_connection` function is deprecated. Pass the `connection` explicitly instead.
  warnings.warn(
/home/soundharya/todo/env/lib/python3.10/site-packages/rq/connections.py:72: DeprecationWarning: The `pop_connection` function is deprecated. Pass the `connection` explicitly instead.
  warnings.warn(
/home/soundharya/todo/env/lib/python3.10/site-packages/rq/connections.py:58: DeprecationWarning: The `push_connection` function is deprecated. Pass the `connection` explicitly instead.
  warnings.warn(
/home/soundharya/todo/env/lib/python3.10/site-packages/rq/connections.py:72: DeprecationWarning: The `pop_connection` function is deprecated. Pass the `connection` explicitly instead.
  warnings.warn(
/home/soundharya/todo/env/lib/python3.10/site-packages/rq/connections.py:58: DeprecationWarning: The `push_connection` function is deprecated. Pass the `connection` explicitly instead.
  warnings.warn(
/home/soundharya/todo/env/lib/python3.10/site-packages/google/api_core/_python_version_support.py:266: FutureWarning: You are using a Python version (3.10.12) which Google will stop supporting in new releases of google.api_core once it reaches its end of life (2026-10-04). Please upgrade to the latest Python version, or at least Python 3.11, to continue receiving updates for google.api_core past that date.
  warnings.warn(message, FutureWarning)
/home/soundharya/todo/env/lib/python3.10/site-packages/httplib2/auth.py:19: DeprecationWarning: 'setName' deprecated - use 'set_name'
  token = pp.Word(tchar).setName("token")
/home/soundharya/todo/env/lib/python3.10/site-packages/httplib2/auth.py:20: DeprecationWarning: 'leaveWhitespace' deprecated - use 'leave_whitespace'
  token68 = pp.Combine(pp.Word("-._~+/" + pp.nums + pp.alphas) + pp.Optional(pp.Word("=").leaveWhitespace())).setName(
/home/soundharya/todo/env/lib/python3.10/site-packages/httplib2/auth.py:20: DeprecationWarning: 'setName' deprecated - use 'set_name'
  token68 = pp.Combine(pp.Word("-._~+/" + pp.nums + pp.alphas) + pp.Optional(pp.Word("=").leaveWhitespace())).setName(
/home/soundharya/todo/env/lib/python3.10/site-packages/httplib2/auth.py:24: DeprecationWarning: 'setName' deprecated - use 'set_name'
  quoted_string = pp.dblQuotedString.copy().setName("quoted-string").setParseAction(unquote)
/home/soundharya/todo/env/lib/python3.10/site-packages/httplib2/auth.py:24: DeprecationWarning: 'setParseAction' deprecated - use 'set_parse_action'
  quoted_string = pp.dblQuotedString.copy().setName("quoted-string").setParseAction(unquote)
/home/soundharya/todo/env/lib/python3.10/site-packages/httplib2/auth.py:25: DeprecationWarning: 'setName' deprecated - use 'set_name'
  auth_param_name = token.copy().setName("auth-param-name").addParseAction(downcaseTokens)
/home/soundharya/todo/env/lib/python3.10/site-packages/httplib2/auth.py:25: DeprecationWarning: 'addParseAction' deprecated - use 'add_parse_action'
  auth_param_name = token.copy().setName("auth-param-name").addParseAction(downcaseTokens)
/home/soundharya/todo/env/lib/python3.10/site-packages/httplib2/auth.py:27: DeprecationWarning: 'delimitedList' deprecated - use 'DelimitedList'
  params = pp.Dict(pp.delimitedList(pp.Group(auth_param)))
/home/soundharya/todo/env/lib/python3.10/site-packages/httplib2/auth.py:33: DeprecationWarning: 'delimitedList' deprecated - use 'DelimitedList'
  www_authenticate = pp.delimitedList(pp.Group(challenge))
/home/soundharya/todo/env/lib/python3.10/site-packages/rq/connections.py:72: DeprecationWarning: The `pop_connection` function is deprecated. Pass the `connection` explicitly instead.
  warnings.warn(
/home/soundharya/todo/env/lib/python3.10/site-packages/rq/connections.py:58: DeprecationWarning: The `push_connection` function is deprecated. Pass the `connection` explicitly instead.
  warnings.warn(
/home/soundharya/todo/env/lib/python3.10/site-packages/rq/connections.py:72: DeprecationWarning: The `pop_connection` function is deprecated. Pass the `connection` explicitly instead.
  warnings.warn(
/home/soundharya/todo/env/lib/python3.10/site-packages/rq/connections.py:58: DeprecationWarning: The `push_connection` function is deprecated. Pass the `connection` explicitly instead.
  warnings.warn(
/home/soundharya/todo/env/lib/python3.10/site-packages/rq/connections.py:72: DeprecationWarning: The `pop_connection` function is deprecated. Pass the `connection` explicitly instead.
  warnings.warn(
/home/soundharya/todo/env/lib/python3.10/site-packages/rq/connections.py:58: DeprecationWarning: The `push_connection` function is deprecated. Pass the `connection` explicitly instead.
  warnings.warn(
/home/soundharya/todo/env/lib/python3.10/site-packages/rq/connections.py:72: DeprecationWarning: The `pop_connection` function is deprecated. Pass the `connection` explicitly instead.
  warnings.warn(
/home/soundharya/todo/env/lib/python3.10/site-packages/rq/connections.py:58: DeprecationWarning: The `push_connection` function is deprecated. Pass the `connection` explicitly instead.
  warnings.warn(
/home/soundharya/todo/env/lib/python3.10/site-packages/rq/connections.py:72: DeprecationWarning: The `pop_connection` function is deprecated. Pass the `connection` explicitly instead.
  warnings.warn(
/home/soundharya/todo/env/lib/python3.10/site-packages/rq/connections.py:58: DeprecationWarning: The `push_connection` function is deprecated. Pass the `connection` explicitly instead.
  warnings.warn(
/home/soundharya/todo/env/lib/python3.10/site-packages/rq/connections.py:72: DeprecationWarning: The `pop_connection` function is deprecated. Pass the `connection` explicitly instead.
  warnings.warn(
/home/soundharya/todo/env/lib/python3.10/site-packages/rq/connections.py:58: DeprecationWarning: The `push_connection` function is deprecated. Pass the `connection` explicitly instead.
  warnings.warn(
/home/soundharya/todo/env/lib/python3.10/site-packages/rq/connections.py:72: DeprecationWarning: The `pop_connection` function is deprecated. Pass the `connection` explicitly instead.
  warnings.warn(
/home/soundharya/todo/env/lib/python3.10/site-packages/rq/connections.py:58: DeprecationWarning: The `push_connection` function is deprecated. Pass the `connection` explicitly instead.
  warnings.warn(
/home/soundharya/todo/env/lib/python3.10/site-packages/rq/connections.py:72: DeprecationWarning: The `pop_connection` function is deprecated. Pass the `connection` explicitly instead.
  warnings.warn(
/home/soundharya/todo/env/lib/python3.10/site-packages/rq/connections.py:58: DeprecationWarning: The `push_connection` function is deprecated. Pass the `connection` explicitly instead.
  warnings.warn(
/home/soundharya/todo/env/lib/python3.10/site-packages/rq/connections.py:72: DeprecationWarning: The `pop_connection` function is deprecated. Pass the `connection` explicitly instead.
  warnings.warn(
/home/soundharya/todo/env/lib/python3.10/site-packages/rq/connections.py:58: DeprecationWarning: The `push_connection` function is deprecated. Pass the `connection` explicitly instead.
  warnings.warn(
/home/soundharya/todo/env/lib/python3.10/site-packages/rq/connections.py:72: DeprecationWarning: The `pop_connection` function is deprecated. Pass the `connection` explicitly instead.
  warnings.warn(
/home/soundharya/todo/env/lib/python3.10/site-packages/rq/connections.py:58: DeprecationWarning: The `push_connection` function is deprecated. Pass the `connection` explicitly instead.
  warnings.warn(
/home/soundharya/todo/env/lib/python3.10/site-packages/rq/connections.py:72: DeprecationWarning: The `pop_connection` function is deprecated. Pass the `connection` explicitly instead.
  warnings.warn(
/home/soundharya/todo/env/lib/python3.10/site-packages/rq/connections.py:58: DeprecationWarning: The `push_connection` function is deprecated. Pass the `connection` explicitly instead.
  warnings.warn(
/home/soundharya/todo/env/lib/python3.10/site-packages/google/api_core/_python_version_support.py:266: FutureWarning: You are using a Python version (3.10.12) which Google will stop supporting in new releases of google.api_core once it reaches its end of life (2026-10-04). Please upgrade to the latest Python version, or at least Python 3.11, to continue receiving updates for google.api_core past that date.
  warnings.warn(message, FutureWarning)
/home/soundharya/todo/env/lib/python3.10/site-packages/httplib2/auth.py:19: DeprecationWarning: 'setName' deprecated - use 'set_name'
  token = pp.Word(tchar).setName("token")
/home/soundharya/todo/env/lib/python3.10/site-packages/httplib2/auth.py:20: DeprecationWarning: 'leaveWhitespace' deprecated - use 'leave_whitespace'
  token68 = pp.Combine(pp.Word("-._~+/" + pp.nums + pp.alphas) + pp.Optional(pp.Word("=").leaveWhitespace())).setName(
/home/soundharya/todo/env/lib/python3.10/site-packages/httplib2/auth.py:20: DeprecationWarning: 'setName' deprecated - use 'set_name'
  token68 = pp.Combine(pp.Word("-._~+/" + pp.nums + pp.alphas) + pp.Optional(pp.Word("=").leaveWhitespace())).setName(
/home/soundharya/todo/env/lib/python3.10/site-packages/httplib2/auth.py:24: DeprecationWarning: 'setName' deprecated - use 'set_name'
  quoted_string = pp.dblQuotedString.copy().setName("quoted-string").setParseAction(unquote)
/home/soundharya/todo/env/lib/python3.10/site-packages/httplib2/auth.py:24: DeprecationWarning: 'setParseAction' deprecated - use 'set_parse_action'
  quoted_string = pp.dblQuotedString.copy().setName("quoted-string").setParseAction(unquote)
/home/soundharya/todo/env/lib/python3.10/site-packages/httplib2/auth.py:25: DeprecationWarning: 'setName' deprecated - use 'set_name'
  auth_param_name = token.copy().setName("auth-param-name").addParseAction(downcaseTokens)
/home/soundharya/todo/env/lib/python3.10/site-packages/httplib2/auth.py:25: DeprecationWarning: 'addParseAction' deprecated - use 'add_parse_action'
  auth_param_name = token.copy().setName("auth-param-name").addParseAction(downcaseTokens)
/home/soundharya/todo/env/lib/python3.10/site-packages/httplib2/auth.py:27: DeprecationWarning: 'delimitedList' deprecated - use 'DelimitedList'
  params = pp.Dict(pp.delimitedList(pp.Group(auth_param)))
/home/soundharya/todo/env/lib/python3.10/site-packages/httplib2/auth.py:33: DeprecationWarning: 'delimitedList' deprecated - use 'DelimitedList'
  www_authenticate = pp.delimitedList(pp.Group(challenge))
/home/soundharya/todo/env/lib/python3.10/site-packages/rq/connections.py:72: DeprecationWarning: The `pop_connection` function is deprecated. Pass the `connection` explicitly instead.
  warnings.warn(
/home/soundharya/todo/env/lib/python3.10/site-packages/rq/connections.py:58: DeprecationWarning: The `push_connection` function is deprecated. Pass the `connection` explicitly instead.
  warnings.warn(
/home/soundharya/todo/env/lib/python3.10/site-packages/rq/connections.py:72: DeprecationWarning: The `pop_connection` function is deprecated. Pass the `connection` explicitly instead.
  warnings.warn(
/home/soundharya/todo/env/lib/python3.10/site-packages/rq/connections.py:58: DeprecationWarning: The `push_connection` function is deprecated. Pass the `connection` explicitly instead.
  warnings.warn(
/home/soundharya/todo/env/lib/python3.10/site-packages/rq/connections.py:72: DeprecationWarning: The `pop_connection` function is deprecated. Pass the `connection` explicitly instead.
  warnings.warn(
/home/soundharya/todo/env/lib/python3.10/site-packages/rq/connections.py:58: DeprecationWarning: The `push_connection` function is deprecated. Pass the `connection` explicitly instead.
  warnings.warn(
/home/soundharya/todo/env/lib/python3.10/site-packages/rq/connections.py:72: DeprecationWarning: The `pop_connection` function is deprecated. Pass the `connection` explicitly instead.
  warnings.warn(
/home/soundharya/todo/env/lib/python3.10/site-packages/rq/connections.py:58: DeprecationWarning: The `push_connection` function is deprecated. Pass the `connection` explicitly instead.
  warnings.warn(
/home/soundharya/todo/env/lib/python3.10/site-packages/rq/connections.py:72: DeprecationWarning: The `pop_connection` function is deprecated. Pass the `connection` explicitly instead.
  warnings.warn(
/home/soundharya/todo/env/lib/python3.10/site-packages/rq/connections.py:58: DeprecationWarning: The `push_connection` function is deprecated. Pass the `connection` explicitly instead.
  warnings.warn(
/home/soundharya/todo/env/lib/python3.10/site-packages/rq/connections.py:72: DeprecationWarning: The `pop_connection` function is deprecated. Pass the `connection` explicitly instead.
  warnings.warn(
/home/soundharya/todo/env/lib/python3.10/site-packages/rq/connections.py:58: DeprecationWarning: The `push_connection` function is deprecated. Pass the `connection` explicitly instead.
  warnings.warn(
/home/soundharya/todo/env/lib/python3.10/site-packages/google/api_core/_python_version_support.py:266: FutureWarning: You are using a Python version (3.10.12) which Google will stop supporting in new releases of google.api_core once it reaches its end of life (2026-10-04). Please upgrade to the latest Python version, or at least Python 3.11, to continue receiving updates for google.api_core past that date.
  warnings.warn(message, FutureWarning)
/home/soundharya/todo/env/lib/python3.10/site-packages/httplib2/auth.py:19: DeprecationWarning: 'setName' deprecated - use 'set_name'
  token = pp.Word(tchar).setName("token")
/home/soundharya/todo/env/lib/python3.10/site-packages/httplib2/auth.py:20: DeprecationWarning: 'leaveWhitespace' deprecated - use 'leave_whitespace'
  token68 = pp.Combine(pp.Word("-._~+/" + pp.nums + pp.alphas) + pp.Optional(pp.Word("=").leaveWhitespace())).setName(
/home/soundharya/todo/env/lib/python3.10/site-packages/httplib2/auth.py:20: DeprecationWarning: 'setName' deprecated - use 'set_name'
  token68 = pp.Combine(pp.Word("-._~+/" + pp.nums + pp.alphas) + pp.Optional(pp.Word("=").leaveWhitespace())).setName(
/home/soundharya/todo/env/lib/python3.10/site-packages/httplib2/auth.py:24: DeprecationWarning: 'setName' deprecated - use 'set_name'
  quoted_string = pp.dblQuotedString.copy().setName("quoted-string").setParseAction(unquote)
/home/soundharya/todo/env/lib/python3.10/site-packages/httplib2/auth.py:24: DeprecationWarning: 'setParseAction' deprecated - use 'set_parse_action'
  quoted_string = pp.dblQuotedString.copy().setName("quoted-string").setParseAction(unquote)
/home/soundharya/todo/env/lib/python3.10/site-packages/httplib2/auth.py:25: DeprecationWarning: 'setName' deprecated - use 'set_name'
  auth_param_name = token.copy().setName("auth-param-name").addParseAction(downcaseTokens)
/home/soundharya/todo/env/lib/python3.10/site-packages/httplib2/auth.py:25: DeprecationWarning: 'addParseAction' deprecated - use 'add_parse_action'
  auth_param_name = token.copy().setName("auth-param-name").addParseAction(downcaseTokens)
/home/soundharya/todo/env/lib/python3.10/site-packages/httplib2/auth.py:27: DeprecationWarning: 'delimitedList' deprecated - use 'DelimitedList'
  params = pp.Dict(pp.delimitedList(pp.Group(auth_param)))
/home/soundharya/todo/env/lib/python3.10/site-packages/httplib2/auth.py:33: DeprecationWarning: 'delimitedList' deprecated - use 'DelimitedList'
  www_authenticate = pp.delimitedList(pp.Group(challenge))
/home/soundharya/todo/env/lib/python3.10/site-packages/rq/connections.py:72: DeprecationWarning: The `pop_connection` function is deprecated. Pass the `connection` explicitly instead.
  warnings.warn(
/home/soundharya/todo/env/lib/python3.10/site-packages/rq/connections.py:58: DeprecationWarning: The `push_connection` function is deprecated. Pass the `connection` explicitly instead.
  warnings.warn(
/home/soundharya/todo/env/lib/python3.10/site-packages/rq/connections.py:72: DeprecationWarning: The `pop_connection` function is deprecated. Pass the `connection` explicitly instead.
  warnings.warn(
/home/soundharya/todo/env/lib/python3.10/site-packages/rq/connections.py:58: DeprecationWarning: The `push_connection` function is deprecated. Pass the `connection` explicitly instead.
  warnings.warn(
/home/soundharya/todo/env/lib/python3.10/site-packages/rq/connections.py:72: DeprecationWarning: The `pop_connection` function is deprecated. Pass the `connection` explicitly instead.
  warnings.warn(
/home/soundharya/todo/env/lib/python3.10/site-packages/rq/connections.py:58: DeprecationWarning: The `push_connection` function is deprecated. Pass the `connection` explicitly instead.
  warnings.warn(
/home/soundharya/todo/env/lib/python3.10/site-packages/rq/connections.py:72: DeprecationWarning: The `pop_connection` function is deprecated. Pass the `connection` explicitly instead.
  warnings.warn(
/home/soundharya/todo/env/lib/python3.10/site-packages/rq/connections.py:58: DeprecationWarning: The `push_connection` function is deprecated. Pass the `connection` explicitly instead.
  warnings.warn(
/home/soundharya/todo/env/lib/python3.10/site-packages/google/api_core/_python_version_support.py:266: FutureWarning: You are using a Python version (3.10.12) which Google will stop supporting in new releases of google.api_core once it reaches its end of life (2026-10-04). Please upgrade to the latest Python version, or at least Python 3.11, to continue receiving updates for google.api_core past that date.
  warnings.warn(message, FutureWarning)
/home/soundharya/todo/env/lib/python3.10/site-packages/httplib2/auth.py:19: DeprecationWarning: 'setName' deprecated - use 'set_name'
  token = pp.Word(tchar).setName("token")
/home/soundharya/todo/env/lib/python3.10/site-packages/httplib2/auth.py:20: DeprecationWarning: 'leaveWhitespace' deprecated - use 'leave_whitespace'
  token68 = pp.Combine(pp.Word("-._~+/" + pp.nums + pp.alphas) + pp.Optional(pp.Word("=").leaveWhitespace())).setName(
/home/soundharya/todo/env/lib/python3.10/site-packages/httplib2/auth.py:20: DeprecationWarning: 'setName' deprecated - use 'set_name'
  token68 = pp.Combine(pp.Word("-._~+/" + pp.nums + pp.alphas) + pp.Optional(pp.Word("=").leaveWhitespace())).setName(
/home/soundharya/todo/env/lib/python3.10/site-packages/httplib2/auth.py:24: DeprecationWarning: 'setName' deprecated - use 'set_name'
  quoted_string = pp.dblQuotedString.copy().setName("quoted-string").setParseAction(unquote)
/home/soundharya/todo/env/lib/python3.10/site-packages/httplib2/auth.py:24: DeprecationWarning: 'setParseAction' deprecated - use 'set_parse_action'
  quoted_string = pp.dblQuotedString.copy().setName("quoted-string").setParseAction(unquote)
/home/soundharya/todo/env/lib/python3.10/site-packages/httplib2/auth.py:25: DeprecationWarning: 'setName' deprecated - use 'set_name'
  auth_param_name = token.copy().setName("auth-param-name").addParseAction(downcaseTokens)
/home/soundharya/todo/env/lib/python3.10/site-packages/httplib2/auth.py:25: DeprecationWarning: 'addParseAction' deprecated - use 'add_parse_action'
  auth_param_name = token.copy().setName("auth-param-name").addParseAction(downcaseTokens)
/home/soundharya/todo/env/lib/python3.10/site-packages/httplib2/auth.py:27: DeprecationWarning: 'delimitedList' deprecated - use 'DelimitedList'
  params = pp.Dict(pp.delimitedList(pp.Group(auth_param)))
/home/soundharya/todo/env/lib/python3.10/site-packages/httplib2/auth.py:33: DeprecationWarning: 'delimitedList' deprecated - use 'DelimitedList'
  www_authenticate = pp.delimitedList(pp.Group(challenge))
/home/soundharya/todo/env/lib/python3.10/site-packages/rq/connections.py:72: DeprecationWarning: The `pop_connection` function is deprecated. Pass the `connection` explicitly instead.
  warnings.warn(
/home/soundharya/todo/env/lib/python3.10/site-packages/rq/connections.py:58: DeprecationWarning: The `push_connection` function is deprecated. Pass the `connection` explicitly instead.
  warnings.warn(
/home/soundharya/todo/env/lib/python3.10/site-packages/rq/connections.py:72: DeprecationWarning: The `pop_connection` function is deprecated. Pass the `connection` explicitly instead.
  warnings.warn(
/home/soundharya/todo/env/lib/python3.10/site-packages/rq/connections.py:58: DeprecationWarning: The `push_connection` function is deprecated. Pass the `connection` explicitly instead.
  warnings.warn(
/home/soundharya/todo/env/lib/python3.10/site-packages/google/api_core/_python_version_support.py:266: FutureWarning: You are using a Python version (3.10.12) which Google will stop supporting in new releases of google.api_core once it reaches its end of life (2026-10-04). Please upgrade to the latest Python version, or at least Python 3.11, to continue receiving updates for google.api_core past that date.
  warnings.warn(message, FutureWarning)
/home/soundharya/todo/env/lib/python3.10/site-packages/httplib2/auth.py:19: DeprecationWarning: 'setName' deprecated - use 'set_name'
  token = pp.Word(tchar).setName("token")
/home/soundharya/todo/env/lib/python3.10/site-packages/httplib2/auth.py:20: DeprecationWarning: 'leaveWhitespace' deprecated - use 'leave_whitespace'
  token68 = pp.Combine(pp.Word("-._~+/" + pp.nums + pp.alphas) + pp.Optional(pp.Word("=").leaveWhitespace())).setName(
/home/soundharya/todo/env/lib/python3.10/site-packages/httplib2/auth.py:20: DeprecationWarning: 'setName' deprecated - use 'set_name'
  token68 = pp.Combine(pp.Word("-._~+/" + pp.nums + pp.alphas) + pp.Optional(pp.Word("=").leaveWhitespace())).setName(
/home/soundharya/todo/env/lib/python3.10/site-packages/httplib2/auth.py:24: DeprecationWarning: 'setName' deprecated - use 'set_name'
  quoted_string = pp.dblQuotedString.copy().setName("quoted-string").setParseAction(unquote)
/home/soundharya/todo/env/lib/python3.10/site-packages/httplib2/auth.py:24: DeprecationWarning: 'setParseAction' deprecated - use 'set_parse_action'
  quoted_string = pp.dblQuotedString.copy().setName("quoted-string").setParseAction(unquote)
/home/soundharya/todo/env/lib/python3.10/site-packages/httplib2/auth.py:25: DeprecationWarning: 'setName' deprecated - use 'set_name'
  auth_param_name = token.copy().setName("auth-param-name").addParseAction(downcaseTokens)
/home/soundharya/todo/env/lib/python3.10/site-packages/httplib2/auth.py:25: DeprecationWarning: 'addParseAction' deprecated - use 'add_parse_action'
  auth_param_name = token.copy().setName("auth-param-name").addParseAction(downcaseTokens)
/home/soundharya/todo/env/lib/python3.10/site-packages/httplib2/auth.py:27: DeprecationWarning: 'delimitedList' deprecated - use 'DelimitedList'
  params = pp.Dict(pp.delimitedList(pp.Group(auth_param)))
/home/soundharya/todo/env/lib/python3.10/site-packages/httplib2/auth.py:33: DeprecationWarning: 'delimitedList' deprecated - use 'DelimitedList'
  www_authenticate = pp.delimitedList(pp.Group(challenge))
/home/soundharya/todo/env/lib/python3.10/site-packages/rq/connections.py:72: DeprecationWarning: The `pop_connection` function is deprecated. Pass the `connection` explicitly instead.
  warnings.warn(
/home/soundharya/todo/env/lib/python3.10/site-packages/rq/connections.py:58: DeprecationWarning: The `push_connection` function is deprecated. Pass the `connection` explicitly instead.
  warnings.warn(
/home/soundharya/todo/env/lib/python3.10/site-packages/rq/connections.py:72: DeprecationWarning: The `pop_connection` function is deprecated. Pass the `connection` explicitly instead.
  warnings.warn(
/home/soundharya/todo/env/lib/python3.10/site-packages/rq/connections.py:58: DeprecationWarning: The `push_connection` function is deprecated. Pass the `connection` explicitly instead.
  warnings.warn(
/home/soundharya/todo/env/lib/python3.10/site-packages/rq/connections.py:72: DeprecationWarning: The `pop_connection` function is deprecated. Pass the `connection` explicitly instead.
  warnings.warn(
/home/soundharya/todo/env/lib/python3.10/site-packages/rq/connections.py:58: DeprecationWarning: The `push_connection` function is deprecated. Pass the `connection` explicitly instead.
  warnings.warn(
/home/soundharya/todo/env/lib/python3.10/site-packages/rq/connections.py:72: DeprecationWarning: The `pop_connection` function is deprecated. Pass the `connection` explicitly instead.
  warnings.warn(
/home/soundharya/todo/env/lib/python3.10/site-packages/rq/connections.py:58: DeprecationWarning: The `push_connection` function is deprecated. Pass the `connection` explicitly instead.
  warnings.warn(
/home/soundharya/todo/env/lib/python3.10/site-packages/rq/connections.py:72: DeprecationWarning: The `pop_connection` function is deprecated. Pass the `connection` explicitly instead.
  warnings.warn(
/home/soundharya/todo/env/lib/python3.10/site-packages/rq/connections.py:58: DeprecationWarning: The `push_connection` function is deprecated. Pass the `connection` explicitly instead.
  warnings.warn(
/home/soundharya/todo/env/lib/python3.10/site-packages/rq/connections.py:72: DeprecationWarning: The `pop_connection` function is deprecated. Pass the `connection` explicitly instead.
  warnings.warn(
/home/soundharya/todo/env/lib/python3.10/site-packages/rq/connections.py:58: DeprecationWarning: The `push_connection` function is deprecated. Pass the `connection` explicitly instead.
  warnings.warn(
/home/soundharya/todo/env/lib/python3.10/site-packages/rq/connections.py:72: DeprecationWarning: The `pop_connection` function is deprecated. Pass the `connection` explicitly instead.
  warnings.warn(
/home/soundharya/todo/env/lib/python3.10/site-packages/rq/connections.py:58: DeprecationWarning: The `push_connection` function is deprecated. Pass the `connection` explicitly instead.
  warnings.warn(
/home/soundharya/todo/env/lib/python3.10/site-packages/rq/connections.py:72: DeprecationWarning: The `pop_connection` function is deprecated. Pass the `connection` explicitly instead.
  warnings.warn(
/home/soundharya/todo/env/lib/python3.10/site-packages/rq/connections.py:58: DeprecationWarning: The `push_connection` function is deprecated. Pass the `connection` explicitly instead.
  warnings.warn(
/home/soundharya/todo/env/lib/python3.10/site-packages/rq/connections.py:72: DeprecationWarning: The `pop_connection` function is deprecated. Pass the `connection` explicitly instead.
  warnings.warn(
/home/soundharya/todo/env/lib/python3.10/site-packages/rq/connections.py:58: DeprecationWarning: The `push_connection` function is deprecated. Pass the `connection` explicitly instead.
  warnings.warn(
/home/soundharya/todo/env/lib/python3.10/site-packages/rq/connections.py:72: DeprecationWarning: The `pop_connection` function is deprecated. Pass the `connection` explicitly instead.
  warnings.warn(
/home/soundharya/todo/env/lib/python3.10/site-packages/rq/connections.py:58: DeprecationWarning: The `push_connection` function is deprecated. Pass the `connection` explicitly instead.
  warnings.warn(
/home/soundharya/todo/env/lib/python3.10/site-packages/rq/connections.py:72: DeprecationWarning: The `pop_connection` function is deprecated. Pass the `connection` explicitly instead.
  warnings.warn(
/home/soundharya/todo/env/lib/python3.10/site-packages/rq/connections.py:58: DeprecationWarning: The `push_connection` function is deprecated. Pass the `connection` explicitly instead.
  warnings.warn(
/home/soundharya/todo/env/lib/python3.10/site-packages/rq/connections.py:72: DeprecationWarning: The `pop_connection` function is deprecated. Pass the `connection` explicitly instead.
  warnings.warn(
/home/soundharya/todo/env/lib/python3.10/site-packages/rq/connections.py:58: DeprecationWarning: The `push_connection` function is deprecated. Pass the `connection` explicitly instead.
  warnings.warn(
/home/soundharya/todo/env/lib/python3.10/site-packages/google/api_core/_python_version_support.py:266: FutureWarning: You are using a Python version (3.10.12) which Google will stop supporting in new releases of google.api_core once it reaches its end of life (2026-10-04). Please upgrade to the latest Python version, or at least Python 3.11, to continue receiving updates for google.api_core past that date.
  warnings.warn(message, FutureWarning)
/home/soundharya/todo/env/lib/python3.10/site-packages/httplib2/auth.py:19: DeprecationWarning: 'setName' deprecated - use 'set_name'
  token = pp.Word(tchar).setName("token")
/home/soundharya/todo/env/lib/python3.10/site-packages/httplib2/auth.py:20: DeprecationWarning: 'leaveWhitespace' deprecated - use 'leave_whitespace'
  token68 = pp.Combine(pp.Word("-._~+/" + pp.nums + pp.alphas) + pp.Optional(pp.Word("=").leaveWhitespace())).setName(
/home/soundharya/todo/env/lib/python3.10/site-packages/httplib2/auth.py:20: DeprecationWarning: 'setName' deprecated - use 'set_name'
  token68 = pp.Combine(pp.Word("-._~+/" + pp.nums + pp.alphas) + pp.Optional(pp.Word("=").leaveWhitespace())).setName(
/home/soundharya/todo/env/lib/python3.10/site-packages/httplib2/auth.py:24: DeprecationWarning: 'setName' deprecated - use 'set_name'
  quoted_string = pp.dblQuotedString.copy().setName("quoted-string").setParseAction(unquote)
/home/soundharya/todo/env/lib/python3.10/site-packages/httplib2/auth.py:24: DeprecationWarning: 'setParseAction' deprecated - use 'set_parse_action'
  quoted_string = pp.dblQuotedString.copy().setName("quoted-string").setParseAction(unquote)
/home/soundharya/todo/env/lib/python3.10/site-packages/httplib2/auth.py:25: DeprecationWarning: 'setName' deprecated - use 'set_name'
  auth_param_name = token.copy().setName("auth-param-name").addParseAction(downcaseTokens)
/home/soundharya/todo/env/lib/python3.10/site-packages/httplib2/auth.py:25: DeprecationWarning: 'addParseAction' deprecated - use 'add_parse_action'
  auth_param_name = token.copy().setName("auth-param-name").addParseAction(downcaseTokens)
/home/soundharya/todo/env/lib/python3.10/site-packages/httplib2/auth.py:27: DeprecationWarning: 'delimitedList' deprecated - use 'DelimitedList'
  params = pp.Dict(pp.delimitedList(pp.Group(auth_param)))
/home/soundharya/todo/env/lib/python3.10/site-packages/httplib2/auth.py:33: DeprecationWarning: 'delimitedList' deprecated - use 'DelimitedList'
  www_authenticate = pp.delimitedList(pp.Group(challenge))
/home/soundharya/todo/env/lib/python3.10/site-packages/rq/connections.py:72: DeprecationWarning: The `pop_connection` function is deprecated. Pass the `connection` explicitly instead.
  warnings.warn(
/home/soundharya/todo/env/lib/python3.10/site-packages/rq/connections.py:58: DeprecationWarning: The `push_connection` function is deprecated. Pass the `connection` explicitly instead.
  warnings.warn(
/home/soundharya/todo/env/lib/python3.10/site-packages/rq/connections.py:72: DeprecationWarning: The `pop_connection` function is deprecated. Pass the `connection` explicitly instead.
  warnings.warn(
/home/soundharya/todo/env/lib/python3.10/site-packages/rq/connections.py:58: DeprecationWarning: The `push_connection` function is deprecated. Pass the `connection` explicitly instead.
  warnings.warn(
/home/soundharya/todo/env/lib/python3.10/site-packages/rq/connections.py:72: DeprecationWarning: The `pop_connection` function is deprecated. Pass the `connection` explicitly instead.
  warnings.warn(
/home/soundharya/todo/env/lib/python3.10/site-packages/rq/connections.py:58: DeprecationWarning: The `push_connection` function is deprecated. Pass the `connection` explicitly instead.
  warnings.warn(
/home/soundharya/todo/env/lib/python3.10/site-packages/rq/connections.py:72: DeprecationWarning: The `pop_connection` function is deprecated. Pass the `connection` explicitly instead.
  warnings.warn(
/home/soundharya/todo/env/lib/python3.10/site-packages/rq/connections.py:58: DeprecationWarning: The `push_connection` function is deprecated. Pass the `connection` explicitly instead.
  warnings.warn(
/home/soundharya/todo/env/lib/python3.10/site-packages/rq/connections.py:72: DeprecationWarning: The `pop_connection` function is deprecated. Pass the `connection` explicitly instead.
  warnings.warn(
/home/soundharya/todo/env/lib/python3.10/site-packages/rq/connections.py:58: DeprecationWarning: The `push_connection` function is deprecated. Pass the `connection` explicitly instead.
  warnings.warn(
/home/soundharya/todo/env/lib/python3.10/site-packages/rq/connections.py:72: DeprecationWarning: The `pop_connection` function is deprecated. Pass the `connection` explicitly instead.
  warnings.warn(
/home/soundharya/todo/env/lib/python3.10/site-packages/rq/connections.py:58: DeprecationWarning: The `push_connection` function is deprecated. Pass the `connection` explicitly instead.
  warnings.warn(
/home/soundharya/todo/env/lib/python3.10/site-packages/rq/connections.py:72: DeprecationWarning: The `pop_connection` function is deprecated. Pass the `connection` explicitly instead.
  warnings.warn(
/home/soundharya/todo/env/lib/python3.10/site-packages/rq/connections.py:58: DeprecationWarning: The `push_connection` function is deprecated. Pass the `connection` explicitly instead.
  warnings.warn(
/home/soundharya/todo/env/lib/python3.10/site-packages/rq/connections.py:72: DeprecationWarning: The `pop_connection` function is deprecated. Pass the `connection` explicitly instead.
  warnings.warn(
/home/soundharya/todo/env/lib/python3.10/site-packages/rq/connections.py:58: DeprecationWarning: The `push_connection` function is deprecated. Pass the `connection` explicitly instead.
  warnings.warn(
/home/soundharya/todo/env/lib/python3.10/site-packages/google/api_core/_python_version_support.py:266: FutureWarning: You are using a Python version (3.10.12) which Google will stop supporting in new releases of google.api_core once it reaches its end of life (2026-10-04). Please upgrade to the latest Python version, or at least Python 3.11, to continue receiving updates for google.api_core past that date.
  warnings.warn(message, FutureWarning)
/home/soundharya/todo/env/lib/python3.10/site-packages/httplib2/auth.py:19: DeprecationWarning: 'setName' deprecated - use 'set_name'
  token = pp.Word(tchar).setName("token")
/home/soundharya/todo/env/lib/python3.10/site-packages/httplib2/auth.py:20: DeprecationWarning: 'leaveWhitespace' deprecated - use 'leave_whitespace'
  token68 = pp.Combine(pp.Word("-._~+/" + pp.nums + pp.alphas) + pp.Optional(pp.Word("=").leaveWhitespace())).setName(
/home/soundharya/todo/env/lib/python3.10/site-packages/httplib2/auth.py:20: DeprecationWarning: 'setName' deprecated - use 'set_name'
  token68 = pp.Combine(pp.Word("-._~+/" + pp.nums + pp.alphas) + pp.Optional(pp.Word("=").leaveWhitespace())).setName(
/home/soundharya/todo/env/lib/python3.10/site-packages/httplib2/auth.py:24: DeprecationWarning: 'setName' deprecated - use 'set_name'
  quoted_string = pp.dblQuotedString.copy().setName("quoted-string").setParseAction(unquote)
/home/soundharya/todo/env/lib/python3.10/site-packages/httplib2/auth.py:24: DeprecationWarning: 'setParseAction' deprecated - use 'set_parse_action'
  quoted_string = pp.dblQuotedString.copy().setName("quoted-string").setParseAction(unquote)
/home/soundharya/todo/env/lib/python3.10/site-packages/httplib2/auth.py:25: DeprecationWarning: 'setName' deprecated - use 'set_name'
  auth_param_name = token.copy().setName("auth-param-name").addParseAction(downcaseTokens)
/home/soundharya/todo/env/lib/python3.10/site-packages/httplib2/auth.py:25: DeprecationWarning: 'addParseAction' deprecated - use 'add_parse_action'
  auth_param_name = token.copy().setName("auth-param-name").addParseAction(downcaseTokens)
/home/soundharya/todo/env/lib/python3.10/site-packages/httplib2/auth.py:27: DeprecationWarning: 'delimitedList' deprecated - use 'DelimitedList'
  params = pp.Dict(pp.delimitedList(pp.Group(auth_param)))
/home/soundharya/todo/env/lib/python3.10/site-packages/httplib2/auth.py:33: DeprecationWarning: 'delimitedList' deprecated - use 'DelimitedList'
  www_authenticate = pp.delimitedList(pp.Group(challenge))
/home/soundharya/todo/env/lib/python3.10/site-packages/rq/connections.py:72: DeprecationWarning: The `pop_connection` function is deprecated. Pass the `connection` explicitly instead.
  warnings.warn(
/home/soundharya/todo/env/lib/python3.10/site-packages/rq/connections.py:58: DeprecationWarning: The `push_connection` function is deprecated. Pass the `connection` explicitly instead.
  warnings.warn(
/home/soundharya/todo/env/lib/python3.10/site-packages/rq/connections.py:72: DeprecationWarning: The `pop_connection` function is deprecated. Pass the `connection` explicitly instead.
  warnings.warn(
/home/soundharya/todo/env/lib/python3.10/site-packages/rq/connections.py:58: DeprecationWarning: The `push_connection` function is deprecated. Pass the `connection` explicitly instead.
  warnings.warn(
/home/soundharya/todo/env/lib/python3.10/site-packages/rq/connections.py:72: DeprecationWarning: The `pop_connection` function is deprecated. Pass the `connection` explicitly instead.
  warnings.warn(
/home/soundharya/todo/env/lib/python3.10/site-packages/rq/connections.py:58: DeprecationWarning: The `push_connection` function is deprecated. Pass the `connection` explicitly instead.
  warnings.warn(
/home/soundharya/todo/env/lib/python3.10/site-packages/rq/connections.py:72: DeprecationWarning: The `pop_connection` function is deprecated. Pass the `connection` explicitly instead.
  warnings.warn(
/home/soundharya/todo/env/lib/python3.10/site-packages/rq/connections.py:58: DeprecationWarning: The `push_connection` function is deprecated. Pass the `connection` explicitly instead.
  warnings.warn(
/home/soundharya/todo/env/lib/python3.10/site-packages/google/api_core/_python_version_support.py:266: FutureWarning: You are using a Python version (3.10.12) which Google will stop supporting in new releases of google.api_core once it reaches its end of life (2026-10-04). Please upgrade to the latest Python version, or at least Python 3.11, to continue receiving updates for google.api_core past that date.
  warnings.warn(message, FutureWarning)
/home/soundharya/todo/env/lib/python3.10/site-packages/httplib2/auth.py:19: DeprecationWarning: 'setName' deprecated - use 'set_name'
  token = pp.Word(tchar).setName("token")
/home/soundharya/todo/env/lib/python3.10/site-packages/httplib2/auth.py:20: DeprecationWarning: 'leaveWhitespace' deprecated - use 'leave_whitespace'
  token68 = pp.Combine(pp.Word("-._~+/" + pp.nums + pp.alphas) + pp.Optional(pp.Word("=").leaveWhitespace())).setName(
/home/soundharya/todo/env/lib/python3.10/site-packages/httplib2/auth.py:20: DeprecationWarning: 'setName' deprecated - use 'set_name'
  token68 = pp.Combine(pp.Word("-._~+/" + pp.nums + pp.alphas) + pp.Optional(pp.Word("=").leaveWhitespace())).setName(
/home/soundharya/todo/env/lib/python3.10/site-packages/httplib2/auth.py:24: DeprecationWarning: 'setName' deprecated - use 'set_name'
  quoted_string = pp.dblQuotedString.copy().setName("quoted-string").setParseAction(unquote)
/home/soundharya/todo/env/lib/python3.10/site-packages/httplib2/auth.py:24: DeprecationWarning: 'setParseAction' deprecated - use 'set_parse_action'
  quoted_string = pp.dblQuotedString.copy().setName("quoted-string").setParseAction(unquote)
/home/soundharya/todo/env/lib/python3.10/site-packages/httplib2/auth.py:25: DeprecationWarning: 'setName' deprecated - use 'set_name'
  auth_param_name = token.copy().setName("auth-param-name").addParseAction(downcaseTokens)
/home/soundharya/todo/env/lib/python3.10/site-packages/httplib2/auth.py:25: DeprecationWarning: 'addParseAction' deprecated - use 'add_parse_action'
  auth_param_name = token.copy().setName("auth-param-name").addParseAction(downcaseTokens)
/home/soundharya/todo/env/lib/python3.10/site-packages/httplib2/auth.py:27: DeprecationWarning: 'delimitedList' deprecated - use 'DelimitedList'
  params = pp.Dict(pp.delimitedList(pp.Group(auth_param)))
/home/soundharya/todo/env/lib/python3.10/site-packages/httplib2/auth.py:33: DeprecationWarning: 'delimitedList' deprecated - use 'DelimitedList'
  www_authenticate = pp.delimitedList(pp.Group(challenge))
/home/soundharya/todo/env/lib/python3.10/site-packages/rq/connections.py:72: DeprecationWarning: The `pop_connection` function is deprecated. Pass the `connection` explicitly instead.
  warnings.warn(
/home/soundharya/todo/env/lib/python3.10/site-packages/rq/connections.py:58: DeprecationWarning: The `push_connection` function is deprecated. Pass the `connection` explicitly instead.
  warnings.warn(
/home/soundharya/todo/env/lib/python3.10/site-packages/rq/connections.py:72: DeprecationWarning: The `pop_connection` function is deprecated. Pass the `connection` explicitly instead.
  warnings.warn(
/home/soundharya/todo/env/lib/python3.10/site-packages/rq/connections.py:58: DeprecationWarning: The `push_connection` function is deprecated. Pass the `connection` explicitly instead.
  warnings.warn(
/home/soundharya/todo/env/lib/python3.10/site-packages/google/api_core/_python_version_support.py:266: FutureWarning: You are using a Python version (3.10.12) which Google will stop supporting in new releases of google.api_core once it reaches its end of life (2026-10-04). Please upgrade to the latest Python version, or at least Python 3.11, to continue receiving updates for google.api_core past that date.
  warnings.warn(message, FutureWarning)
/home/soundharya/todo/env/lib/python3.10/site-packages/httplib2/auth.py:19: DeprecationWarning: 'setName' deprecated - use 'set_name'
  token = pp.Word(tchar).setName("token")
/home/soundharya/todo/env/lib/python3.10/site-packages/httplib2/auth.py:20: DeprecationWarning: 'leaveWhitespace' deprecated - use 'leave_whitespace'
  token68 = pp.Combine(pp.Word("-._~+/" + pp.nums + pp.alphas) + pp.Optional(pp.Word("=").leaveWhitespace())).setName(
/home/soundharya/todo/env/lib/python3.10/site-packages/httplib2/auth.py:20: DeprecationWarning: 'setName' deprecated - use 'set_name'
  token68 = pp.Combine(pp.Word("-._~+/" + pp.nums + pp.alphas) + pp.Optional(pp.Word("=").leaveWhitespace())).setName(
/home/soundharya/todo/env/lib/python3.10/site-packages/httplib2/auth.py:24: DeprecationWarning: 'setName' deprecated - use 'set_name'
  quoted_string = pp.dblQuotedString.copy().setName("quoted-string").setParseAction(unquote)
/home/soundharya/todo/env/lib/python3.10/site-packages/httplib2/auth.py:24: DeprecationWarning: 'setParseAction' deprecated - use 'set_parse_action'
  quoted_string = pp.dblQuotedString.copy().setName("quoted-string").setParseAction(unquote)
/home/soundharya/todo/env/lib/python3.10/site-packages/httplib2/auth.py:25: DeprecationWarning: 'setName' deprecated - use 'set_name'
  auth_param_name = token.copy().setName("auth-param-name").addParseAction(downcaseTokens)
/home/soundharya/todo/env/lib/python3.10/site-packages/httplib2/auth.py:25: DeprecationWarning: 'addParseAction' deprecated - use 'add_parse_action'
  auth_param_name = token.copy().setName("auth-param-name").addParseAction(downcaseTokens)
/home/soundharya/todo/env/lib/python3.10/site-packages/httplib2/auth.py:27: DeprecationWarning: 'delimitedList' deprecated - use 'DelimitedList'
  params = pp.Dict(pp.delimitedList(pp.Group(auth_param)))
/home/soundharya/todo/env/lib/python3.10/site-packages/httplib2/auth.py:33: DeprecationWarning: 'delimitedList' deprecated - use 'DelimitedList'
  www_authenticate = pp.delimitedList(pp.Group(challenge))
/home/soundharya/todo/env/lib/python3.10/site-packages/rq/connections.py:72: DeprecationWarning: The `pop_connection` function is deprecated. Pass the `connection` explicitly instead.
  warnings.warn(
/home/soundharya/todo/env/lib/python3.10/site-packages/rq/connections.py:58: DeprecationWarning: The `push_connection` function is deprecated. Pass the `connection` explicitly instead.
  warnings.warn(
/home/soundharya/todo/env/lib/python3.10/site-packages/rq/connections.py:72: DeprecationWarning: The `pop_connection` function is deprecated. Pass the `connection` explicitly instead.
  warnings.warn(
/home/soundharya/todo/env/lib/python3.10/site-packages/rq/connections.py:58: DeprecationWarning: The `push_connection` function is deprecated. Pass the `connection` explicitly instead.
  warnings.warn(
/home/soundharya/todo/env/lib/python3.10/site-packages/rq/connections.py:72: DeprecationWarning: The `pop_connection` function is deprecated. Pass the `connection` explicitly instead.
  warnings.warn(
/home/soundharya/todo/env/lib/python3.10/site-packages/rq/connections.py:58: DeprecationWarning: The `push_connection` function is deprecated. Pass the `connection` explicitly instead.
  warnings.warn(
/home/soundharya/todo/env/lib/python3.10/site-packages/rq/connections.py:72: DeprecationWarning: The `pop_connection` function is deprecated. Pass the `connection` explicitly instead.
  warnings.warn(
/home/soundharya/todo/env/lib/python3.10/site-packages/rq/connections.py:58: DeprecationWarning: The `push_connection` function is deprecated. Pass the `connection` explicitly instead.
  warnings.warn(
/home/soundharya/todo/env/lib/python3.10/site-packages/rq/connections.py:72: DeprecationWarning: The `pop_connection` function is deprecated. Pass the `connection` explicitly instead.
  warnings.warn(
/home/soundharya/todo/env/lib/python3.10/site-packages/rq/connections.py:58: DeprecationWarning: The `push_connection` function is deprecated. Pass the `connection` explicitly instead.
  warnings.warn(
/home/soundharya/todo/env/lib/python3.10/site-packages/rq/connections.py:72: DeprecationWarning: The `pop_connection` function is deprecated. Pass the `connection` explicitly instead.
  warnings.warn(
/home/soundharya/todo/env/lib/python3.10/site-packages/rq/connections.py:58: DeprecationWarning: The `push_connection` function is deprecated. Pass the `connection` explicitly instead.
  warnings.warn(
/home/soundharya/todo/env/lib/python3.10/site-packages/rq/connections.py:72: DeprecationWarning: The `pop_connection` function is deprecated. Pass the `connection` explicitly instead.
  warnings.warn(
/home/soundharya/todo/env/lib/python3.10/site-packages/rq/connections.py:58: DeprecationWarning: The `push_connection` function is deprecated. Pass the `connection` explicitly instead.
  warnings.warn(
/home/soundharya/todo/env/lib/python3.10/site-packages/rq/connections.py:72: DeprecationWarning: The `pop_connection` function is deprecated. Pass the `connection` explicitly instead.
  warnings.warn(
/home/soundharya/todo/env/lib/python3.10/site-packages/rq/connections.py:58: DeprecationWarning: The `push_connection` function is deprecated. Pass the `connection` explicitly instead.
  warnings.warn(
/home/soundharya/todo/env/lib/python3.10/site-packages/rq/connections.py:72: DeprecationWarning: The `pop_connection` function is deprecated. Pass the `connection` explicitly instead.
  warnings.warn(
/home/soundharya/todo/env/lib/python3.10/site-packages/rq/connections.py:58: DeprecationWarning: The `push_connection` function is deprecated. Pass the `connection` explicitly instead.
  warnings.warn(
/home/soundharya/todo/env/lib/python3.10/site-packages/rq/connections.py:72: DeprecationWarning: The `pop_connection` function is deprecated. Pass the `connection` explicitly instead.
  warnings.warn(
/home/soundharya/todo/env/lib/python3.10/site-packages/rq/connections.py:58: DeprecationWarning: The `push_connection` function is deprecated. Pass the `connection` explicitly instead.
  warnings.warn(
/home/soundharya/todo/env/lib/python3.10/site-packages/rq/connections.py:72: DeprecationWarning: The `pop_connection` function is deprecated. Pass the `connection` explicitly instead.
  warnings.warn(
/home/soundharya/todo/env/lib/python3.10/site-packages/rq/connections.py:58: DeprecationWarning: The `push_connection` function is deprecated. Pass the `connection` explicitly instead.
  warnings.warn(
/home/soundharya/todo/env/lib/python3.10/site-packages/rq/connections.py:72: DeprecationWarning: The `pop_connection` function is deprecated. Pass the `connection` explicitly instead.
  warnings.warn(
/home/soundharya/todo/env/lib/python3.10/site-packages/rq/connections.py:58: DeprecationWarning: The `push_connection` function is deprecated. Pass the `connection` explicitly instead.
  warnings.warn(
/home/soundharya/todo/env/lib/python3.10/site-packages/rq/connections.py:72: DeprecationWarning: The `pop_connection` function is deprecated. Pass the `connection` explicitly instead.
  warnings.warn(
/home/soundharya/todo/env/lib/python3.10/site-packages/rq/connections.py:58: DeprecationWarning: The `push_connection` function is deprecated. Pass the `connection` explicitly instead.
  warnings.warn(
/home/soundharya/todo/env/lib/python3.10/site-packages/rq/connections.py:72: DeprecationWarning: The `pop_connection` function is deprecated. Pass the `connection` explicitly instead.
  warnings.warn(
/home/soundharya/todo/env/lib/python3.10/site-packages/rq/connections.py:58: DeprecationWarning: The `push_connection` function is deprecated. Pass the `connection` explicitly instead.
  warnings.warn(
/home/soundharya/todo/env/lib/python3.10/site-packages/rq/connections.py:72: DeprecationWarning: The `pop_connection` function is deprecated. Pass the `connection` explicitly instead.
  warnings.warn(
/home/soundharya/todo/env/lib/python3.10/site-packages/rq/connections.py:58: DeprecationWarning: The `push_connection` function is deprecated. Pass the `connection` explicitly instead.
  warnings.warn(
/home/soundharya/todo/env/lib/python3.10/site-packages/rq/connections.py:72: DeprecationWarning: The `pop_connection` function is deprecated. Pass the `connection` explicitly instead.
  warnings.warn(
/home/soundharya/todo/env/lib/python3.10/site-packages/rq/connections.py:58: DeprecationWarning: The `push_connection` function is deprecated. Pass the `connection` explicitly instead.
  warnings.warn(
/home/soundharya/todo/env/lib/python3.10/site-packages/rq/connections.py:72: DeprecationWarning: The `pop_connection` function is deprecated. Pass the `connection` explicitly instead.
  warnings.warn(
/home/soundharya/todo/env/lib/python3.10/site-packages/rq/connections.py:58: DeprecationWarning: The `push_connection` function is deprecated. Pass the `connection` explicitly instead.
  warnings.warn(
/home/soundharya/todo/env/lib/python3.10/site-packages/rq/connections.py:72: DeprecationWarning: The `pop_connection` function is deprecated. Pass the `connection` explicitly instead.
  warnings.warn(
/home/soundharya/todo/env/lib/python3.10/site-packages/rq/connections.py:58: DeprecationWarning: The `push_connection` function is deprecated. Pass the `connection` explicitly instead.
  warnings.warn(
/home/soundharya/todo/env/lib/python3.10/site-packages/rq/connections.py:72: DeprecationWarning: The `pop_connection` function is deprecated. Pass the `connection` explicitly instead.
  warnings.warn(
/home/soundharya/todo/env/lib/python3.10/site-packages/rq/connections.py:58: DeprecationWarning: The `push_connection` function is deprecated. Pass the `connection` explicitly instead.
  warnings.warn(
/home/soundharya/todo/env/lib/python3.10/site-packages/rq/connections.py:72: DeprecationWarning: The `pop_connection` function is deprecated. Pass the `connection` explicitly instead.
  warnings.warn(
/home/soundharya/todo/env/lib/python3.10/site-packages/rq/connections.py:58: DeprecationWarning: The `push_connection` function is deprecated. Pass the `connection` explicitly instead.
  warnings.warn(
/home/soundharya/todo/env/lib/python3.10/site-packages/rq/connections.py:72: DeprecationWarning: The `pop_connection` function is deprecated. Pass the `connection` explicitly instead.
  warnings.warn(
/home/soundharya/todo/env/lib/python3.10/site-packages/rq/connections.py:58: DeprecationWarning: The `push_connection` function is deprecated. Pass the `connection` explicitly instead.
  warnings.warn(
/home/soundharya/todo/env/lib/python3.10/site-packages/rq/connections.py:72: DeprecationWarning: The `pop_connection` function is deprecated. Pass the `connection` explicitly instead.
  warnings.warn(
/home/soundharya/todo/env/lib/python3.10/site-packages/rq/connections.py:58: DeprecationWarning: The `push_connection` function is deprecated. Pass the `connection` explicitly instead.
  warnings.warn(
/home/soundharya/todo/env/lib/python3.10/site-packages/rq/connections.py:72: DeprecationWarning: The `pop_connection` function is deprecated. Pass the `connection` explicitly instead.
  warnings.warn(
/home/soundharya/todo/env/lib/python3.10/site-packages/rq/connections.py:58: DeprecationWarning: The `push_connection` function is deprecated. Pass the `connection` explicitly instead.
  warnings.warn(
/home/soundharya/todo/env/lib/python3.10/site-packages/google/api_core/_python_version_support.py:266: FutureWarning: You are using a Python version (3.10.12) which Google will stop supporting in new releases of google.api_core once it reaches its end of life (2026-10-04). Please upgrade to the latest Python version, or at least Python 3.11, to continue receiving updates for google.api_core past that date.
  warnings.warn(message, FutureWarning)
/home/soundharya/todo/env/lib/python3.10/site-packages/httplib2/auth.py:19: DeprecationWarning: 'setName' deprecated - use 'set_name'
  token = pp.Word(tchar).setName("token")
/home/soundharya/todo/env/lib/python3.10/site-packages/httplib2/auth.py:20: DeprecationWarning: 'leaveWhitespace' deprecated - use 'leave_whitespace'
  token68 = pp.Combine(pp.Word("-._~+/" + pp.nums + pp.alphas) + pp.Optional(pp.Word("=").leaveWhitespace())).setName(
/home/soundharya/todo/env/lib/python3.10/site-packages/httplib2/auth.py:20: DeprecationWarning: 'setName' deprecated - use 'set_name'
  token68 = pp.Combine(pp.Word("-._~+/" + pp.nums + pp.alphas) + pp.Optional(pp.Word("=").leaveWhitespace())).setName(
/home/soundharya/todo/env/lib/python3.10/site-packages/httplib2/auth.py:24: DeprecationWarning: 'setName' deprecated - use 'set_name'
  quoted_string = pp.dblQuotedString.copy().setName("quoted-string").setParseAction(unquote)
/home/soundharya/todo/env/lib/python3.10/site-packages/httplib2/auth.py:24: DeprecationWarning: 'setParseAction' deprecated - use 'set_parse_action'
  quoted_string = pp.dblQuotedString.copy().setName("quoted-string").setParseAction(unquote)
/home/soundharya/todo/env/lib/python3.10/site-packages/httplib2/auth.py:25: DeprecationWarning: 'setName' deprecated - use 'set_name'
  auth_param_name = token.copy().setName("auth-param-name").addParseAction(downcaseTokens)
/home/soundharya/todo/env/lib/python3.10/site-packages/httplib2/auth.py:25: DeprecationWarning: 'addParseAction' deprecated - use 'add_parse_action'
  auth_param_name = token.copy().setName("auth-param-name").addParseAction(downcaseTokens)
/home/soundharya/todo/env/lib/python3.10/site-packages/httplib2/auth.py:27: DeprecationWarning: 'delimitedList' deprecated - use 'DelimitedList'
  params = pp.Dict(pp.delimitedList(pp.Group(auth_param)))
/home/soundharya/todo/env/lib/python3.10/site-packages/httplib2/auth.py:33: DeprecationWarning: 'delimitedList' deprecated - use 'DelimitedList'
  www_authenticate = pp.delimitedList(pp.Group(challenge))
/home/soundharya/todo/env/lib/python3.10/site-packages/rq/connections.py:72: DeprecationWarning: The `pop_connection` function is deprecated. Pass the `connection` explicitly instead.
  warnings.warn(
/home/soundharya/todo/env/lib/python3.10/site-packages/rq/connections.py:58: DeprecationWarning: The `push_connection` function is deprecated. Pass the `connection` explicitly instead.
  warnings.warn(
/home/soundharya/todo/env/lib/python3.10/site-packages/rq/connections.py:72: DeprecationWarning: The `pop_connection` function is deprecated. Pass the `connection` explicitly instead.
  warnings.warn(
/home/soundharya/todo/env/lib/python3.10/site-packages/rq/connections.py:58: DeprecationWarning: The `push_connection` function is deprecated. Pass the `connection` explicitly instead.
  warnings.warn(
/home/soundharya/todo/env/lib/python3.10/site-packages/rq/connections.py:72: DeprecationWarning: The `pop_connection` function is deprecated. Pass the `connection` explicitly instead.
  warnings.warn(
/home/soundharya/todo/env/lib/python3.10/site-packages/rq/connections.py:58: DeprecationWarning: The `push_connection` function is deprecated. Pass the `connection` explicitly instead.
  warnings.warn(
/home/soundharya/todo/env/lib/python3.10/site-packages/rq/connections.py:72: DeprecationWarning: The `pop_connection` function is deprecated. Pass the `connection` explicitly instead.
  warnings.warn(
/home/soundharya/todo/env/lib/python3.10/site-packages/rq/connections.py:58: DeprecationWarning: The `push_connection` function is deprecated. Pass the `connection` explicitly instead.
  warnings.warn(
/home/soundharya/todo/env/lib/python3.10/site-packages/rq/connections.py:72: DeprecationWarning: The `pop_connection` function is deprecated. Pass the `connection` explicitly instead.
  warnings.warn(
/home/soundharya/todo/env/lib/python3.10/site-packages/rq/connections.py:58: DeprecationWarning: The `push_connection` function is deprecated. Pass the `connection` explicitly instead.
  warnings.warn(
/home/soundharya/todo/env/lib/python3.10/site-packages/google/api_core/_python_version_support.py:266: FutureWarning: You are using a Python version (3.10.12) which Google will stop supporting in new releases of google.api_core once it reaches its end of life (2026-10-04). Please upgrade to the latest Python version, or at least Python 3.11, to continue receiving updates for google.api_core past that date.
  warnings.warn(message, FutureWarning)
/home/soundharya/todo/env/lib/python3.10/site-packages/httplib2/auth.py:19: DeprecationWarning: 'setName' deprecated - use 'set_name'
  token = pp.Word(tchar).setName("token")
/home/soundharya/todo/env/lib/python3.10/site-packages/httplib2/auth.py:20: DeprecationWarning: 'leaveWhitespace' deprecated - use 'leave_whitespace'
  token68 = pp.Combine(pp.Word("-._~+/" + pp.nums + pp.alphas) + pp.Optional(pp.Word("=").leaveWhitespace())).setName(
/home/soundharya/todo/env/lib/python3.10/site-packages/httplib2/auth.py:20: DeprecationWarning: 'setName' deprecated - use 'set_name'
  token68 = pp.Combine(pp.Word("-._~+/" + pp.nums + pp.alphas) + pp.Optional(pp.Word("=").leaveWhitespace())).setName(
/home/soundharya/todo/env/lib/python3.10/site-packages/httplib2/auth.py:24: DeprecationWarning: 'setName' deprecated - use 'set_name'
  quoted_string = pp.dblQuotedString.copy().setName("quoted-string").setParseAction(unquote)
/home/soundharya/todo/env/lib/python3.10/site-packages/httplib2/auth.py:24: DeprecationWarning: 'setParseAction' deprecated - use 'set_parse_action'
  quoted_string = pp.dblQuotedString.copy().setName("quoted-string").setParseAction(unquote)
/home/soundharya/todo/env/lib/python3.10/site-packages/httplib2/auth.py:25: DeprecationWarning: 'setName' deprecated - use 'set_name'
  auth_param_name = token.copy().setName("auth-param-name").addParseAction(downcaseTokens)
/home/soundharya/todo/env/lib/python3.10/site-packages/httplib2/auth.py:25: DeprecationWarning: 'addParseAction' deprecated - use 'add_parse_action'
  auth_param_name = token.copy().setName("auth-param-name").addParseAction(downcaseTokens)
/home/soundharya/todo/env/lib/python3.10/site-packages/httplib2/auth.py:27: DeprecationWarning: 'delimitedList' deprecated - use 'DelimitedList'
  params = pp.Dict(pp.delimitedList(pp.Group(auth_param)))
/home/soundharya/todo/env/lib/python3.10/site-packages/httplib2/auth.py:33: DeprecationWarning: 'delimitedList' deprecated - use 'DelimitedList'
  www_authenticate = pp.delimitedList(pp.Group(challenge))
/home/soundharya/todo/env/lib/python3.10/site-packages/rq/connections.py:72: DeprecationWarning: The `pop_connection` function is deprecated. Pass the `connection` explicitly instead.
  warnings.warn(
/home/soundharya/todo/env/lib/python3.10/site-packages/rq/connections.py:58: DeprecationWarning: The `push_connection` function is deprecated. Pass the `connection` explicitly instead.
  warnings.warn(
/home/soundharya/todo/env/lib/python3.10/site-packages/rq/connections.py:72: DeprecationWarning: The `pop_connection` function is deprecated. Pass the `connection` explicitly instead.
  warnings.warn(
/home/soundharya/todo/env/lib/python3.10/site-packages/rq/connections.py:58: DeprecationWarning: The `push_connection` function is deprecated. Pass the `connection` explicitly instead.
  warnings.warn(
/home/soundharya/todo/env/lib/python3.10/site-packages/rq/connections.py:72: DeprecationWarning: The `pop_connection` function is deprecated. Pass the `connection` explicitly instead.
  warnings.warn(
/home/soundharya/todo/env/lib/python3.10/site-packages/rq/connections.py:58: DeprecationWarning: The `push_connection` function is deprecated. Pass the `connection` explicitly instead.
  warnings.warn(
/home/soundharya/todo/env/lib/python3.10/site-packages/rq/connections.py:72: DeprecationWarning: The `pop_connection` function is deprecated. Pass the `connection` explicitly instead.
  warnings.warn(
/home/soundharya/todo/env/lib/python3.10/site-packages/rq/connections.py:58: DeprecationWarning: The `push_connection` function is deprecated. Pass the `connection` explicitly instead.
  warnings.warn(
/home/soundharya/todo/env/lib/python3.10/site-packages/rq/connections.py:72: DeprecationWarning: The `pop_connection` function is deprecated. Pass the `connection` explicitly instead.
  warnings.warn(
/home/soundharya/todo/env/lib/python3.10/site-packages/rq/connections.py:58: DeprecationWarning: The `push_connection` function is deprecated. Pass the `connection` explicitly instead.
  warnings.warn(
/home/soundharya/todo/env/lib/python3.10/site-packages/rq/connections.py:72: DeprecationWarning: The `pop_connection` function is deprecated. Pass the `connection` explicitly instead.
  warnings.warn(
/home/soundharya/todo/env/lib/python3.10/site-packages/rq/connections.py:58: DeprecationWarning: The `push_connection` function is deprecated. Pass the `connection` explicitly instead.
  warnings.warn(
/home/soundharya/todo/env/lib/python3.10/site-packages/google/api_core/_python_version_support.py:266: FutureWarning: You are using a Python version (3.10.12) which Google will stop supporting in new releases of google.api_core once it reaches its end of life (2026-10-04). Please upgrade to the latest Python version, or at least Python 3.11, to continue receiving updates for google.api_core past that date.
  warnings.warn(message, FutureWarning)
/home/soundharya/todo/env/lib/python3.10/site-packages/httplib2/auth.py:19: DeprecationWarning: 'setName' deprecated - use 'set_name'
  token = pp.Word(tchar).setName("token")
/home/soundharya/todo/env/lib/python3.10/site-packages/httplib2/auth.py:20: DeprecationWarning: 'leaveWhitespace' deprecated - use 'leave_whitespace'
  token68 = pp.Combine(pp.Word("-._~+/" + pp.nums + pp.alphas) + pp.Optional(pp.Word("=").leaveWhitespace())).setName(
/home/soundharya/todo/env/lib/python3.10/site-packages/httplib2/auth.py:20: DeprecationWarning: 'setName' deprecated - use 'set_name'
  token68 = pp.Combine(pp.Word("-._~+/" + pp.nums + pp.alphas) + pp.Optional(pp.Word("=").leaveWhitespace())).setName(
/home/soundharya/todo/env/lib/python3.10/site-packages/httplib2/auth.py:24: DeprecationWarning: 'setName' deprecated - use 'set_name'
  quoted_string = pp.dblQuotedString.copy().setName("quoted-string").setParseAction(unquote)
/home/soundharya/todo/env/lib/python3.10/site-packages/httplib2/auth.py:24: DeprecationWarning: 'setParseAction' deprecated - use 'set_parse_action'
  quoted_string = pp.dblQuotedString.copy().setName("quoted-string").setParseAction(unquote)
/home/soundharya/todo/env/lib/python3.10/site-packages/httplib2/auth.py:25: DeprecationWarning: 'setName' deprecated - use 'set_name'
  auth_param_name = token.copy().setName("auth-param-name").addParseAction(downcaseTokens)
/home/soundharya/todo/env/lib/python3.10/site-packages/httplib2/auth.py:25: DeprecationWarning: 'addParseAction' deprecated - use 'add_parse_action'
  auth_param_name = token.copy().setName("auth-param-name").addParseAction(downcaseTokens)
/home/soundharya/todo/env/lib/python3.10/site-packages/httplib2/auth.py:27: DeprecationWarning: 'delimitedList' deprecated - use 'DelimitedList'
  params = pp.Dict(pp.delimitedList(pp.Group(auth_param)))
/home/soundharya/todo/env/lib/python3.10/site-packages/httplib2/auth.py:33: DeprecationWarning: 'delimitedList' deprecated - use 'DelimitedList'
  www_authenticate = pp.delimitedList(pp.Group(challenge))
/home/soundharya/todo/env/lib/python3.10/site-packages/rq/connections.py:72: DeprecationWarning: The `pop_connection` function is deprecated. Pass the `connection` explicitly instead.
  warnings.warn(
/home/soundharya/todo/env/lib/python3.10/site-packages/rq/connections.py:58: DeprecationWarning: The `push_connection` function is deprecated. Pass the `connection` explicitly instead.
  warnings.warn(
/home/soundharya/todo/env/lib/python3.10/site-packages/rq/connections.py:72: DeprecationWarning: The `pop_connection` function is deprecated. Pass the `connection` explicitly instead.
  warnings.warn(
/home/soundharya/todo/env/lib/python3.10/site-packages/rq/connections.py:58: DeprecationWarning: The `push_connection` function is deprecated. Pass the `connection` explicitly instead.
  warnings.warn(
/home/soundharya/todo/env/lib/python3.10/site-packages/rq/connections.py:72: DeprecationWarning: The `pop_connection` function is deprecated. Pass the `connection` explicitly instead.
  warnings.warn(
/home/soundharya/todo/env/lib/python3.10/site-packages/rq/connections.py:58: DeprecationWarning: The `push_connection` function is deprecated. Pass the `connection` explicitly instead.
  warnings.warn(
/home/soundharya/todo/env/lib/python3.10/site-packages/rq/connections.py:72: DeprecationWarning: The `pop_connection` function is deprecated. Pass the `connection` explicitly instead.
  warnings.warn(
/home/soundharya/todo/env/lib/python3.10/site-packages/rq/connections.py:58: DeprecationWarning: The `push_connection` function is deprecated. Pass the `connection` explicitly instead.
  warnings.warn(
/home/soundharya/todo/env/lib/python3.10/site-packages/rq/connections.py:72: DeprecationWarning: The `pop_connection` function is deprecated. Pass the `connection` explicitly instead.
  warnings.warn(
/home/soundharya/todo/env/lib/python3.10/site-packages/rq/connections.py:58: DeprecationWarning: The `push_connection` function is deprecated. Pass the `connection` explicitly instead.
  warnings.warn(
/home/soundharya/todo/env/lib/python3.10/site-packages/rq/connections.py:72: DeprecationWarning: The `pop_connection` function is deprecated. Pass the `connection` explicitly instead.
  warnings.warn(
/home/soundharya/todo/env/lib/python3.10/site-packages/rq/connections.py:58: DeprecationWarning: The `push_connection` function is deprecated. Pass the `connection` explicitly instead.
  warnings.warn(
/home/soundharya/todo/env/lib/python3.10/site-packages/rq/connections.py:72: DeprecationWarning: The `pop_connection` function is deprecated. Pass the `connection` explicitly instead.
  warnings.warn(
/home/soundharya/todo/env/lib/python3.10/site-packages/rq/connections.py:58: DeprecationWarning: The `push_connection` function is deprecated. Pass the `connection` explicitly instead.
  warnings.warn(
/home/soundharya/todo/env/lib/python3.10/site-packages/rq/connections.py:72: DeprecationWarning: The `pop_connection` function is deprecated. Pass the `connection` explicitly instead.
  warnings.warn(
/home/soundharya/todo/env/lib/python3.10/site-packages/rq/connections.py:58: DeprecationWarning: The `push_connection` function is deprecated. Pass the `connection` explicitly instead.
  warnings.warn(
/home/soundharya/todo/env/lib/python3.10/site-packages/rq/connections.py:72: DeprecationWarning: The `pop_connection` function is deprecated. Pass the `connection` explicitly instead.
  warnings.warn(
/home/soundharya/todo/env/lib/python3.10/site-packages/rq/connections.py:58: DeprecationWarning: The `push_connection` function is deprecated. Pass the `connection` explicitly instead.
  warnings.warn(
/home/soundharya/todo/env/lib/python3.10/site-packages/rq/connections.py:72: DeprecationWarning: The `pop_connection` function is deprecated. Pass the `connection` explicitly instead.
  warnings.warn(
/home/soundharya/todo/env/lib/python3.10/site-packages/rq/connections.py:58: DeprecationWarning: The `push_connection` function is deprecated. Pass the `connection` explicitly instead.
  warnings.warn(
/home/soundharya/todo/env/lib/python3.10/site-packages/rq/connections.py:72: DeprecationWarning: The `pop_connection` function is deprecated. Pass the `connection` explicitly instead.
  warnings.warn(
/home/soundharya/todo/env/lib/python3.10/site-packages/rq/connections.py:58: DeprecationWarning: The `push_connection` function is deprecated. Pass the `connection` explicitly instead.
  warnings.warn(
/home/soundharya/todo/env/lib/python3.10/site-packages/rq/connections.py:72: DeprecationWarning: The `pop_connection` function is deprecated. Pass the `connection` explicitly instead.
  warnings.warn(
/home/soundharya/todo/env/lib/python3.10/site-packages/rq/connections.py:58: DeprecationWarning: The `push_connection` function is deprecated. Pass the `connection` explicitly instead.
  warnings.warn(
/home/soundharya/todo/env/lib/python3.10/site-packages/rq/connections.py:72: DeprecationWarning: The `pop_connection` function is deprecated. Pass the `connection` explicitly instead.
  warnings.warn(
/home/soundharya/todo/env/lib/python3.10/site-packages/rq/connections.py:58: DeprecationWarning: The `push_connection` function is deprecated. Pass the `connection` explicitly instead.
  warnings.warn(
/home/soundharya/todo/env/lib/python3.10/site-packages/google/api_core/_python_version_support.py:266: FutureWarning: You are using a Python version (3.10.12) which Google will stop supporting in new releases of google.api_core once it reaches its end of life (2026-10-04). Please upgrade to the latest Python version, or at least Python 3.11, to continue receiving updates for google.api_core past that date.
  warnings.warn(message, FutureWarning)
/home/soundharya/todo/env/lib/python3.10/site-packages/httplib2/auth.py:19: DeprecationWarning: 'setName' deprecated - use 'set_name'
  token = pp.Word(tchar).setName("token")
/home/soundharya/todo/env/lib/python3.10/site-packages/httplib2/auth.py:20: DeprecationWarning: 'leaveWhitespace' deprecated - use 'leave_whitespace'
  token68 = pp.Combine(pp.Word("-._~+/" + pp.nums + pp.alphas) + pp.Optional(pp.Word("=").leaveWhitespace())).setName(
/home/soundharya/todo/env/lib/python3.10/site-packages/httplib2/auth.py:20: DeprecationWarning: 'setName' deprecated - use 'set_name'
  token68 = pp.Combine(pp.Word("-._~+/" + pp.nums + pp.alphas) + pp.Optional(pp.Word("=").leaveWhitespace())).setName(
/home/soundharya/todo/env/lib/python3.10/site-packages/httplib2/auth.py:24: DeprecationWarning: 'setName' deprecated - use 'set_name'
  quoted_string = pp.dblQuotedString.copy().setName("quoted-string").setParseAction(unquote)
/home/soundharya/todo/env/lib/python3.10/site-packages/httplib2/auth.py:24: DeprecationWarning: 'setParseAction' deprecated - use 'set_parse_action'
  quoted_string = pp.dblQuotedString.copy().setName("quoted-string").setParseAction(unquote)
/home/soundharya/todo/env/lib/python3.10/site-packages/httplib2/auth.py:25: DeprecationWarning: 'setName' deprecated - use 'set_name'
  auth_param_name = token.copy().setName("auth-param-name").addParseAction(downcaseTokens)
/home/soundharya/todo/env/lib/python3.10/site-packages/httplib2/auth.py:25: DeprecationWarning: 'addParseAction' deprecated - use 'add_parse_action'
  auth_param_name = token.copy().setName("auth-param-name").addParseAction(downcaseTokens)
/home/soundharya/todo/env/lib/python3.10/site-packages/httplib2/auth.py:27: DeprecationWarning: 'delimitedList' deprecated - use 'DelimitedList'
  params = pp.Dict(pp.delimitedList(pp.Group(auth_param)))
/home/soundharya/todo/env/lib/python3.10/site-packages/httplib2/auth.py:33: DeprecationWarning: 'delimitedList' deprecated - use 'DelimitedList'
  www_authenticate = pp.delimitedList(pp.Group(challenge))
/home/soundharya/todo/env/lib/python3.10/site-packages/rq/connections.py:72: DeprecationWarning: The `pop_connection` function is deprecated. Pass the `connection` explicitly instead.
  warnings.warn(
/home/soundharya/todo/env/lib/python3.10/site-packages/rq/connections.py:58: DeprecationWarning: The `push_connection` function is deprecated. Pass the `connection` explicitly instead.
  warnings.warn(
/home/soundharya/todo/env/lib/python3.10/site-packages/rq/connections.py:72: DeprecationWarning: The `pop_connection` function is deprecated. Pass the `connection` explicitly instead.
  warnings.warn(
/home/soundharya/todo/env/lib/python3.10/site-packages/rq/connections.py:58: DeprecationWarning: The `push_connection` function is deprecated. Pass the `connection` explicitly instead.
  warnings.warn(
/home/soundharya/todo/env/lib/python3.10/site-packages/rq/connections.py:72: DeprecationWarning: The `pop_connection` function is deprecated. Pass the `connection` explicitly instead.
  warnings.warn(
/home/soundharya/todo/env/lib/python3.10/site-packages/rq/connections.py:58: DeprecationWarning: The `push_connection` function is deprecated. Pass the `connection` explicitly instead.
  warnings.warn(
/home/soundharya/todo/env/lib/python3.10/site-packages/rq/connections.py:72: DeprecationWarning: The `pop_connection` function is deprecated. Pass the `connection` explicitly instead.
  warnings.warn(
/home/soundharya/todo/env/lib/python3.10/site-packages/rq/connections.py:58: DeprecationWarning: The `push_connection` function is deprecated. Pass the `connection` explicitly instead.
  warnings.warn(
/home/soundharya/todo/env/lib/python3.10/site-packages/rq/connections.py:72: DeprecationWarning: The `pop_connection` function is deprecated. Pass the `connection` explicitly instead.
  warnings.warn(
/home/soundharya/todo/env/lib/python3.10/site-packages/rq/connections.py:58: DeprecationWarning: The `push_connection` function is deprecated. Pass the `connection` explicitly instead.
  warnings.warn(
/home/soundharya/todo/env/lib/python3.10/site-packages/google/api_core/_python_version_support.py:266: FutureWarning: You are using a Python version (3.10.12) which Google will stop supporting in new releases of google.api_core once it reaches its end of life (2026-10-04). Please upgrade to the latest Python version, or at least Python 3.11, to continue receiving updates for google.api_core past that date.
  warnings.warn(message, FutureWarning)
/home/soundharya/todo/env/lib/python3.10/site-packages/httplib2/auth.py:19: DeprecationWarning: 'setName' deprecated - use 'set_name'
  token = pp.Word(tchar).setName("token")
/home/soundharya/todo/env/lib/python3.10/site-packages/httplib2/auth.py:20: DeprecationWarning: 'leaveWhitespace' deprecated - use 'leave_whitespace'
  token68 = pp.Combine(pp.Word("-._~+/" + pp.nums + pp.alphas) + pp.Optional(pp.Word("=").leaveWhitespace())).setName(
/home/soundharya/todo/env/lib/python3.10/site-packages/httplib2/auth.py:20: DeprecationWarning: 'setName' deprecated - use 'set_name'
  token68 = pp.Combine(pp.Word("-._~+/" + pp.nums + pp.alphas) + pp.Optional(pp.Word("=").leaveWhitespace())).setName(
/home/soundharya/todo/env/lib/python3.10/site-packages/httplib2/auth.py:24: DeprecationWarning: 'setName' deprecated - use 'set_name'
  quoted_string = pp.dblQuotedString.copy().setName("quoted-string").setParseAction(unquote)
/home/soundharya/todo/env/lib/python3.10/site-packages/httplib2/auth.py:24: DeprecationWarning: 'setParseAction' deprecated - use 'set_parse_action'
  quoted_string = pp.dblQuotedString.copy().setName("quoted-string").setParseAction(unquote)
/home/soundharya/todo/env/lib/python3.10/site-packages/httplib2/auth.py:25: DeprecationWarning: 'setName' deprecated - use 'set_name'
  auth_param_name = token.copy().setName("auth-param-name").addParseAction(downcaseTokens)
/home/soundharya/todo/env/lib/python3.10/site-packages/httplib2/auth.py:25: DeprecationWarning: 'addParseAction' deprecated - use 'add_parse_action'
  auth_param_name = token.copy().setName("auth-param-name").addParseAction(downcaseTokens)
/home/soundharya/todo/env/lib/python3.10/site-packages/httplib2/auth.py:27: DeprecationWarning: 'delimitedList' deprecated - use 'DelimitedList'
  params = pp.Dict(pp.delimitedList(pp.Group(auth_param)))
/home/soundharya/todo/env/lib/python3.10/site-packages/httplib2/auth.py:33: DeprecationWarning: 'delimitedList' deprecated - use 'DelimitedList'
  www_authenticate = pp.delimitedList(pp.Group(challenge))
/home/soundharya/todo/env/lib/python3.10/site-packages/rq/connections.py:72: DeprecationWarning: The `pop_connection` function is deprecated. Pass the `connection` explicitly instead.
  warnings.warn(
/home/soundharya/todo/env/lib/python3.10/site-packages/rq/connections.py:58: DeprecationWarning: The `push_connection` function is deprecated. Pass the `connection` explicitly instead.
  warnings.warn(
/home/soundharya/todo/env/lib/python3.10/site-packages/rq/connections.py:72: DeprecationWarning: The `pop_connection` function is deprecated. Pass the `connection` explicitly instead.
  warnings.warn(
/home/soundharya/todo/env/lib/python3.10/site-packages/rq/connections.py:58: DeprecationWarning: The `push_connection` function is deprecated. Pass the `connection` explicitly instead.
  warnings.warn(
/home/soundharya/todo/env/lib/python3.10/site-packages/rq/connections.py:72: DeprecationWarning: The `pop_connection` function is deprecated. Pass the `connection` explicitly instead.
  warnings.warn(
/home/soundharya/todo/env/lib/python3.10/site-packages/rq/connections.py:58: DeprecationWarning: The `push_connection` function is deprecated. Pass the `connection` explicitly instead.
  warnings.warn(
/home/soundharya/todo/env/lib/python3.10/site-packages/rq/connections.py:72: DeprecationWarning: The `pop_connection` function is deprecated. Pass the `connection` explicitly instead.
  warnings.warn(
/home/soundharya/todo/env/lib/python3.10/site-packages/rq/connections.py:58: DeprecationWarning: The `push_connection` function is deprecated. Pass the `connection` explicitly instead.
  warnings.warn(
/home/soundharya/todo/env/lib/python3.10/site-packages/rq/connections.py:72: DeprecationWarning: The `pop_connection` function is deprecated. Pass the `connection` explicitly instead.
  warnings.warn(
/home/soundharya/todo/env/lib/python3.10/site-packages/rq/connections.py:58: DeprecationWarning: The `push_connection` function is deprecated. Pass the `connection` explicitly instead.
  warnings.warn(
/home/soundharya/todo/env/lib/python3.10/site-packages/google/api_core/_python_version_support.py:266: FutureWarning: You are using a Python version (3.10.12) which Google will stop supporting in new releases of google.api_core once it reaches its end of life (2026-10-04). Please upgrade to the latest Python version, or at least Python 3.11, to continue receiving updates for google.api_core past that date.
  warnings.warn(message, FutureWarning)
/home/soundharya/todo/env/lib/python3.10/site-packages/httplib2/auth.py:19: DeprecationWarning: 'setName' deprecated - use 'set_name'
  token = pp.Word(tchar).setName("token")
/home/soundharya/todo/env/lib/python3.10/site-packages/httplib2/auth.py:20: DeprecationWarning: 'leaveWhitespace' deprecated - use 'leave_whitespace'
  token68 = pp.Combine(pp.Word("-._~+/" + pp.nums + pp.alphas) + pp.Optional(pp.Word("=").leaveWhitespace())).setName(
/home/soundharya/todo/env/lib/python3.10/site-packages/httplib2/auth.py:20: DeprecationWarning: 'setName' deprecated - use 'set_name'
  token68 = pp.Combine(pp.Word("-._~+/" + pp.nums + pp.alphas) + pp.Optional(pp.Word("=").leaveWhitespace())).setName(
/home/soundharya/todo/env/lib/python3.10/site-packages/httplib2/auth.py:24: DeprecationWarning: 'setName' deprecated - use 'set_name'
  quoted_string = pp.dblQuotedString.copy().setName("quoted-string").setParseAction(unquote)
/home/soundharya/todo/env/lib/python3.10/site-packages/httplib2/auth.py:24: DeprecationWarning: 'setParseAction' deprecated - use 'set_parse_action'
  quoted_string = pp.dblQuotedString.copy().setName("quoted-string").setParseAction(unquote)
/home/soundharya/todo/env/lib/python3.10/site-packages/httplib2/auth.py:25: DeprecationWarning: 'setName' deprecated - use 'set_name'
  auth_param_name = token.copy().setName("auth-param-name").addParseAction(downcaseTokens)
/home/soundharya/todo/env/lib/python3.10/site-packages/httplib2/auth.py:25: DeprecationWarning: 'addParseAction' deprecated - use 'add_parse_action'
  auth_param_name = token.copy().setName("auth-param-name").addParseAction(downcaseTokens)
/home/soundharya/todo/env/lib/python3.10/site-packages/httplib2/auth.py:27: DeprecationWarning: 'delimitedList' deprecated - use 'DelimitedList'
  params = pp.Dict(pp.delimitedList(pp.Group(auth_param)))
/home/soundharya/todo/env/lib/python3.10/site-packages/httplib2/auth.py:33: DeprecationWarning: 'delimitedList' deprecated - use 'DelimitedList'
  www_authenticate = pp.delimitedList(pp.Group(challenge))
/home/soundharya/todo/env/lib/python3.10/site-packages/rq/connections.py:72: DeprecationWarning: The `pop_connection` function is deprecated. Pass the `connection` explicitly instead.
  warnings.warn(
/home/soundharya/todo/env/lib/python3.10/site-packages/rq/connections.py:58: DeprecationWarning: The `push_connection` function is deprecated. Pass the `connection` explicitly instead.
  warnings.warn(
/home/soundharya/todo/env/lib/python3.10/site-packages/google/api_core/_python_version_support.py:266: FutureWarning: You are using a Python version (3.10.12) which Google will stop supporting in new releases of google.api_core once it reaches its end of life (2026-10-04). Please upgrade to the latest Python version, or at least Python 3.11, to continue receiving updates for google.api_core past that date.
  warnings.warn(message, FutureWarning)
/home/soundharya/todo/env/lib/python3.10/site-packages/httplib2/auth.py:19: DeprecationWarning: 'setName' deprecated - use 'set_name'
  token = pp.Word(tchar).setName("token")
/home/soundharya/todo/env/lib/python3.10/site-packages/httplib2/auth.py:20: DeprecationWarning: 'leaveWhitespace' deprecated - use 'leave_whitespace'
  token68 = pp.Combine(pp.Word("-._~+/" + pp.nums + pp.alphas) + pp.Optional(pp.Word("=").leaveWhitespace())).setName(
/home/soundharya/todo/env/lib/python3.10/site-packages/httplib2/auth.py:20: DeprecationWarning: 'setName' deprecated - use 'set_name'
  token68 = pp.Combine(pp.Word("-._~+/" + pp.nums + pp.alphas) + pp.Optional(pp.Word("=").leaveWhitespace())).setName(
/home/soundharya/todo/env/lib/python3.10/site-packages/httplib2/auth.py:24: DeprecationWarning: 'setName' deprecated - use 'set_name'
  quoted_string = pp.dblQuotedString.copy().setName("quoted-string").setParseAction(unquote)
/home/soundharya/todo/env/lib/python3.10/site-packages/httplib2/auth.py:24: DeprecationWarning: 'setParseAction' deprecated - use 'set_parse_action'
  quoted_string = pp.dblQuotedString.copy().setName("quoted-string").setParseAction(unquote)
/home/soundharya/todo/env/lib/python3.10/site-packages/httplib2/auth.py:25: DeprecationWarning: 'setName' deprecated - use 'set_name'
  auth_param_name = token.copy().setName("auth-param-name").addParseAction(downcaseTokens)
/home/soundharya/todo/env/lib/python3.10/site-packages/httplib2/auth.py:25: DeprecationWarning: 'addParseAction' deprecated - use 'add_parse_action'
  auth_param_name = token.copy().setName("auth-param-name").addParseAction(downcaseTokens)
/home/soundharya/todo/env/lib/python3.10/site-packages/httplib2/auth.py:27: DeprecationWarning: 'delimitedList' deprecated - use 'DelimitedList'
  params = pp.Dict(pp.delimitedList(pp.Group(auth_param)))
/home/soundharya/todo/env/lib/python3.10/site-packages/httplib2/auth.py:33: DeprecationWarning: 'delimitedList' deprecated - use 'DelimitedList'
  www_authenticate = pp.delimitedList(pp.Group(challenge))
/home/soundharya/todo/env/lib/python3.10/site-packages/rq/connections.py:72: DeprecationWarning: The `pop_connection` function is deprecated. Pass the `connection` explicitly instead.
  warnings.warn(
/home/soundharya/todo/env/lib/python3.10/site-packages/rq/connections.py:58: DeprecationWarning: The `push_connection` function is deprecated. Pass the `connection` explicitly instead.
  warnings.warn(
/home/soundharya/todo/env/lib/python3.10/site-packages/rq/connections.py:72: DeprecationWarning: The `pop_connection` function is deprecated. Pass the `connection` explicitly instead.
  warnings.warn(
/home/soundharya/todo/env/lib/python3.10/site-packages/rq/connections.py:58: DeprecationWarning: The `push_connection` function is deprecated. Pass the `connection` explicitly instead.
  warnings.warn(
/home/soundharya/todo/env/lib/python3.10/site-packages/rq/connections.py:72: DeprecationWarning: The `pop_connection` function is deprecated. Pass the `connection` explicitly instead.
  warnings.warn(
/home/soundharya/todo/env/lib/python3.10/site-packages/rq/connections.py:58: DeprecationWarning: The `push_connection` function is deprecated. Pass the `connection` explicitly instead.
  warnings.warn(
/home/soundharya/todo/env/lib/python3.10/site-packages/rq/connections.py:72: DeprecationWarning: The `pop_connection` function is deprecated. Pass the `connection` explicitly instead.
  warnings.warn(
/home/soundharya/todo/env/lib/python3.10/site-packages/rq/connections.py:58: DeprecationWarning: The `push_connection` function is deprecated. Pass the `connection` explicitly instead.
  warnings.warn(
/home/soundharya/todo/env/lib/python3.10/site-packages/rq/connections.py:72: DeprecationWarning: The `pop_connection` function is deprecated. Pass the `connection` explicitly instead.
  warnings.warn(
/home/soundharya/todo/env/lib/python3.10/site-packages/rq/connections.py:58: DeprecationWarning: The `push_connection` function is deprecated. Pass the `connection` explicitly instead.
  warnings.warn(
/home/soundharya/todo/env/lib/python3.10/site-packages/rq/connections.py:72: DeprecationWarning: The `pop_connection` function is deprecated. Pass the `connection` explicitly instead.
  warnings.warn(
/home/soundharya/todo/env/lib/python3.10/site-packages/rq/connections.py:58: DeprecationWarning: The `push_connection` function is deprecated. Pass the `connection` explicitly instead.
  warnings.warn(
/home/soundharya/todo/env/lib/python3.10/site-packages/rq/connections.py:72: DeprecationWarning: The `pop_connection` function is deprecated. Pass the `connection` explicitly instead.
  warnings.warn(
/home/soundharya/todo/env/lib/python3.10/site-packages/rq/connections.py:58: DeprecationWarning: The `push_connection` function is deprecated. Pass the `connection` explicitly instead.
  warnings.warn(
/home/soundharya/todo/env/lib/python3.10/site-packages/rq/connections.py:72: DeprecationWarning: The `pop_connection` function is deprecated. Pass the `connection` explicitly instead.
  warnings.warn(
/home/soundharya/todo/env/lib/python3.10/site-packages/rq/connections.py:58: DeprecationWarning: The `push_connection` function is deprecated. Pass the `connection` explicitly instead.
  warnings.warn(
/home/soundharya/todo/env/lib/python3.10/site-packages/rq/connections.py:72: DeprecationWarning: The `pop_connection` function is deprecated. Pass the `connection` explicitly instead.
  warnings.warn(
/home/soundharya/todo/env/lib/python3.10/site-packages/rq/connections.py:58: DeprecationWarning: The `push_connection` function is deprecated. Pass the `connection` explicitly instead.
  warnings.warn(
/home/soundharya/todo/env/lib/python3.10/site-packages/rq/connections.py:72: DeprecationWarning: The `pop_connection` function is deprecated. Pass the `connection` explicitly instead.
  warnings.warn(
/home/soundharya/todo/env/lib/python3.10/site-packages/rq/connections.py:58: DeprecationWarning: The `push_connection` function is deprecated. Pass the `connection` explicitly instead.
  warnings.warn(
/home/soundharya/todo/env/lib/python3.10/site-packages/rq/connections.py:72: DeprecationWarning: The `pop_connection` function is deprecated. Pass the `connection` explicitly instead.
  warnings.warn(
/home/soundharya/todo/env/lib/python3.10/site-packages/rq/connections.py:58: DeprecationWarning: The `push_connection` function is deprecated. Pass the `connection` explicitly instead.
  warnings.warn(
/home/soundharya/todo/env/lib/python3.10/site-packages/rq/connections.py:72: DeprecationWarning: The `pop_connection` function is deprecated. Pass the `connection` explicitly instead.
  warnings.warn(
/home/soundharya/todo/env/lib/python3.10/site-packages/rq/connections.py:58: DeprecationWarning: The `push_connection` function is deprecated. Pass the `connection` explicitly instead.
  warnings.warn(
/home/soundharya/todo/env/lib/python3.10/site-packages/google/api_core/_python_version_support.py:266: FutureWarning: You are using a Python version (3.10.12) which Google will stop supporting in new releases of google.api_core once it reaches its end of life (2026-10-04). Please upgrade to the latest Python version, or at least Python 3.11, to continue receiving updates for google.api_core past that date.
  warnings.warn(message, FutureWarning)
/home/soundharya/todo/env/lib/python3.10/site-packages/httplib2/auth.py:19: DeprecationWarning: 'setName' deprecated - use 'set_name'
  token = pp.Word(tchar).setName("token")
/home/soundharya/todo/env/lib/python3.10/site-packages/httplib2/auth.py:20: DeprecationWarning: 'leaveWhitespace' deprecated - use 'leave_whitespace'
  token68 = pp.Combine(pp.Word("-._~+/" + pp.nums + pp.alphas) + pp.Optional(pp.Word("=").leaveWhitespace())).setName(
/home/soundharya/todo/env/lib/python3.10/site-packages/httplib2/auth.py:20: DeprecationWarning: 'setName' deprecated - use 'set_name'
  token68 = pp.Combine(pp.Word("-._~+/" + pp.nums + pp.alphas) + pp.Optional(pp.Word("=").leaveWhitespace())).setName(
/home/soundharya/todo/env/lib/python3.10/site-packages/httplib2/auth.py:24: DeprecationWarning: 'setName' deprecated - use 'set_name'
  quoted_string = pp.dblQuotedString.copy().setName("quoted-string").setParseAction(unquote)
/home/soundharya/todo/env/lib/python3.10/site-packages/httplib2/auth.py:24: DeprecationWarning: 'setParseAction' deprecated - use 'set_parse_action'
  quoted_string = pp.dblQuotedString.copy().setName("quoted-string").setParseAction(unquote)
/home/soundharya/todo/env/lib/python3.10/site-packages/httplib2/auth.py:25: DeprecationWarning: 'setName' deprecated - use 'set_name'
  auth_param_name = token.copy().setName("auth-param-name").addParseAction(downcaseTokens)
/home/soundharya/todo/env/lib/python3.10/site-packages/httplib2/auth.py:25: DeprecationWarning: 'addParseAction' deprecated - use 'add_parse_action'
  auth_param_name = token.copy().setName("auth-param-name").addParseAction(downcaseTokens)
/home/soundharya/todo/env/lib/python3.10/site-packages/httplib2/auth.py:27: DeprecationWarning: 'delimitedList' deprecated - use 'DelimitedList'
  params = pp.Dict(pp.delimitedList(pp.Group(auth_param)))
/home/soundharya/todo/env/lib/python3.10/site-packages/httplib2/auth.py:33: DeprecationWarning: 'delimitedList' deprecated - use 'DelimitedList'
  www_authenticate = pp.delimitedList(pp.Group(challenge))
/home/soundharya/todo/env/lib/python3.10/site-packages/rq/connections.py:72: DeprecationWarning: The `pop_connection` function is deprecated. Pass the `connection` explicitly instead.
  warnings.warn(
/home/soundharya/todo/env/lib/python3.10/site-packages/rq/connections.py:58: DeprecationWarning: The `push_connection` function is deprecated. Pass the `connection` explicitly instead.
  warnings.warn(
/home/soundharya/todo/env/lib/python3.10/site-packages/rq/connections.py:72: DeprecationWarning: The `pop_connection` function is deprecated. Pass the `connection` explicitly instead.
  warnings.warn(
/home/soundharya/todo/env/lib/python3.10/site-packages/rq/connections.py:58: DeprecationWarning: The `push_connection` function is deprecated. Pass the `connection` explicitly instead.
  warnings.warn(
/home/soundharya/todo/env/lib/python3.10/site-packages/rq/connections.py:72: DeprecationWarning: The `pop_connection` function is deprecated. Pass the `connection` explicitly instead.
  warnings.warn(
/home/soundharya/todo/env/lib/python3.10/site-packages/rq/connections.py:58: DeprecationWarning: The `push_connection` function is deprecated. Pass the `connection` explicitly instead.
  warnings.warn(
/home/soundharya/todo/env/lib/python3.10/site-packages/rq/connections.py:72: DeprecationWarning: The `pop_connection` function is deprecated. Pass the `connection` explicitly instead.
  warnings.warn(
/home/soundharya/todo/env/lib/python3.10/site-packages/rq/connections.py:58: DeprecationWarning: The `push_connection` function is deprecated. Pass the `connection` explicitly instead.
  warnings.warn(
/home/soundharya/todo/env/lib/python3.10/site-packages/rq/connections.py:72: DeprecationWarning: The `pop_connection` function is deprecated. Pass the `connection` explicitly instead.
  warnings.warn(
/home/soundharya/todo/env/lib/python3.10/site-packages/rq/connections.py:58: DeprecationWarning: The `push_connection` function is deprecated. Pass the `connection` explicitly instead.
  warnings.warn(
/home/soundharya/todo/env/lib/python3.10/site-packages/rq/connections.py:72: DeprecationWarning: The `pop_connection` function is deprecated. Pass the `connection` explicitly instead.
  warnings.warn(
/home/soundharya/todo/env/lib/python3.10/site-packages/rq/connections.py:58: DeprecationWarning: The `push_connection` function is deprecated. Pass the `connection` explicitly instead.
  warnings.warn(
/home/soundharya/todo/env/lib/python3.10/site-packages/google/api_core/_python_version_support.py:266: FutureWarning: You are using a Python version (3.10.12) which Google will stop supporting in new releases of google.api_core once it reaches its end of life (2026-10-04). Please upgrade to the latest Python version, or at least Python 3.11, to continue receiving updates for google.api_core past that date.
  warnings.warn(message, FutureWarning)
/home/soundharya/todo/env/lib/python3.10/site-packages/httplib2/auth.py:19: DeprecationWarning: 'setName' deprecated - use 'set_name'
  token = pp.Word(tchar).setName("token")
/home/soundharya/todo/env/lib/python3.10/site-packages/httplib2/auth.py:20: DeprecationWarning: 'leaveWhitespace' deprecated - use 'leave_whitespace'
  token68 = pp.Combine(pp.Word("-._~+/" + pp.nums + pp.alphas) + pp.Optional(pp.Word("=").leaveWhitespace())).setName(
/home/soundharya/todo/env/lib/python3.10/site-packages/httplib2/auth.py:20: DeprecationWarning: 'setName' deprecated - use 'set_name'
  token68 = pp.Combine(pp.Word("-._~+/" + pp.nums + pp.alphas) + pp.Optional(pp.Word("=").leaveWhitespace())).setName(
/home/soundharya/todo/env/lib/python3.10/site-packages/httplib2/auth.py:24: DeprecationWarning: 'setName' deprecated - use 'set_name'
  quoted_string = pp.dblQuotedString.copy().setName("quoted-string").setParseAction(unquote)
/home/soundharya/todo/env/lib/python3.10/site-packages/httplib2/auth.py:24: DeprecationWarning: 'setParseAction' deprecated - use 'set_parse_action'
  quoted_string = pp.dblQuotedString.copy().setName("quoted-string").setParseAction(unquote)
/home/soundharya/todo/env/lib/python3.10/site-packages/httplib2/auth.py:25: DeprecationWarning: 'setName' deprecated - use 'set_name'
  auth_param_name = token.copy().setName("auth-param-name").addParseAction(downcaseTokens)
/home/soundharya/todo/env/lib/python3.10/site-packages/httplib2/auth.py:25: DeprecationWarning: 'addParseAction' deprecated - use 'add_parse_action'
  auth_param_name = token.copy().setName("auth-param-name").addParseAction(downcaseTokens)
/home/soundharya/todo/env/lib/python3.10/site-packages/httplib2/auth.py:27: DeprecationWarning: 'delimitedList' deprecated - use 'DelimitedList'
  params = pp.Dict(pp.delimitedList(pp.Group(auth_param)))
/home/soundharya/todo/env/lib/python3.10/site-packages/httplib2/auth.py:33: DeprecationWarning: 'delimitedList' deprecated - use 'DelimitedList'
  www_authenticate = pp.delimitedList(pp.Group(challenge))
/home/soundharya/todo/env/lib/python3.10/site-packages/rq/connections.py:72: DeprecationWarning: The `pop_connection` function is deprecated. Pass the `connection` explicitly instead.
  warnings.warn(
/home/soundharya/todo/env/lib/python3.10/site-packages/rq/connections.py:58: DeprecationWarning: The `push_connection` function is deprecated. Pass the `connection` explicitly instead.
  warnings.warn(
/home/soundharya/todo/env/lib/python3.10/site-packages/rq/connections.py:72: DeprecationWarning: The `pop_connection` function is deprecated. Pass the `connection` explicitly instead.
  warnings.warn(
/home/soundharya/todo/env/lib/python3.10/site-packages/rq/connections.py:58: DeprecationWarning: The `push_connection` function is deprecated. Pass the `connection` explicitly instead.
  warnings.warn(
/home/soundharya/todo/env/lib/python3.10/site-packages/rq/connections.py:72: DeprecationWarning: The `pop_connection` function is deprecated. Pass the `connection` explicitly instead.
  warnings.warn(
/home/soundharya/todo/env/lib/python3.10/site-packages/rq/connections.py:58: DeprecationWarning: The `push_connection` function is deprecated. Pass the `connection` explicitly instead.
  warnings.warn(
/home/soundharya/todo/env/lib/python3.10/site-packages/rq/connections.py:72: DeprecationWarning: The `pop_connection` function is deprecated. Pass the `connection` explicitly instead.
  warnings.warn(
/home/soundharya/todo/env/lib/python3.10/site-packages/rq/connections.py:58: DeprecationWarning: The `push_connection` function is deprecated. Pass the `connection` explicitly instead.
  warnings.warn(
/home/soundharya/todo/env/lib/python3.10/site-packages/google/api_core/_python_version_support.py:266: FutureWarning: You are using a Python version (3.10.12) which Google will stop supporting in new releases of google.api_core once it reaches its end of life (2026-10-04). Please upgrade to the latest Python version, or at least Python 3.11, to continue receiving updates for google.api_core past that date.
  warnings.warn(message, FutureWarning)
/home/soundharya/todo/env/lib/python3.10/site-packages/httplib2/auth.py:19: DeprecationWarning: 'setName' deprecated - use 'set_name'
  token = pp.Word(tchar).setName("token")
/home/soundharya/todo/env/lib/python3.10/site-packages/httplib2/auth.py:20: DeprecationWarning: 'leaveWhitespace' deprecated - use 'leave_whitespace'
  token68 = pp.Combine(pp.Word("-._~+/" + pp.nums + pp.alphas) + pp.Optional(pp.Word("=").leaveWhitespace())).setName(
/home/soundharya/todo/env/lib/python3.10/site-packages/httplib2/auth.py:20: DeprecationWarning: 'setName' deprecated - use 'set_name'
  token68 = pp.Combine(pp.Word("-._~+/" + pp.nums + pp.alphas) + pp.Optional(pp.Word("=").leaveWhitespace())).setName(
/home/soundharya/todo/env/lib/python3.10/site-packages/httplib2/auth.py:24: DeprecationWarning: 'setName' deprecated - use 'set_name'
  quoted_string = pp.dblQuotedString.copy().setName("quoted-string").setParseAction(unquote)
/home/soundharya/todo/env/lib/python3.10/site-packages/httplib2/auth.py:24: DeprecationWarning: 'setParseAction' deprecated - use 'set_parse_action'
  quoted_string = pp.dblQuotedString.copy().setName("quoted-string").setParseAction(unquote)
/home/soundharya/todo/env/lib/python3.10/site-packages/httplib2/auth.py:25: DeprecationWarning: 'setName' deprecated - use 'set_name'
  auth_param_name = token.copy().setName("auth-param-name").addParseAction(downcaseTokens)
/home/soundharya/todo/env/lib/python3.10/site-packages/httplib2/auth.py:25: DeprecationWarning: 'addParseAction' deprecated - use 'add_parse_action'
  auth_param_name = token.copy().setName("auth-param-name").addParseAction(downcaseTokens)
/home/soundharya/todo/env/lib/python3.10/site-packages/httplib2/auth.py:27: DeprecationWarning: 'delimitedList' deprecated - use 'DelimitedList'
  params = pp.Dict(pp.delimitedList(pp.Group(auth_param)))
/home/soundharya/todo/env/lib/python3.10/site-packages/httplib2/auth.py:33: DeprecationWarning: 'delimitedList' deprecated - use 'DelimitedList'
  www_authenticate = pp.delimitedList(pp.Group(challenge))
/home/soundharya/todo/env/lib/python3.10/site-packages/rq/connections.py:72: DeprecationWarning: The `pop_connection` function is deprecated. Pass the `connection` explicitly instead.
  warnings.warn(
/home/soundharya/todo/env/lib/python3.10/site-packages/rq/connections.py:58: DeprecationWarning: The `push_connection` function is deprecated. Pass the `connection` explicitly instead.
  warnings.warn(
/home/soundharya/todo/env/lib/python3.10/site-packages/rq/connections.py:72: DeprecationWarning: The `pop_connection` function is deprecated. Pass the `connection` explicitly instead.
  warnings.warn(
/home/soundharya/todo/env/lib/python3.10/site-packages/rq/connections.py:58: DeprecationWarning: The `push_connection` function is deprecated. Pass the `connection` explicitly instead.
  warnings.warn(
/home/soundharya/todo/env/lib/python3.10/site-packages/rq/connections.py:72: DeprecationWarning: The `pop_connection` function is deprecated. Pass the `connection` explicitly instead.
  warnings.warn(
/home/soundharya/todo/env/lib/python3.10/site-packages/rq/connections.py:58: DeprecationWarning: The `push_connection` function is deprecated. Pass the `connection` explicitly instead.
  warnings.warn(
/home/soundharya/todo/env/lib/python3.10/site-packages/rq/connections.py:72: DeprecationWarning: The `pop_connection` function is deprecated. Pass the `connection` explicitly instead.
  warnings.warn(
/home/soundharya/todo/env/lib/python3.10/site-packages/rq/connections.py:58: DeprecationWarning: The `push_connection` function is deprecated. Pass the `connection` explicitly instead.
  warnings.warn(
/home/soundharya/todo/env/lib/python3.10/site-packages/rq/connections.py:72: DeprecationWarning: The `pop_connection` function is deprecated. Pass the `connection` explicitly instead.
  warnings.warn(
/home/soundharya/todo/env/lib/python3.10/site-packages/rq/connections.py:58: DeprecationWarning: The `push_connection` function is deprecated. Pass the `connection` explicitly instead.
  warnings.warn(
/home/soundharya/todo/env/lib/python3.10/site-packages/rq/connections.py:72: DeprecationWarning: The `pop_connection` function is deprecated. Pass the `connection` explicitly instead.
  warnings.warn(
/home/soundharya/todo/env/lib/python3.10/site-packages/rq/connections.py:58: DeprecationWarning: The `push_connection` function is deprecated. Pass the `connection` explicitly instead.
  warnings.warn(
/home/soundharya/todo/env/lib/python3.10/site-packages/google/api_core/_python_version_support.py:266: FutureWarning: You are using a Python version (3.10.12) which Google will stop supporting in new releases of google.api_core once it reaches its end of life (2026-10-04). Please upgrade to the latest Python version, or at least Python 3.11, to continue receiving updates for google.api_core past that date.
  warnings.warn(message, FutureWarning)
/home/soundharya/todo/env/lib/python3.10/site-packages/httplib2/auth.py:19: DeprecationWarning: 'setName' deprecated - use 'set_name'
  token = pp.Word(tchar).setName("token")
/home/soundharya/todo/env/lib/python3.10/site-packages/httplib2/auth.py:20: DeprecationWarning: 'leaveWhitespace' deprecated - use 'leave_whitespace'
  token68 = pp.Combine(pp.Word("-._~+/" + pp.nums + pp.alphas) + pp.Optional(pp.Word("=").leaveWhitespace())).setName(
/home/soundharya/todo/env/lib/python3.10/site-packages/httplib2/auth.py:20: DeprecationWarning: 'setName' deprecated - use 'set_name'
  token68 = pp.Combine(pp.Word("-._~+/" + pp.nums + pp.alphas) + pp.Optional(pp.Word("=").leaveWhitespace())).setName(
/home/soundharya/todo/env/lib/python3.10/site-packages/httplib2/auth.py:24: DeprecationWarning: 'setName' deprecated - use 'set_name'
  quoted_string = pp.dblQuotedString.copy().setName("quoted-string").setParseAction(unquote)
/home/soundharya/todo/env/lib/python3.10/site-packages/httplib2/auth.py:24: DeprecationWarning: 'setParseAction' deprecated - use 'set_parse_action'
  quoted_string = pp.dblQuotedString.copy().setName("quoted-string").setParseAction(unquote)
/home/soundharya/todo/env/lib/python3.10/site-packages/httplib2/auth.py:25: DeprecationWarning: 'setName' deprecated - use 'set_name'
  auth_param_name = token.copy().setName("auth-param-name").addParseAction(downcaseTokens)
/home/soundharya/todo/env/lib/python3.10/site-packages/httplib2/auth.py:25: DeprecationWarning: 'addParseAction' deprecated - use 'add_parse_action'
  auth_param_name = token.copy().setName("auth-param-name").addParseAction(downcaseTokens)
/home/soundharya/todo/env/lib/python3.10/site-packages/httplib2/auth.py:27: DeprecationWarning: 'delimitedList' deprecated - use 'DelimitedList'
  params = pp.Dict(pp.delimitedList(pp.Group(auth_param)))
/home/soundharya/todo/env/lib/python3.10/site-packages/httplib2/auth.py:33: DeprecationWarning: 'delimitedList' deprecated - use 'DelimitedList'
  www_authenticate = pp.delimitedList(pp.Group(challenge))
/home/soundharya/todo/env/lib/python3.10/site-packages/rq/connections.py:72: DeprecationWarning: The `pop_connection` function is deprecated. Pass the `connection` explicitly instead.
  warnings.warn(
/home/soundharya/todo/env/lib/python3.10/site-packages/rq/connections.py:58: DeprecationWarning: The `push_connection` function is deprecated. Pass the `connection` explicitly instead.
  warnings.warn(
/home/soundharya/todo/env/lib/python3.10/site-packages/rq/connections.py:72: DeprecationWarning: The `pop_connection` function is deprecated. Pass the `connection` explicitly instead.
  warnings.warn(
/home/soundharya/todo/env/lib/python3.10/site-packages/rq/connections.py:58: DeprecationWarning: The `push_connection` function is deprecated. Pass the `connection` explicitly instead.
  warnings.warn(
/home/soundharya/todo/env/lib/python3.10/site-packages/rq/connections.py:72: DeprecationWarning: The `pop_connection` function is deprecated. Pass the `connection` explicitly instead.
  warnings.warn(
/home/soundharya/todo/env/lib/python3.10/site-packages/rq/connections.py:58: DeprecationWarning: The `push_connection` function is deprecated. Pass the `connection` explicitly instead.
  warnings.warn(
/home/soundharya/todo/env/lib/python3.10/site-packages/rq/connections.py:72: DeprecationWarning: The `pop_connection` function is deprecated. Pass the `connection` explicitly instead.
  warnings.warn(
/home/soundharya/todo/env/lib/python3.10/site-packages/rq/connections.py:58: DeprecationWarning: The `push_connection` function is deprecated. Pass the `connection` explicitly instead.
  warnings.warn(
/home/soundharya/todo/env/lib/python3.10/site-packages/rq/connections.py:72: DeprecationWarning: The `pop_connection` function is deprecated. Pass the `connection` explicitly instead.
  warnings.warn(
/home/soundharya/todo/env/lib/python3.10/site-packages/rq/connections.py:58: DeprecationWarning: The `push_connection` function is deprecated. Pass the `connection` explicitly instead.
  warnings.warn(
/home/soundharya/todo/env/lib/python3.10/site-packages/rq/connections.py:72: DeprecationWarning: The `pop_connection` function is deprecated. Pass the `connection` explicitly instead.
  warnings.warn(
/home/soundharya/todo/env/lib/python3.10/site-packages/rq/connections.py:58: DeprecationWarning: The `push_connection` function is deprecated. Pass the `connection` explicitly instead.
  warnings.warn(
/home/soundharya/todo/env/lib/python3.10/site-packages/rq/connections.py:72: DeprecationWarning: The `pop_connection` function is deprecated. Pass the `connection` explicitly instead.
  warnings.warn(
/home/soundharya/todo/env/lib/python3.10/site-packages/rq/connections.py:58: DeprecationWarning: The `push_connection` function is deprecated. Pass the `connection` explicitly instead.
  warnings.warn(
/home/soundharya/todo/env/lib/python3.10/site-packages/rq/connections.py:72: DeprecationWarning: The `pop_connection` function is deprecated. Pass the `connection` explicitly instead.
  warnings.warn(
/home/soundharya/todo/env/lib/python3.10/site-packages/rq/connections.py:58: DeprecationWarning: The `push_connection` function is deprecated. Pass the `connection` explicitly instead.
  warnings.warn(
/home/soundharya/todo/env/lib/python3.10/site-packages/rq/connections.py:72: DeprecationWarning: The `pop_connection` function is deprecated. Pass the `connection` explicitly instead.
  warnings.warn(
/home/soundharya/todo/env/lib/python3.10/site-packages/rq/connections.py:58: DeprecationWarning: The `push_connection` function is deprecated. Pass the `connection` explicitly instead.
  warnings.warn(
/home/soundharya/todo/env/lib/python3.10/site-packages/rq/connections.py:72: DeprecationWarning: The `pop_connection` function is deprecated. Pass the `connection` explicitly instead.
  warnings.warn(
/home/soundharya/todo/env/lib/python3.10/site-packages/rq/connections.py:58: DeprecationWarning: The `push_connection` function is deprecated. Pass the `connection` explicitly instead.
  warnings.warn(
/home/soundharya/todo/env/lib/python3.10/site-packages/rq/connections.py:72: DeprecationWarning: The `pop_connection` function is deprecated. Pass the `connection` explicitly instead.
  warnings.warn(
/home/soundharya/todo/env/lib/python3.10/site-packages/rq/connections.py:58: DeprecationWarning: The `push_connection` function is deprecated. Pass the `connection` explicitly instead.
  warnings.warn(
/home/soundharya/todo/env/lib/python3.10/site-packages/google/api_core/_python_version_support.py:266: FutureWarning: You are using a Python version (3.10.12) which Google will stop supporting in new releases of google.api_core once it reaches its end of life (2026-10-04). Please upgrade to the latest Python version, or at least Python 3.11, to continue receiving updates for google.api_core past that date.
  warnings.warn(message, FutureWarning)
/home/soundharya/todo/env/lib/python3.10/site-packages/httplib2/auth.py:19: DeprecationWarning: 'setName' deprecated - use 'set_name'
  token = pp.Word(tchar).setName("token")
/home/soundharya/todo/env/lib/python3.10/site-packages/httplib2/auth.py:20: DeprecationWarning: 'leaveWhitespace' deprecated - use 'leave_whitespace'
  token68 = pp.Combine(pp.Word("-._~+/" + pp.nums + pp.alphas) + pp.Optional(pp.Word("=").leaveWhitespace())).setName(
/home/soundharya/todo/env/lib/python3.10/site-packages/httplib2/auth.py:20: DeprecationWarning: 'setName' deprecated - use 'set_name'
  token68 = pp.Combine(pp.Word("-._~+/" + pp.nums + pp.alphas) + pp.Optional(pp.Word("=").leaveWhitespace())).setName(
/home/soundharya/todo/env/lib/python3.10/site-packages/httplib2/auth.py:24: DeprecationWarning: 'setName' deprecated - use 'set_name'
  quoted_string = pp.dblQuotedString.copy().setName("quoted-string").setParseAction(unquote)
/home/soundharya/todo/env/lib/python3.10/site-packages/httplib2/auth.py:24: DeprecationWarning: 'setParseAction' deprecated - use 'set_parse_action'
  quoted_string = pp.dblQuotedString.copy().setName("quoted-string").setParseAction(unquote)
/home/soundharya/todo/env/lib/python3.10/site-packages/httplib2/auth.py:25: DeprecationWarning: 'setName' deprecated - use 'set_name'
  auth_param_name = token.copy().setName("auth-param-name").addParseAction(downcaseTokens)
/home/soundharya/todo/env/lib/python3.10/site-packages/httplib2/auth.py:25: DeprecationWarning: 'addParseAction' deprecated - use 'add_parse_action'
  auth_param_name = token.copy().setName("auth-param-name").addParseAction(downcaseTokens)
/home/soundharya/todo/env/lib/python3.10/site-packages/httplib2/auth.py:27: DeprecationWarning: 'delimitedList' deprecated - use 'DelimitedList'
  params = pp.Dict(pp.delimitedList(pp.Group(auth_param)))
/home/soundharya/todo/env/lib/python3.10/site-packages/httplib2/auth.py:33: DeprecationWarning: 'delimitedList' deprecated - use 'DelimitedList'
  www_authenticate = pp.delimitedList(pp.Group(challenge))
/home/soundharya/todo/env/lib/python3.10/site-packages/rq/connections.py:72: DeprecationWarning: The `pop_connection` function is deprecated. Pass the `connection` explicitly instead.
  warnings.warn(
/home/soundharya/todo/env/lib/python3.10/site-packages/rq/connections.py:58: DeprecationWarning: The `push_connection` function is deprecated. Pass the `connection` explicitly instead.
  warnings.warn(
/home/soundharya/todo/env/lib/python3.10/site-packages/rq/connections.py:72: DeprecationWarning: The `pop_connection` function is deprecated. Pass the `connection` explicitly instead.
  warnings.warn(
/home/soundharya/todo/env/lib/python3.10/site-packages/rq/connections.py:58: DeprecationWarning: The `push_connection` function is deprecated. Pass the `connection` explicitly instead.
  warnings.warn(
/home/soundharya/todo/env/lib/python3.10/site-packages/rq/connections.py:72: DeprecationWarning: The `pop_connection` function is deprecated. Pass the `connection` explicitly instead.
  warnings.warn(
/home/soundharya/todo/env/lib/python3.10/site-packages/rq/connections.py:58: DeprecationWarning: The `push_connection` function is deprecated. Pass the `connection` explicitly instead.
  warnings.warn(
/home/soundharya/todo/env/lib/python3.10/site-packages/rq/connections.py:72: DeprecationWarning: The `pop_connection` function is deprecated. Pass the `connection` explicitly instead.
  warnings.warn(
/home/soundharya/todo/env/lib/python3.10/site-packages/rq/connections.py:58: DeprecationWarning: The `push_connection` function is deprecated. Pass the `connection` explicitly instead.
  warnings.warn(
/home/soundharya/todo/env/lib/python3.10/site-packages/rq/connections.py:72: DeprecationWarning: The `pop_connection` function is deprecated. Pass the `connection` explicitly instead.
  warnings.warn(
/home/soundharya/todo/env/lib/python3.10/site-packages/rq/connections.py:58: DeprecationWarning: The `push_connection` function is deprecated. Pass the `connection` explicitly instead.
  warnings.warn(
/home/soundharya/todo/env/lib/python3.10/site-packages/rq/connections.py:72: DeprecationWarning: The `pop_connection` function is deprecated. Pass the `connection` explicitly instead.
  warnings.warn(
/home/soundharya/todo/env/lib/python3.10/site-packages/rq/connections.py:58: DeprecationWarning: The `push_connection` function is deprecated. Pass the `connection` explicitly instead.
  warnings.warn(
/home/soundharya/todo/env/lib/python3.10/site-packages/google/api_core/_python_version_support.py:266: FutureWarning: You are using a Python version (3.10.12) which Google will stop supporting in new releases of google.api_core once it reaches its end of life (2026-10-04). Please upgrade to the latest Python version, or at least Python 3.11, to continue receiving updates for google.api_core past that date.
  warnings.warn(message, FutureWarning)
/home/soundharya/todo/env/lib/python3.10/site-packages/httplib2/auth.py:19: DeprecationWarning: 'setName' deprecated - use 'set_name'
  token = pp.Word(tchar).setName("token")
/home/soundharya/todo/env/lib/python3.10/site-packages/httplib2/auth.py:20: DeprecationWarning: 'leaveWhitespace' deprecated - use 'leave_whitespace'
  token68 = pp.Combine(pp.Word("-._~+/" + pp.nums + pp.alphas) + pp.Optional(pp.Word("=").leaveWhitespace())).setName(
/home/soundharya/todo/env/lib/python3.10/site-packages/httplib2/auth.py:20: DeprecationWarning: 'setName' deprecated - use 'set_name'
  token68 = pp.Combine(pp.Word("-._~+/" + pp.nums + pp.alphas) + pp.Optional(pp.Word("=").leaveWhitespace())).setName(
/home/soundharya/todo/env/lib/python3.10/site-packages/httplib2/auth.py:24: DeprecationWarning: 'setName' deprecated - use 'set_name'
  quoted_string = pp.dblQuotedString.copy().setName("quoted-string").setParseAction(unquote)
/home/soundharya/todo/env/lib/python3.10/site-packages/httplib2/auth.py:24: DeprecationWarning: 'setParseAction' deprecated - use 'set_parse_action'
  quoted_string = pp.dblQuotedString.copy().setName("quoted-string").setParseAction(unquote)
/home/soundharya/todo/env/lib/python3.10/site-packages/httplib2/auth.py:25: DeprecationWarning: 'setName' deprecated - use 'set_name'
  auth_param_name = token.copy().setName("auth-param-name").addParseAction(downcaseTokens)
/home/soundharya/todo/env/lib/python3.10/site-packages/httplib2/auth.py:25: DeprecationWarning: 'addParseAction' deprecated - use 'add_parse_action'
  auth_param_name = token.copy().setName("auth-param-name").addParseAction(downcaseTokens)
/home/soundharya/todo/env/lib/python3.10/site-packages/httplib2/auth.py:27: DeprecationWarning: 'delimitedList' deprecated - use 'DelimitedList'
  params = pp.Dict(pp.delimitedList(pp.Group(auth_param)))
/home/soundharya/todo/env/lib/python3.10/site-packages/httplib2/auth.py:33: DeprecationWarning: 'delimitedList' deprecated - use 'DelimitedList'
  www_authenticate = pp.delimitedList(pp.Group(challenge))
/home/soundharya/todo/env/lib/python3.10/site-packages/rq/connections.py:72: DeprecationWarning: The `pop_connection` function is deprecated. Pass the `connection` explicitly instead.
  warnings.warn(
/home/soundharya/todo/env/lib/python3.10/site-packages/rq/connections.py:58: DeprecationWarning: The `push_connection` function is deprecated. Pass the `connection` explicitly instead.
  warnings.warn(
/home/soundharya/todo/env/lib/python3.10/site-packages/rq/connections.py:72: DeprecationWarning: The `pop_connection` function is deprecated. Pass the `connection` explicitly instead.
  warnings.warn(
/home/soundharya/todo/env/lib/python3.10/site-packages/rq/connections.py:58: DeprecationWarning: The `push_connection` function is deprecated. Pass the `connection` explicitly instead.
  warnings.warn(
/home/soundharya/todo/env/lib/python3.10/site-packages/rq/connections.py:72: DeprecationWarning: The `pop_connection` function is deprecated. Pass the `connection` explicitly instead.
  warnings.warn(
/home/soundharya/todo/env/lib/python3.10/site-packages/rq/connections.py:58: DeprecationWarning: The `push_connection` function is deprecated. Pass the `connection` explicitly instead.
  warnings.warn(
/home/soundharya/todo/env/lib/python3.10/site-packages/rq/connections.py:72: DeprecationWarning: The `pop_connection` function is deprecated. Pass the `connection` explicitly instead.
  warnings.warn(
/home/soundharya/todo/env/lib/python3.10/site-packages/rq/connections.py:58: DeprecationWarning: The `push_connection` function is deprecated. Pass the `connection` explicitly instead.
  warnings.warn(
/home/soundharya/todo/env/lib/python3.10/site-packages/rq/connections.py:72: DeprecationWarning: The `pop_connection` function is deprecated. Pass the `connection` explicitly instead.
  warnings.warn(
/home/soundharya/todo/env/lib/python3.10/site-packages/rq/connections.py:58: DeprecationWarning: The `push_connection` function is deprecated. Pass the `connection` explicitly instead.
  warnings.warn(
/home/soundharya/todo/env/lib/python3.10/site-packages/google/api_core/_python_version_support.py:266: FutureWarning: You are using a Python version (3.10.12) which Google will stop supporting in new releases of google.api_core once it reaches its end of life (2026-10-04). Please upgrade to the latest Python version, or at least Python 3.11, to continue receiving updates for google.api_core past that date.
  warnings.warn(message, FutureWarning)
/home/soundharya/todo/env/lib/python3.10/site-packages/httplib2/auth.py:19: DeprecationWarning: 'setName' deprecated - use 'set_name'
  token = pp.Word(tchar).setName("token")
/home/soundharya/todo/env/lib/python3.10/site-packages/httplib2/auth.py:20: DeprecationWarning: 'leaveWhitespace' deprecated - use 'leave_whitespace'
  token68 = pp.Combine(pp.Word("-._~+/" + pp.nums + pp.alphas) + pp.Optional(pp.Word("=").leaveWhitespace())).setName(
/home/soundharya/todo/env/lib/python3.10/site-packages/httplib2/auth.py:20: DeprecationWarning: 'setName' deprecated - use 'set_name'
  token68 = pp.Combine(pp.Word("-._~+/" + pp.nums + pp.alphas) + pp.Optional(pp.Word("=").leaveWhitespace())).setName(
/home/soundharya/todo/env/lib/python3.10/site-packages/httplib2/auth.py:24: DeprecationWarning: 'setName' deprecated - use 'set_name'
  quoted_string = pp.dblQuotedString.copy().setName("quoted-string").setParseAction(unquote)
/home/soundharya/todo/env/lib/python3.10/site-packages/httplib2/auth.py:24: DeprecationWarning: 'setParseAction' deprecated - use 'set_parse_action'
  quoted_string = pp.dblQuotedString.copy().setName("quoted-string").setParseAction(unquote)
/home/soundharya/todo/env/lib/python3.10/site-packages/httplib2/auth.py:25: DeprecationWarning: 'setName' deprecated - use 'set_name'
  auth_param_name = token.copy().setName("auth-param-name").addParseAction(downcaseTokens)
/home/soundharya/todo/env/lib/python3.10/site-packages/httplib2/auth.py:25: DeprecationWarning: 'addParseAction' deprecated - use 'add_parse_action'
  auth_param_name = token.copy().setName("auth-param-name").addParseAction(downcaseTokens)
/home/soundharya/todo/env/lib/python3.10/site-packages/httplib2/auth.py:27: DeprecationWarning: 'delimitedList' deprecated - use 'DelimitedList'
  params = pp.Dict(pp.delimitedList(pp.Group(auth_param)))
/home/soundharya/todo/env/lib/python3.10/site-packages/httplib2/auth.py:33: DeprecationWarning: 'delimitedList' deprecated - use 'DelimitedList'
  www_authenticate = pp.delimitedList(pp.Group(challenge))
/home/soundharya/todo/env/lib/python3.10/site-packages/rq/connections.py:72: DeprecationWarning: The `pop_connection` function is deprecated. Pass the `connection` explicitly instead.
  warnings.warn(
/home/soundharya/todo/env/lib/python3.10/site-packages/rq/connections.py:58: DeprecationWarning: The `push_connection` function is deprecated. Pass the `connection` explicitly instead.
  warnings.warn(
/home/soundharya/todo/env/lib/python3.10/site-packages/rq/connections.py:72: DeprecationWarning: The `pop_connection` function is deprecated. Pass the `connection` explicitly instead.
  warnings.warn(
/home/soundharya/todo/env/lib/python3.10/site-packages/rq/connections.py:58: DeprecationWarning: The `push_connection` function is deprecated. Pass the `connection` explicitly instead.
  warnings.warn(
/home/soundharya/todo/env/lib/python3.10/site-packages/rq/connections.py:72: DeprecationWarning: The `pop_connection` function is deprecated. Pass the `connection` explicitly instead.
  warnings.warn(
/home/soundharya/todo/env/lib/python3.10/site-packages/rq/connections.py:58: DeprecationWarning: The `push_connection` function is deprecated. Pass the `connection` explicitly instead.
  warnings.warn(
/home/soundharya/todo/env/lib/python3.10/site-packages/rq/connections.py:72: DeprecationWarning: The `pop_connection` function is deprecated. Pass the `connection` explicitly instead.
  warnings.warn(
/home/soundharya/todo/env/lib/python3.10/site-packages/rq/connections.py:58: DeprecationWarning: The `push_connection` function is deprecated. Pass the `connection` explicitly instead.
  warnings.warn(
/home/soundharya/todo/env/lib/python3.10/site-packages/rq/connections.py:72: DeprecationWarning: The `pop_connection` function is deprecated. Pass the `connection` explicitly instead.
  warnings.warn(
/home/soundharya/todo/env/lib/python3.10/site-packages/rq/connections.py:58: DeprecationWarning: The `push_connection` function is deprecated. Pass the `connection` explicitly instead.
  warnings.warn(
/home/soundharya/todo/env/lib/python3.10/site-packages/rq/connections.py:72: DeprecationWarning: The `pop_connection` function is deprecated. Pass the `connection` explicitly instead.
  warnings.warn(
/home/soundharya/todo/env/lib/python3.10/site-packages/rq/connections.py:58: DeprecationWarning: The `push_connection` function is deprecated. Pass the `connection` explicitly instead.
  warnings.warn(
/home/soundharya/todo/env/lib/python3.10/site-packages/google/api_core/_python_version_support.py:266: FutureWarning: You are using a Python version (3.10.12) which Google will stop supporting in new releases of google.api_core once it reaches its end of life (2026-10-04). Please upgrade to the latest Python version, or at least Python 3.11, to continue receiving updates for google.api_core past that date.
  warnings.warn(message, FutureWarning)
/home/soundharya/todo/env/lib/python3.10/site-packages/httplib2/auth.py:19: DeprecationWarning: 'setName' deprecated - use 'set_name'
  token = pp.Word(tchar).setName("token")
/home/soundharya/todo/env/lib/python3.10/site-packages/httplib2/auth.py:20: DeprecationWarning: 'leaveWhitespace' deprecated - use 'leave_whitespace'
  token68 = pp.Combine(pp.Word("-._~+/" + pp.nums + pp.alphas) + pp.Optional(pp.Word("=").leaveWhitespace())).setName(
/home/soundharya/todo/env/lib/python3.10/site-packages/httplib2/auth.py:20: DeprecationWarning: 'setName' deprecated - use 'set_name'
  token68 = pp.Combine(pp.Word("-._~+/" + pp.nums + pp.alphas) + pp.Optional(pp.Word("=").leaveWhitespace())).setName(
/home/soundharya/todo/env/lib/python3.10/site-packages/httplib2/auth.py:24: DeprecationWarning: 'setName' deprecated - use 'set_name'
  quoted_string = pp.dblQuotedString.copy().setName("quoted-string").setParseAction(unquote)
/home/soundharya/todo/env/lib/python3.10/site-packages/httplib2/auth.py:24: DeprecationWarning: 'setParseAction' deprecated - use 'set_parse_action'
  quoted_string = pp.dblQuotedString.copy().setName("quoted-string").setParseAction(unquote)
/home/soundharya/todo/env/lib/python3.10/site-packages/httplib2/auth.py:25: DeprecationWarning: 'setName' deprecated - use 'set_name'
  auth_param_name = token.copy().setName("auth-param-name").addParseAction(downcaseTokens)
/home/soundharya/todo/env/lib/python3.10/site-packages/httplib2/auth.py:25: DeprecationWarning: 'addParseAction' deprecated - use 'add_parse_action'
  auth_param_name = token.copy().setName("auth-param-name").addParseAction(downcaseTokens)
/home/soundharya/todo/env/lib/python3.10/site-packages/httplib2/auth.py:27: DeprecationWarning: 'delimitedList' deprecated - use 'DelimitedList'
  params = pp.Dict(pp.delimitedList(pp.Group(auth_param)))
/home/soundharya/todo/env/lib/python3.10/site-packages/httplib2/auth.py:33: DeprecationWarning: 'delimitedList' deprecated - use 'DelimitedList'
  www_authenticate = pp.delimitedList(pp.Group(challenge))
/home/soundharya/todo/env/lib/python3.10/site-packages/rq/connections.py:72: DeprecationWarning: The `pop_connection` function is deprecated. Pass the `connection` explicitly instead.
  warnings.warn(
/home/soundharya/todo/env/lib/python3.10/site-packages/rq/connections.py:58: DeprecationWarning: The `push_connection` function is deprecated. Pass the `connection` explicitly instead.
  warnings.warn(
/home/soundharya/todo/env/lib/python3.10/site-packages/rq/connections.py:72: DeprecationWarning: The `pop_connection` function is deprecated. Pass the `connection` explicitly instead.
  warnings.warn(
/home/soundharya/todo/env/lib/python3.10/site-packages/rq/connections.py:58: DeprecationWarning: The `push_connection` function is deprecated. Pass the `connection` explicitly instead.
  warnings.warn(
/home/soundharya/todo/env/lib/python3.10/site-packages/rq/connections.py:72: DeprecationWarning: The `pop_connection` function is deprecated. Pass the `connection` explicitly instead.
  warnings.warn(
/home/soundharya/todo/env/lib/python3.10/site-packages/rq/connections.py:58: DeprecationWarning: The `push_connection` function is deprecated. Pass the `connection` explicitly instead.
  warnings.warn(
/home/soundharya/todo/env/lib/python3.10/site-packages/rq/connections.py:72: DeprecationWarning: The `pop_connection` function is deprecated. Pass the `connection` explicitly instead.
  warnings.warn(
/home/soundharya/todo/env/lib/python3.10/site-packages/rq/connections.py:58: DeprecationWarning: The `push_connection` function is deprecated. Pass the `connection` explicitly instead.
  warnings.warn(
/home/soundharya/todo/env/lib/python3.10/site-packages/rq/connections.py:72: DeprecationWarning: The `pop_connection` function is deprecated. Pass the `connection` explicitly instead.
  warnings.warn(
/home/soundharya/todo/env/lib/python3.10/site-packages/rq/connections.py:58: DeprecationWarning: The `push_connection` function is deprecated. Pass the `connection` explicitly instead.
  warnings.warn(
/home/soundharya/todo/env/lib/python3.10/site-packages/rq/connections.py:72: DeprecationWarning: The `pop_connection` function is deprecated. Pass the `connection` explicitly instead.
  warnings.warn(
/home/soundharya/todo/env/lib/python3.10/site-packages/rq/connections.py:58: DeprecationWarning: The `push_connection` function is deprecated. Pass the `connection` explicitly instead.
  warnings.warn(
/home/soundharya/todo/env/lib/python3.10/site-packages/rq/connections.py:72: DeprecationWarning: The `pop_connection` function is deprecated. Pass the `connection` explicitly instead.
  warnings.warn(
/home/soundharya/todo/env/lib/python3.10/site-packages/rq/connections.py:58: DeprecationWarning: The `push_connection` function is deprecated. Pass the `connection` explicitly instead.
  warnings.warn(
/home/soundharya/todo/env/lib/python3.10/site-packages/rq/connections.py:72: DeprecationWarning: The `pop_connection` function is deprecated. Pass the `connection` explicitly instead.
  warnings.warn(
/home/soundharya/todo/env/lib/python3.10/site-packages/rq/connections.py:58: DeprecationWarning: The `push_connection` function is deprecated. Pass the `connection` explicitly instead.
  warnings.warn(
/home/soundharya/todo/env/lib/python3.10/site-packages/rq/connections.py:72: DeprecationWarning: The `pop_connection` function is deprecated. Pass the `connection` explicitly instead.
  warnings.warn(
/home/soundharya/todo/env/lib/python3.10/site-packages/rq/connections.py:58: DeprecationWarning: The `push_connection` function is deprecated. Pass the `connection` explicitly instead.
  warnings.warn(
/home/soundharya/todo/env/lib/python3.10/site-packages/rq/connections.py:72: DeprecationWarning: The `pop_connection` function is deprecated. Pass the `connection` explicitly instead.
  warnings.warn(
/home/soundharya/todo/env/lib/python3.10/site-packages/rq/connections.py:58: DeprecationWarning: The `push_connection` function is deprecated. Pass the `connection` explicitly instead.
  warnings.warn(
/home/soundharya/todo/env/lib/python3.10/site-packages/rq/connections.py:72: DeprecationWarning: The `pop_connection` function is deprecated. Pass the `connection` explicitly instead.
  warnings.warn(
/home/soundharya/todo/env/lib/python3.10/site-packages/rq/connections.py:58: DeprecationWarning: The `push_connection` function is deprecated. Pass the `connection` explicitly instead.
  warnings.warn(
/home/soundharya/todo/env/lib/python3.10/site-packages/rq/connections.py:72: DeprecationWarning: The `pop_connection` function is deprecated. Pass the `connection` explicitly instead.
  warnings.warn(
/home/soundharya/todo/env/lib/python3.10/site-packages/rq/connections.py:58: DeprecationWarning: The `push_connection` function is deprecated. Pass the `connection` explicitly instead.
  warnings.warn(
/home/soundharya/todo/env/lib/python3.10/site-packages/rq/connections.py:72: DeprecationWarning: The `pop_connection` function is deprecated. Pass the `connection` explicitly instead.
  warnings.warn(
/home/soundharya/todo/env/lib/python3.10/site-packages/rq/connections.py:58: DeprecationWarning: The `push_connection` function is deprecated. Pass the `connection` explicitly instead.
  warnings.warn(
/home/soundharya/todo/env/lib/python3.10/site-packages/rq/connections.py:72: DeprecationWarning: The `pop_connection` function is deprecated. Pass the `connection` explicitly instead.
  warnings.warn(
/home/soundharya/todo/env/lib/python3.10/site-packages/rq/connections.py:58: DeprecationWarning: The `push_connection` function is deprecated. Pass the `connection` explicitly instead.
  warnings.warn(
/home/soundharya/todo/env/lib/python3.10/site-packages/rq/connections.py:72: DeprecationWarning: The `pop_connection` function is deprecated. Pass the `connection` explicitly instead.
  warnings.warn(
/home/soundharya/todo/env/lib/python3.10/site-packages/rq/connections.py:58: DeprecationWarning: The `push_connection` function is deprecated. Pass the `connection` explicitly instead.
  warnings.warn(
/home/soundharya/todo/env/lib/python3.10/site-packages/rq/connections.py:72: DeprecationWarning: The `pop_connection` function is deprecated. Pass the `connection` explicitly instead.
  warnings.warn(
/home/soundharya/todo/env/lib/python3.10/site-packages/rq/connections.py:58: DeprecationWarning: The `push_connection` function is deprecated. Pass the `connection` explicitly instead.
  warnings.warn(
/home/soundharya/todo/env/lib/python3.10/site-packages/rq/connections.py:72: DeprecationWarning: The `pop_connection` function is deprecated. Pass the `connection` explicitly instead.
  warnings.warn(
/home/soundharya/todo/env/lib/python3.10/site-packages/rq/connections.py:58: DeprecationWarning: The `push_connection` function is deprecated. Pass the `connection` explicitly instead.
  warnings.warn(
/home/soundharya/todo/env/lib/python3.10/site-packages/rq/connections.py:72: DeprecationWarning: The `pop_connection` function is deprecated. Pass the `connection` explicitly instead.
  warnings.warn(
/home/soundharya/todo/env/lib/python3.10/site-packages/rq/connections.py:58: DeprecationWarning: The `push_connection` function is deprecated. Pass the `connection` explicitly instead.
  warnings.warn(
/home/soundharya/todo/env/lib/python3.10/site-packages/rq/connections.py:72: DeprecationWarning: The `pop_connection` function is deprecated. Pass the `connection` explicitly instead.
  warnings.warn(
/home/soundharya/todo/env/lib/python3.10/site-packages/rq/connections.py:58: DeprecationWarning: The `push_connection` function is deprecated. Pass the `connection` explicitly instead.
  warnings.warn(
/home/soundharya/todo/env/lib/python3.10/site-packages/google/api_core/_python_version_support.py:266: FutureWarning: You are using a Python version (3.10.12) which Google will stop supporting in new releases of google.api_core once it reaches its end of life (2026-10-04). Please upgrade to the latest Python version, or at least Python 3.11, to continue receiving updates for google.api_core past that date.
  warnings.warn(message, FutureWarning)
/home/soundharya/todo/env/lib/python3.10/site-packages/httplib2/auth.py:19: DeprecationWarning: 'setName' deprecated - use 'set_name'
  token = pp.Word(tchar).setName("token")
/home/soundharya/todo/env/lib/python3.10/site-packages/httplib2/auth.py:20: DeprecationWarning: 'leaveWhitespace' deprecated - use 'leave_whitespace'
  token68 = pp.Combine(pp.Word("-._~+/" + pp.nums + pp.alphas) + pp.Optional(pp.Word("=").leaveWhitespace())).setName(
/home/soundharya/todo/env/lib/python3.10/site-packages/httplib2/auth.py:20: DeprecationWarning: 'setName' deprecated - use 'set_name'
  token68 = pp.Combine(pp.Word("-._~+/" + pp.nums + pp.alphas) + pp.Optional(pp.Word("=").leaveWhitespace())).setName(
/home/soundharya/todo/env/lib/python3.10/site-packages/httplib2/auth.py:24: DeprecationWarning: 'setName' deprecated - use 'set_name'
  quoted_string = pp.dblQuotedString.copy().setName("quoted-string").setParseAction(unquote)
/home/soundharya/todo/env/lib/python3.10/site-packages/httplib2/auth.py:24: DeprecationWarning: 'setParseAction' deprecated - use 'set_parse_action'
  quoted_string = pp.dblQuotedString.copy().setName("quoted-string").setParseAction(unquote)
/home/soundharya/todo/env/lib/python3.10/site-packages/httplib2/auth.py:25: DeprecationWarning: 'setName' deprecated - use 'set_name'
  auth_param_name = token.copy().setName("auth-param-name").addParseAction(downcaseTokens)
/home/soundharya/todo/env/lib/python3.10/site-packages/httplib2/auth.py:25: DeprecationWarning: 'addParseAction' deprecated - use 'add_parse_action'
  auth_param_name = token.copy().setName("auth-param-name").addParseAction(downcaseTokens)
/home/soundharya/todo/env/lib/python3.10/site-packages/httplib2/auth.py:27: DeprecationWarning: 'delimitedList' deprecated - use 'DelimitedList'
  params = pp.Dict(pp.delimitedList(pp.Group(auth_param)))
/home/soundharya/todo/env/lib/python3.10/site-packages/httplib2/auth.py:33: DeprecationWarning: 'delimitedList' deprecated - use 'DelimitedList'
  www_authenticate = pp.delimitedList(pp.Group(challenge))
/home/soundharya/todo/env/lib/python3.10/site-packages/rq/connections.py:72: DeprecationWarning: The `pop_connection` function is deprecated. Pass the `connection` explicitly instead.
  warnings.warn(
/home/soundharya/todo/env/lib/python3.10/site-packages/rq/connections.py:58: DeprecationWarning: The `push_connection` function is deprecated. Pass the `connection` explicitly instead.
  warnings.warn(
/home/soundharya/todo/env/lib/python3.10/site-packages/rq/connections.py:72: DeprecationWarning: The `pop_connection` function is deprecated. Pass the `connection` explicitly instead.
  warnings.warn(
/home/soundharya/todo/env/lib/python3.10/site-packages/rq/connections.py:58: DeprecationWarning: The `push_connection` function is deprecated. Pass the `connection` explicitly instead.
  warnings.warn(
/home/soundharya/todo/env/lib/python3.10/site-packages/rq/connections.py:72: DeprecationWarning: The `pop_connection` function is deprecated. Pass the `connection` explicitly instead.
  warnings.warn(
/home/soundharya/todo/env/lib/python3.10/site-packages/rq/connections.py:58: DeprecationWarning: The `push_connection` function is deprecated. Pass the `connection` explicitly instead.
  warnings.warn(
/home/soundharya/todo/env/lib/python3.10/site-packages/rq/connections.py:72: DeprecationWarning: The `pop_connection` function is deprecated. Pass the `connection` explicitly instead.
  warnings.warn(
/home/soundharya/todo/env/lib/python3.10/site-packages/rq/connections.py:58: DeprecationWarning: The `push_connection` function is deprecated. Pass the `connection` explicitly instead.
  warnings.warn(
/home/soundharya/todo/env/lib/python3.10/site-packages/rq/connections.py:72: DeprecationWarning: The `pop_connection` function is deprecated. Pass the `connection` explicitly instead.
  warnings.warn(
/home/soundharya/todo/env/lib/python3.10/site-packages/rq/connections.py:58: DeprecationWarning: The `push_connection` function is deprecated. Pass the `connection` explicitly instead.
  warnings.warn(
/home/soundharya/todo/env/lib/python3.10/site-packages/google/api_core/_python_version_support.py:266: FutureWarning: You are using a Python version (3.10.12) which Google will stop supporting in new releases of google.api_core once it reaches its end of life (2026-10-04). Please upgrade to the latest Python version, or at least Python 3.11, to continue receiving updates for google.api_core past that date.
  warnings.warn(message, FutureWarning)
/home/soundharya/todo/env/lib/python3.10/site-packages/httplib2/auth.py:19: DeprecationWarning: 'setName' deprecated - use 'set_name'
  token = pp.Word(tchar).setName("token")
/home/soundharya/todo/env/lib/python3.10/site-packages/httplib2/auth.py:20: DeprecationWarning: 'leaveWhitespace' deprecated - use 'leave_whitespace'
  token68 = pp.Combine(pp.Word("-._~+/" + pp.nums + pp.alphas) + pp.Optional(pp.Word("=").leaveWhitespace())).setName(
/home/soundharya/todo/env/lib/python3.10/site-packages/httplib2/auth.py:20: DeprecationWarning: 'setName' deprecated - use 'set_name'
  token68 = pp.Combine(pp.Word("-._~+/" + pp.nums + pp.alphas) + pp.Optional(pp.Word("=").leaveWhitespace())).setName(
/home/soundharya/todo/env/lib/python3.10/site-packages/httplib2/auth.py:24: DeprecationWarning: 'setName' deprecated - use 'set_name'
  quoted_string = pp.dblQuotedString.copy().setName("quoted-string").setParseAction(unquote)
/home/soundharya/todo/env/lib/python3.10/site-packages/httplib2/auth.py:24: DeprecationWarning: 'setParseAction' deprecated - use 'set_parse_action'
  quoted_string = pp.dblQuotedString.copy().setName("quoted-string").setParseAction(unquote)
/home/soundharya/todo/env/lib/python3.10/site-packages/httplib2/auth.py:25: DeprecationWarning: 'setName' deprecated - use 'set_name'
  auth_param_name = token.copy().setName("auth-param-name").addParseAction(downcaseTokens)
/home/soundharya/todo/env/lib/python3.10/site-packages/httplib2/auth.py:25: DeprecationWarning: 'addParseAction' deprecated - use 'add_parse_action'
  auth_param_name = token.copy().setName("auth-param-name").addParseAction(downcaseTokens)
/home/soundharya/todo/env/lib/python3.10/site-packages/httplib2/auth.py:27: DeprecationWarning: 'delimitedList' deprecated - use 'DelimitedList'
  params = pp.Dict(pp.delimitedList(pp.Group(auth_param)))
/home/soundharya/todo/env/lib/python3.10/site-packages/httplib2/auth.py:33: DeprecationWarning: 'delimitedList' deprecated - use 'DelimitedList'
  www_authenticate = pp.delimitedList(pp.Group(challenge))
/home/soundharya/todo/env/lib/python3.10/site-packages/rq/connections.py:72: DeprecationWarning: The `pop_connection` function is deprecated. Pass the `connection` explicitly instead.
  warnings.warn(
/home/soundharya/todo/env/lib/python3.10/site-packages/rq/connections.py:58: DeprecationWarning: The `push_connection` function is deprecated. Pass the `connection` explicitly instead.
  warnings.warn(
/home/soundharya/todo/env/lib/python3.10/site-packages/rq/connections.py:72: DeprecationWarning: The `pop_connection` function is deprecated. Pass the `connection` explicitly instead.
  warnings.warn(
/home/soundharya/todo/env/lib/python3.10/site-packages/rq/connections.py:58: DeprecationWarning: The `push_connection` function is deprecated. Pass the `connection` explicitly instead.
  warnings.warn(
/home/soundharya/todo/env/lib/python3.10/site-packages/google/api_core/_python_version_support.py:266: FutureWarning: You are using a Python version (3.10.12) which Google will stop supporting in new releases of google.api_core once it reaches its end of life (2026-10-04). Please upgrade to the latest Python version, or at least Python 3.11, to continue receiving updates for google.api_core past that date.
  warnings.warn(message, FutureWarning)
/home/soundharya/todo/env/lib/python3.10/site-packages/httplib2/auth.py:19: DeprecationWarning: 'setName' deprecated - use 'set_name'
  token = pp.Word(tchar).setName("token")
/home/soundharya/todo/env/lib/python3.10/site-packages/httplib2/auth.py:20: DeprecationWarning: 'leaveWhitespace' deprecated - use 'leave_whitespace'
  token68 = pp.Combine(pp.Word("-._~+/" + pp.nums + pp.alphas) + pp.Optional(pp.Word("=").leaveWhitespace())).setName(
/home/soundharya/todo/env/lib/python3.10/site-packages/httplib2/auth.py:20: DeprecationWarning: 'setName' deprecated - use 'set_name'
  token68 = pp.Combine(pp.Word("-._~+/" + pp.nums + pp.alphas) + pp.Optional(pp.Word("=").leaveWhitespace())).setName(
/home/soundharya/todo/env/lib/python3.10/site-packages/httplib2/auth.py:24: DeprecationWarning: 'setName' deprecated - use 'set_name'
  quoted_string = pp.dblQuotedString.copy().setName("quoted-string").setParseAction(unquote)
/home/soundharya/todo/env/lib/python3.10/site-packages/httplib2/auth.py:24: DeprecationWarning: 'setParseAction' deprecated - use 'set_parse_action'
  quoted_string = pp.dblQuotedString.copy().setName("quoted-string").setParseAction(unquote)
/home/soundharya/todo/env/lib/python3.10/site-packages/httplib2/auth.py:25: DeprecationWarning: 'setName' deprecated - use 'set_name'
  auth_param_name = token.copy().setName("auth-param-name").addParseAction(downcaseTokens)
/home/soundharya/todo/env/lib/python3.10/site-packages/httplib2/auth.py:25: DeprecationWarning: 'addParseAction' deprecated - use 'add_parse_action'
  auth_param_name = token.copy().setName("auth-param-name").addParseAction(downcaseTokens)
/home/soundharya/todo/env/lib/python3.10/site-packages/httplib2/auth.py:27: DeprecationWarning: 'delimitedList' deprecated - use 'DelimitedList'
  params = pp.Dict(pp.delimitedList(pp.Group(auth_param)))
/home/soundharya/todo/env/lib/python3.10/site-packages/httplib2/auth.py:33: DeprecationWarning: 'delimitedList' deprecated - use 'DelimitedList'
  www_authenticate = pp.delimitedList(pp.Group(challenge))
/home/soundharya/todo/env/lib/python3.10/site-packages/rq/connections.py:72: DeprecationWarning: The `pop_connection` function is deprecated. Pass the `connection` explicitly instead.
  warnings.warn(
/home/soundharya/todo/env/lib/python3.10/site-packages/rq/connections.py:58: DeprecationWarning: The `push_connection` function is deprecated. Pass the `connection` explicitly instead.
  warnings.warn(
/home/soundharya/todo/env/lib/python3.10/site-packages/rq/connections.py:72: DeprecationWarning: The `pop_connection` function is deprecated. Pass the `connection` explicitly instead.
  warnings.warn(
/home/soundharya/todo/env/lib/python3.10/site-packages/rq/connections.py:58: DeprecationWarning: The `push_connection` function is deprecated. Pass the `connection` explicitly instead.
  warnings.warn(
/home/soundharya/todo/env/lib/python3.10/site-packages/rq/connections.py:72: DeprecationWarning: The `pop_connection` function is deprecated. Pass the `connection` explicitly instead.
  warnings.warn(
/home/soundharya/todo/env/lib/python3.10/site-packages/rq/connections.py:58: DeprecationWarning: The `push_connection` function is deprecated. Pass the `connection` explicitly instead.
  warnings.warn(
/home/soundharya/todo/env/lib/python3.10/site-packages/rq/connections.py:72: DeprecationWarning: The `pop_connection` function is deprecated. Pass the `connection` explicitly instead.
  warnings.warn(
/home/soundharya/todo/env/lib/python3.10/site-packages/rq/connections.py:58: DeprecationWarning: The `push_connection` function is deprecated. Pass the `connection` explicitly instead.
  warnings.warn(
/home/soundharya/todo/env/lib/python3.10/site-packages/rq/connections.py:72: DeprecationWarning: The `pop_connection` function is deprecated. Pass the `connection` explicitly instead.
  warnings.warn(
/home/soundharya/todo/env/lib/python3.10/site-packages/rq/connections.py:58: DeprecationWarning: The `push_connection` function is deprecated. Pass the `connection` explicitly instead.
  warnings.warn(
/home/soundharya/todo/env/lib/python3.10/site-packages/rq/connections.py:72: DeprecationWarning: The `pop_connection` function is deprecated. Pass the `connection` explicitly instead.
  warnings.warn(
/home/soundharya/todo/env/lib/python3.10/site-packages/rq/connections.py:58: DeprecationWarning: The `push_connection` function is deprecated. Pass the `connection` explicitly instead.
  warnings.warn(
/home/soundharya/todo/env/lib/python3.10/site-packages/rq/connections.py:72: DeprecationWarning: The `pop_connection` function is deprecated. Pass the `connection` explicitly instead.
  warnings.warn(
/home/soundharya/todo/env/lib/python3.10/site-packages/rq/connections.py:58: DeprecationWarning: The `push_connection` function is deprecated. Pass the `connection` explicitly instead.
  warnings.warn(
/home/soundharya/todo/env/lib/python3.10/site-packages/rq/connections.py:72: DeprecationWarning: The `pop_connection` function is deprecated. Pass the `connection` explicitly instead.
  warnings.warn(
/home/soundharya/todo/env/lib/python3.10/site-packages/rq/connections.py:58: DeprecationWarning: The `push_connection` function is deprecated. Pass the `connection` explicitly instead.
  warnings.warn(
/home/soundharya/todo/env/lib/python3.10/site-packages/rq/connections.py:72: DeprecationWarning: The `pop_connection` function is deprecated. Pass the `connection` explicitly instead.
  warnings.warn(
/home/soundharya/todo/env/lib/python3.10/site-packages/rq/connections.py:58: DeprecationWarning: The `push_connection` function is deprecated. Pass the `connection` explicitly instead.
  warnings.warn(
/home/soundharya/todo/env/lib/python3.10/site-packages/rq/connections.py:72: DeprecationWarning: The `pop_connection` function is deprecated. Pass the `connection` explicitly instead.
  warnings.warn(
/home/soundharya/todo/env/lib/python3.10/site-packages/rq/connections.py:58: DeprecationWarning: The `push_connection` function is deprecated. Pass the `connection` explicitly instead.
  warnings.warn(
/home/soundharya/todo/env/lib/python3.10/site-packages/rq/connections.py:72: DeprecationWarning: The `pop_connection` function is deprecated. Pass the `connection` explicitly instead.
  warnings.warn(
/home/soundharya/todo/env/lib/python3.10/site-packages/rq/connections.py:58: DeprecationWarning: The `push_connection` function is deprecated. Pass the `connection` explicitly instead.
  warnings.warn(
/home/soundharya/todo/env/lib/python3.10/site-packages/rq/connections.py:72: DeprecationWarning: The `pop_connection` function is deprecated. Pass the `connection` explicitly instead.
  warnings.warn(
/home/soundharya/todo/env/lib/python3.10/site-packages/rq/connections.py:58: DeprecationWarning: The `push_connection` function is deprecated. Pass the `connection` explicitly instead.
  warnings.warn(
/home/soundharya/todo/env/lib/python3.10/site-packages/google/api_core/_python_version_support.py:266: FutureWarning: You are using a Python version (3.10.12) which Google will stop supporting in new releases of google.api_core once it reaches its end of life (2026-10-04). Please upgrade to the latest Python version, or at least Python 3.11, to continue receiving updates for google.api_core past that date.
  warnings.warn(message, FutureWarning)
/home/soundharya/todo/env/lib/python3.10/site-packages/httplib2/auth.py:19: DeprecationWarning: 'setName' deprecated - use 'set_name'
  token = pp.Word(tchar).setName("token")
/home/soundharya/todo/env/lib/python3.10/site-packages/httplib2/auth.py:20: DeprecationWarning: 'leaveWhitespace' deprecated - use 'leave_whitespace'
  token68 = pp.Combine(pp.Word("-._~+/" + pp.nums + pp.alphas) + pp.Optional(pp.Word("=").leaveWhitespace())).setName(
/home/soundharya/todo/env/lib/python3.10/site-packages/httplib2/auth.py:20: DeprecationWarning: 'setName' deprecated - use 'set_name'
  token68 = pp.Combine(pp.Word("-._~+/" + pp.nums + pp.alphas) + pp.Optional(pp.Word("=").leaveWhitespace())).setName(
/home/soundharya/todo/env/lib/python3.10/site-packages/httplib2/auth.py:24: DeprecationWarning: 'setName' deprecated - use 'set_name'
  quoted_string = pp.dblQuotedString.copy().setName("quoted-string").setParseAction(unquote)
/home/soundharya/todo/env/lib/python3.10/site-packages/httplib2/auth.py:24: DeprecationWarning: 'setParseAction' deprecated - use 'set_parse_action'
  quoted_string = pp.dblQuotedString.copy().setName("quoted-string").setParseAction(unquote)
/home/soundharya/todo/env/lib/python3.10/site-packages/httplib2/auth.py:25: DeprecationWarning: 'setName' deprecated - use 'set_name'
  auth_param_name = token.copy().setName("auth-param-name").addParseAction(downcaseTokens)
/home/soundharya/todo/env/lib/python3.10/site-packages/httplib2/auth.py:25: DeprecationWarning: 'addParseAction' deprecated - use 'add_parse_action'
  auth_param_name = token.copy().setName("auth-param-name").addParseAction(downcaseTokens)
/home/soundharya/todo/env/lib/python3.10/site-packages/httplib2/auth.py:27: DeprecationWarning: 'delimitedList' deprecated - use 'DelimitedList'
  params = pp.Dict(pp.delimitedList(pp.Group(auth_param)))
/home/soundharya/todo/env/lib/python3.10/site-packages/httplib2/auth.py:33: DeprecationWarning: 'delimitedList' deprecated - use 'DelimitedList'
  www_authenticate = pp.delimitedList(pp.Group(challenge))
/home/soundharya/todo/env/lib/python3.10/site-packages/rq/connections.py:72: DeprecationWarning: The `pop_connection` function is deprecated. Pass the `connection` explicitly instead.
  warnings.warn(
/home/soundharya/todo/env/lib/python3.10/site-packages/rq/connections.py:58: DeprecationWarning: The `push_connection` function is deprecated. Pass the `connection` explicitly instead.
  warnings.warn(
/home/soundharya/todo/env/lib/python3.10/site-packages/rq/connections.py:72: DeprecationWarning: The `pop_connection` function is deprecated. Pass the `connection` explicitly instead.
  warnings.warn(
/home/soundharya/todo/env/lib/python3.10/site-packages/rq/connections.py:58: DeprecationWarning: The `push_connection` function is deprecated. Pass the `connection` explicitly instead.
  warnings.warn(
/home/soundharya/todo/env/lib/python3.10/site-packages/rq/connections.py:72: DeprecationWarning: The `pop_connection` function is deprecated. Pass the `connection` explicitly instead.
  warnings.warn(
/home/soundharya/todo/env/lib/python3.10/site-packages/rq/connections.py:58: DeprecationWarning: The `push_connection` function is deprecated. Pass the `connection` explicitly instead.
  warnings.warn(
/home/soundharya/todo/env/lib/python3.10/site-packages/rq/connections.py:72: DeprecationWarning: The `pop_connection` function is deprecated. Pass the `connection` explicitly instead.
  warnings.warn(
/home/soundharya/todo/env/lib/python3.10/site-packages/rq/connections.py:58: DeprecationWarning: The `push_connection` function is deprecated. Pass the `connection` explicitly instead.
  warnings.warn(
/home/soundharya/todo/env/lib/python3.10/site-packages/rq/connections.py:72: DeprecationWarning: The `pop_connection` function is deprecated. Pass the `connection` explicitly instead.
  warnings.warn(
/home/soundharya/todo/env/lib/python3.10/site-packages/rq/connections.py:58: DeprecationWarning: The `push_connection` function is deprecated. Pass the `connection` explicitly instead.
  warnings.warn(
/home/soundharya/todo/env/lib/python3.10/site-packages/rq/connections.py:72: DeprecationWarning: The `pop_connection` function is deprecated. Pass the `connection` explicitly instead.
  warnings.warn(
/home/soundharya/todo/env/lib/python3.10/site-packages/rq/connections.py:58: DeprecationWarning: The `push_connection` function is deprecated. Pass the `connection` explicitly instead.
  warnings.warn(
/home/soundharya/todo/env/lib/python3.10/site-packages/rq/connections.py:72: DeprecationWarning: The `pop_connection` function is deprecated. Pass the `connection` explicitly instead.
  warnings.warn(
/home/soundharya/todo/env/lib/python3.10/site-packages/rq/connections.py:58: DeprecationWarning: The `push_connection` function is deprecated. Pass the `connection` explicitly instead.
  warnings.warn(
/home/soundharya/todo/env/lib/python3.10/site-packages/google/api_core/_python_version_support.py:266: FutureWarning: You are using a Python version (3.10.12) which Google will stop supporting in new releases of google.api_core once it reaches its end of life (2026-10-04). Please upgrade to the latest Python version, or at least Python 3.11, to continue receiving updates for google.api_core past that date.
  warnings.warn(message, FutureWarning)
/home/soundharya/todo/env/lib/python3.10/site-packages/httplib2/auth.py:19: DeprecationWarning: 'setName' deprecated - use 'set_name'
  token = pp.Word(tchar).setName("token")
/home/soundharya/todo/env/lib/python3.10/site-packages/httplib2/auth.py:20: DeprecationWarning: 'leaveWhitespace' deprecated - use 'leave_whitespace'
  token68 = pp.Combine(pp.Word("-._~+/" + pp.nums + pp.alphas) + pp.Optional(pp.Word("=").leaveWhitespace())).setName(
/home/soundharya/todo/env/lib/python3.10/site-packages/httplib2/auth.py:20: DeprecationWarning: 'setName' deprecated - use 'set_name'
  token68 = pp.Combine(pp.Word("-._~+/" + pp.nums + pp.alphas) + pp.Optional(pp.Word("=").leaveWhitespace())).setName(
/home/soundharya/todo/env/lib/python3.10/site-packages/httplib2/auth.py:24: DeprecationWarning: 'setName' deprecated - use 'set_name'
  quoted_string = pp.dblQuotedString.copy().setName("quoted-string").setParseAction(unquote)
/home/soundharya/todo/env/lib/python3.10/site-packages/httplib2/auth.py:24: DeprecationWarning: 'setParseAction' deprecated - use 'set_parse_action'
  quoted_string = pp.dblQuotedString.copy().setName("quoted-string").setParseAction(unquote)
/home/soundharya/todo/env/lib/python3.10/site-packages/httplib2/auth.py:25: DeprecationWarning: 'setName' deprecated - use 'set_name'
  auth_param_name = token.copy().setName("auth-param-name").addParseAction(downcaseTokens)
/home/soundharya/todo/env/lib/python3.10/site-packages/httplib2/auth.py:25: DeprecationWarning: 'addParseAction' deprecated - use 'add_parse_action'
  auth_param_name = token.copy().setName("auth-param-name").addParseAction(downcaseTokens)
/home/soundharya/todo/env/lib/python3.10/site-packages/httplib2/auth.py:27: DeprecationWarning: 'delimitedList' deprecated - use 'DelimitedList'
  params = pp.Dict(pp.delimitedList(pp.Group(auth_param)))
/home/soundharya/todo/env/lib/python3.10/site-packages/httplib2/auth.py:33: DeprecationWarning: 'delimitedList' deprecated - use 'DelimitedList'
  www_authenticate = pp.delimitedList(pp.Group(challenge))
/home/soundharya/todo/env/lib/python3.10/site-packages/rq/connections.py:72: DeprecationWarning: The `pop_connection` function is deprecated. Pass the `connection` explicitly instead.
  warnings.warn(
/home/soundharya/todo/env/lib/python3.10/site-packages/rq/connections.py:58: DeprecationWarning: The `push_connection` function is deprecated. Pass the `connection` explicitly instead.
  warnings.warn(
/home/soundharya/todo/env/lib/python3.10/site-packages/rq/connections.py:72: DeprecationWarning: The `pop_connection` function is deprecated. Pass the `connection` explicitly instead.
  warnings.warn(
/home/soundharya/todo/env/lib/python3.10/site-packages/rq/connections.py:58: DeprecationWarning: The `push_connection` function is deprecated. Pass the `connection` explicitly instead.
  warnings.warn(
/home/soundharya/todo/env/lib/python3.10/site-packages/rq/connections.py:72: DeprecationWarning: The `pop_connection` function is deprecated. Pass the `connection` explicitly instead.
  warnings.warn(
/home/soundharya/todo/env/lib/python3.10/site-packages/rq/connections.py:58: DeprecationWarning: The `push_connection` function is deprecated. Pass the `connection` explicitly instead.
  warnings.warn(
/home/soundharya/todo/env/lib/python3.10/site-packages/google/api_core/_python_version_support.py:266: FutureWarning: You are using a Python version (3.10.12) which Google will stop supporting in new releases of google.api_core once it reaches its end of life (2026-10-04). Please upgrade to the latest Python version, or at least Python 3.11, to continue receiving updates for google.api_core past that date.
  warnings.warn(message, FutureWarning)
/home/soundharya/todo/env/lib/python3.10/site-packages/httplib2/auth.py:19: DeprecationWarning: 'setName' deprecated - use 'set_name'
  token = pp.Word(tchar).setName("token")
/home/soundharya/todo/env/lib/python3.10/site-packages/httplib2/auth.py:20: DeprecationWarning: 'leaveWhitespace' deprecated - use 'leave_whitespace'
  token68 = pp.Combine(pp.Word("-._~+/" + pp.nums + pp.alphas) + pp.Optional(pp.Word("=").leaveWhitespace())).setName(
/home/soundharya/todo/env/lib/python3.10/site-packages/httplib2/auth.py:20: DeprecationWarning: 'setName' deprecated - use 'set_name'
  token68 = pp.Combine(pp.Word("-._~+/" + pp.nums + pp.alphas) + pp.Optional(pp.Word("=").leaveWhitespace())).setName(
/home/soundharya/todo/env/lib/python3.10/site-packages/httplib2/auth.py:24: DeprecationWarning: 'setName' deprecated - use 'set_name'
  quoted_string = pp.dblQuotedString.copy().setName("quoted-string").setParseAction(unquote)
/home/soundharya/todo/env/lib/python3.10/site-packages/httplib2/auth.py:24: DeprecationWarning: 'setParseAction' deprecated - use 'set_parse_action'
  quoted_string = pp.dblQuotedString.copy().setName("quoted-string").setParseAction(unquote)
/home/soundharya/todo/env/lib/python3.10/site-packages/httplib2/auth.py:25: DeprecationWarning: 'setName' deprecated - use 'set_name'
  auth_param_name = token.copy().setName("auth-param-name").addParseAction(downcaseTokens)
/home/soundharya/todo/env/lib/python3.10/site-packages/httplib2/auth.py:25: DeprecationWarning: 'addParseAction' deprecated - use 'add_parse_action'
  auth_param_name = token.copy().setName("auth-param-name").addParseAction(downcaseTokens)
/home/soundharya/todo/env/lib/python3.10/site-packages/httplib2/auth.py:27: DeprecationWarning: 'delimitedList' deprecated - use 'DelimitedList'
  params = pp.Dict(pp.delimitedList(pp.Group(auth_param)))
/home/soundharya/todo/env/lib/python3.10/site-packages/httplib2/auth.py:33: DeprecationWarning: 'delimitedList' deprecated - use 'DelimitedList'
  www_authenticate = pp.delimitedList(pp.Group(challenge))
/home/soundharya/todo/env/lib/python3.10/site-packages/rq/connections.py:72: DeprecationWarning: The `pop_connection` function is deprecated. Pass the `connection` explicitly instead.
  warnings.warn(
/home/soundharya/todo/env/lib/python3.10/site-packages/rq/connections.py:58: DeprecationWarning: The `push_connection` function is deprecated. Pass the `connection` explicitly instead.
  warnings.warn(
/home/soundharya/todo/env/lib/python3.10/site-packages/rq/connections.py:72: DeprecationWarning: The `pop_connection` function is deprecated. Pass the `connection` explicitly instead.
  warnings.warn(
/home/soundharya/todo/env/lib/python3.10/site-packages/rq/connections.py:58: DeprecationWarning: The `push_connection` function is deprecated. Pass the `connection` explicitly instead.
  warnings.warn(
/home/soundharya/todo/env/lib/python3.10/site-packages/google/api_core/_python_version_support.py:266: FutureWarning: You are using a Python version (3.10.12) which Google will stop supporting in new releases of google.api_core once it reaches its end of life (2026-10-04). Please upgrade to the latest Python version, or at least Python 3.11, to continue receiving updates for google.api_core past that date.
  warnings.warn(message, FutureWarning)
/home/soundharya/todo/env/lib/python3.10/site-packages/httplib2/auth.py:19: DeprecationWarning: 'setName' deprecated - use 'set_name'
  token = pp.Word(tchar).setName("token")
/home/soundharya/todo/env/lib/python3.10/site-packages/httplib2/auth.py:20: DeprecationWarning: 'leaveWhitespace' deprecated - use 'leave_whitespace'
  token68 = pp.Combine(pp.Word("-._~+/" + pp.nums + pp.alphas) + pp.Optional(pp.Word("=").leaveWhitespace())).setName(
/home/soundharya/todo/env/lib/python3.10/site-packages/httplib2/auth.py:20: DeprecationWarning: 'setName' deprecated - use 'set_name'
  token68 = pp.Combine(pp.Word("-._~+/" + pp.nums + pp.alphas) + pp.Optional(pp.Word("=").leaveWhitespace())).setName(
/home/soundharya/todo/env/lib/python3.10/site-packages/httplib2/auth.py:24: DeprecationWarning: 'setName' deprecated - use 'set_name'
  quoted_string = pp.dblQuotedString.copy().setName("quoted-string").setParseAction(unquote)
/home/soundharya/todo/env/lib/python3.10/site-packages/httplib2/auth.py:24: DeprecationWarning: 'setParseAction' deprecated - use 'set_parse_action'
  quoted_string = pp.dblQuotedString.copy().setName("quoted-string").setParseAction(unquote)
/home/soundharya/todo/env/lib/python3.10/site-packages/httplib2/auth.py:25: DeprecationWarning: 'setName' deprecated - use 'set_name'
  auth_param_name = token.copy().setName("auth-param-name").addParseAction(downcaseTokens)
/home/soundharya/todo/env/lib/python3.10/site-packages/httplib2/auth.py:25: DeprecationWarning: 'addParseAction' deprecated - use 'add_parse_action'
  auth_param_name = token.copy().setName("auth-param-name").addParseAction(downcaseTokens)
/home/soundharya/todo/env/lib/python3.10/site-packages/httplib2/auth.py:27: DeprecationWarning: 'delimitedList' deprecated - use 'DelimitedList'
  params = pp.Dict(pp.delimitedList(pp.Group(auth_param)))
/home/soundharya/todo/env/lib/python3.10/site-packages/httplib2/auth.py:33: DeprecationWarning: 'delimitedList' deprecated - use 'DelimitedList'
  www_authenticate = pp.delimitedList(pp.Group(challenge))
/home/soundharya/todo/env/lib/python3.10/site-packages/rq/connections.py:72: DeprecationWarning: The `pop_connection` function is deprecated. Pass the `connection` explicitly instead.
  warnings.warn(
/home/soundharya/todo/env/lib/python3.10/site-packages/rq/connections.py:58: DeprecationWarning: The `push_connection` function is deprecated. Pass the `connection` explicitly instead.
  warnings.warn(
/home/soundharya/todo/env/lib/python3.10/site-packages/rq/connections.py:72: DeprecationWarning: The `pop_connection` function is deprecated. Pass the `connection` explicitly instead.
  warnings.warn(
/home/soundharya/todo/env/lib/python3.10/site-packages/rq/connections.py:58: DeprecationWarning: The `push_connection` function is deprecated. Pass the `connection` explicitly instead.
  warnings.warn(
/home/soundharya/todo/env/lib/python3.10/site-packages/rq/connections.py:72: DeprecationWarning: The `pop_connection` function is deprecated. Pass the `connection` explicitly instead.
  warnings.warn(
/home/soundharya/todo/env/lib/python3.10/site-packages/rq/connections.py:58: DeprecationWarning: The `push_connection` function is deprecated. Pass the `connection` explicitly instead.
  warnings.warn(
/home/soundharya/todo/env/lib/python3.10/site-packages/rq/connections.py:72: DeprecationWarning: The `pop_connection` function is deprecated. Pass the `connection` explicitly instead.
  warnings.warn(
/home/soundharya/todo/env/lib/python3.10/site-packages/rq/connections.py:58: DeprecationWarning: The `push_connection` function is deprecated. Pass the `connection` explicitly instead.
  warnings.warn(
/home/soundharya/todo/env/lib/python3.10/site-packages/rq/connections.py:72: DeprecationWarning: The `pop_connection` function is deprecated. Pass the `connection` explicitly instead.
  warnings.warn(
/home/soundharya/todo/env/lib/python3.10/site-packages/rq/connections.py:58: DeprecationWarning: The `push_connection` function is deprecated. Pass the `connection` explicitly instead.
  warnings.warn(
/home/soundharya/todo/env/lib/python3.10/site-packages/rq/connections.py:72: DeprecationWarning: The `pop_connection` function is deprecated. Pass the `connection` explicitly instead.
  warnings.warn(
/home/soundharya/todo/env/lib/python3.10/site-packages/rq/connections.py:58: DeprecationWarning: The `push_connection` function is deprecated. Pass the `connection` explicitly instead.
  warnings.warn(
/home/soundharya/todo/env/lib/python3.10/site-packages/rq/connections.py:72: DeprecationWarning: The `pop_connection` function is deprecated. Pass the `connection` explicitly instead.
  warnings.warn(
/home/soundharya/todo/env/lib/python3.10/site-packages/rq/connections.py:58: DeprecationWarning: The `push_connection` function is deprecated. Pass the `connection` explicitly instead.
  warnings.warn(
/home/soundharya/todo/env/lib/python3.10/site-packages/rq/connections.py:72: DeprecationWarning: The `pop_connection` function is deprecated. Pass the `connection` explicitly instead.
  warnings.warn(
/home/soundharya/todo/env/lib/python3.10/site-packages/rq/connections.py:58: DeprecationWarning: The `push_connection` function is deprecated. Pass the `connection` explicitly instead.
  warnings.warn(
/home/soundharya/todo/env/lib/python3.10/site-packages/rq/connections.py:72: DeprecationWarning: The `pop_connection` function is deprecated. Pass the `connection` explicitly instead.
  warnings.warn(
/home/soundharya/todo/env/lib/python3.10/site-packages/rq/connections.py:58: DeprecationWarning: The `push_connection` function is deprecated. Pass the `connection` explicitly instead.
  warnings.warn(
/home/soundharya/todo/env/lib/python3.10/site-packages/rq/connections.py:72: DeprecationWarning: The `pop_connection` function is deprecated. Pass the `connection` explicitly instead.
  warnings.warn(
/home/soundharya/todo/env/lib/python3.10/site-packages/rq/connections.py:58: DeprecationWarning: The `push_connection` function is deprecated. Pass the `connection` explicitly instead.
  warnings.warn(
/home/soundharya/todo/env/lib/python3.10/site-packages/rq/connections.py:72: DeprecationWarning: The `pop_connection` function is deprecated. Pass the `connection` explicitly instead.
  warnings.warn(
/home/soundharya/todo/env/lib/python3.10/site-packages/rq/connections.py:58: DeprecationWarning: The `push_connection` function is deprecated. Pass the `connection` explicitly instead.
  warnings.warn(
/home/soundharya/todo/env/lib/python3.10/site-packages/rq/connections.py:72: DeprecationWarning: The `pop_connection` function is deprecated. Pass the `connection` explicitly instead.
  warnings.warn(
Exception in thread Thread-1:
Traceback (most recent call last):
  File "/usr/lib/python3.10/threading.py", line 1016, in _bootstrap_inner
    self.run()
  File "/home/soundharya/todo/frappe-bench/env/env/lib/python3.10/site-packages/redis/client.py", line 1799, in run
    pubsub.get_message(ignore_subscribe_messages=True, timeout=sleep_time)
  File "/home/soundharya/todo/frappe-bench/env/env/lib/python3.10/site-packages/redis/client.py", line 1690, in get_message
    response = self.parse_response(block=(timeout is None), timeout=timeout)
  File "/home/soundharya/todo/frappe-bench/env/env/lib/python3.10/site-packages/redis/client.py", line 1542, in parse_response
    response = self._execute(conn, try_read)
  File "/home/soundharya/todo/frappe-bench/env/env/lib/python3.10/site-packages/redis/client.py", line 1518, in _execute
    return conn.retry.call_with_retry(
  File "/home/soundharya/todo/frappe-bench/env/env/lib/python3.10/site-packages/redis/retry.py", line 49, in call_with_retry
    fail(error)
  File "/home/soundharya/todo/frappe-bench/env/env/lib/python3.10/site-packages/redis/client.py", line 1520, in <lambda>
    lambda error: self._disconnect_raise_connect(conn, error),
  File "/home/soundharya/todo/frappe-bench/env/env/lib/python3.10/site-packages/redis/client.py", line 1507, in _disconnect_raise_connect
    raise error
  File "/home/soundharya/todo/frappe-bench/env/env/lib/python3.10/site-packages/redis/retry.py", line 46, in call_with_retry
    return do()
  File "/home/soundharya/todo/frappe-bench/env/env/lib/python3.10/site-packages/redis/client.py", line 1519, in <lambda>
    lambda: command(*args, **kwargs),
  File "/home/soundharya/todo/frappe-bench/env/env/lib/python3.10/site-packages/redis/client.py", line 1536, in try_read
    if not conn.can_read(timeout=timeout):
  File "/home/soundharya/todo/frappe-bench/env/env/lib/python3.10/site-packages/redis/connection.py", line 861, in can_read
    return self._parser.can_read(timeout)
  File "/home/soundharya/todo/frappe-bench/env/env/lib/python3.10/site-packages/redis/connection.py", line 444, in can_read
    return self.read_from_socket(timeout=timeout, raise_on_timeout=False)
  File "/home/soundharya/todo/frappe-bench/env/env/lib/python3.10/site-packages/redis/connection.py", line 455, in read_from_socket
    raise ConnectionError(SERVER_CLOSED_CONNECTION_ERROR)
redis.exceptions.ConnectionError: Connection closed by server.
Traceback (most recent call last):
  File "/home/soundharya/todo/frappe-bench/env/env/lib/python3.10/site-packages/redis/connection.py", line 699, in connect
    sock = self.retry.call_with_retry(
  File "/home/soundharya/todo/frappe-bench/env/env/lib/python3.10/site-packages/redis/retry.py", line 46, in call_with_retry
    return do()
  File "/home/soundharya/todo/frappe-bench/env/env/lib/python3.10/site-packages/redis/connection.py", line 700, in <lambda>
    lambda: self._connect(), lambda error: self.disconnect(error)
  File "/home/soundharya/todo/frappe-bench/env/env/lib/python3.10/site-packages/redis/connection.py", line 1002, in _connect
    raise err
  File "/home/soundharya/todo/frappe-bench/env/env/lib/python3.10/site-packages/redis/connection.py", line 990, in _connect
    sock.connect(socket_address)
ConnectionRefusedError: [Errno 111] Connection refused

During handling of the above exception, another exception occurred:

Traceback (most recent call last):
  File "/usr/lib/python3.10/runpy.py", line 196, in _run_module_as_main
    return _run_code(code, main_globals, None,
  File "/usr/lib/python3.10/runpy.py", line 86, in _run_code
    exec(code, run_globals)
  File "/home/soundharya/todo/frappe-bench/apps/frappe/frappe/utils/bench_helper.py", line 114, in <module>
    main()
  File "/home/soundharya/todo/frappe-bench/apps/frappe/frappe/utils/bench_helper.py", line 20, in main
    click.Group(commands=commands)(prog_name="bench")
  File "/home/soundharya/todo/frappe-bench/env/env/lib/python3.10/site-packages/click/core.py", line 1442, in __call__
    return self.main(*args, **kwargs)
  File "/home/soundharya/todo/frappe-bench/env/env/lib/python3.10/site-packages/click/core.py", line 1363, in main
    rv = self.invoke(ctx)
  File "/home/soundharya/todo/frappe-bench/env/env/lib/python3.10/site-packages/click/core.py", line 1830, in invoke
    return _process_result(sub_ctx.command.invoke(sub_ctx))
  File "/home/soundharya/todo/frappe-bench/env/env/lib/python3.10/site-packages/click/core.py", line 1830, in invoke
    return _process_result(sub_ctx.command.invoke(sub_ctx))
  File "/home/soundharya/todo/frappe-bench/env/env/lib/python3.10/site-packages/click/core.py", line 1226, in invoke
    return ctx.invoke(self.callback, **ctx.params)
  File "/home/soundharya/todo/frappe-bench/env/env/lib/python3.10/site-packages/click/core.py", line 794, in invoke
    return callback(*args, **kwargs)
  File "/home/soundharya/todo/frappe-bench/apps/frappe/frappe/commands/scheduler.py", line 205, in start_worker
    start_worker(
  File "/home/soundharya/todo/frappe-bench/apps/frappe/frappe/utils/background_jobs.py", line 321, in start_worker
    worker.work(
  File "/home/soundharya/todo/frappe-bench/env/env/lib/python3.10/site-packages/rq/worker.py", line 456, in work
    self.teardown()
  File "/home/soundharya/todo/frappe-bench/env/env/lib/python3.10/site-packages/rq/worker.py", line 1047, in teardown
    self.unsubscribe()
  File "/home/soundharya/todo/frappe-bench/env/env/lib/python3.10/site-packages/rq/worker.py", line 624, in unsubscribe
    self.pubsub.unsubscribe()
  File "/home/soundharya/todo/frappe-bench/env/env/lib/python3.10/site-packages/redis/client.py", line 1659, in unsubscribe
    return self.execute_command("UNSUBSCRIBE", *args)
  File "/home/soundharya/todo/frappe-bench/env/env/lib/python3.10/site-packages/redis/client.py", line 1479, in execute_command
    self._execute(connection, connection.send_command, *args, **kwargs)
  File "/home/soundharya/todo/frappe-bench/env/env/lib/python3.10/site-packages/redis/client.py", line 1518, in _execute
    return conn.retry.call_with_retry(
  File "/home/soundharya/todo/frappe-bench/env/env/lib/python3.10/site-packages/redis/retry.py", line 49, in call_with_retry
    fail(error)
  File "/home/soundharya/todo/frappe-bench/env/env/lib/python3.10/site-packages/redis/client.py", line 1520, in <lambda>
    lambda error: self._disconnect_raise_connect(conn, error),
  File "/home/soundharya/todo/frappe-bench/env/env/lib/python3.10/site-packages/redis/client.py", line 1507, in _disconnect_raise_connect
    raise error
  File "/home/soundharya/todo/frappe-bench/env/env/lib/python3.10/site-packages/redis/retry.py", line 46, in call_with_retry
    return do()
  File "/home/soundharya/todo/frappe-bench/env/env/lib/python3.10/site-packages/redis/client.py", line 1519, in <lambda>
    lambda: command(*args, **kwargs),
  File "/home/soundharya/todo/frappe-bench/env/env/lib/python3.10/site-packages/redis/connection.py", line 847, in send_command
    self.send_packed_command(
  File "/home/soundharya/todo/frappe-bench/env/env/lib/python3.10/site-packages/redis/connection.py", line 817, in send_packed_command
    self.connect()
  File "/home/soundharya/todo/frappe-bench/env/env/lib/python3.10/site-packages/redis/connection.py", line 705, in connect
    raise ConnectionError(self._error_message(e))
redis.exceptions.ConnectionError: Error 111 connecting to 127.0.0.1:11000. Connection refused.
