2025-12-31 12:14:20,459 Worker rq:worker:0ad45d344675484894bbe3291239ce32 started with PID 11382, version 1.15.1
2025-12-31 12:14:20,459 Subscribing to channel rq:pubsub:0ad45d344675484894bbe3291239ce32
2025-12-31 12:14:20,460 *** Listening on home-soundharya-todo:short, home-soundharya-todo:default, home-soundharya-todo:long...
2025-12-31 12:14:20,460 Cleaning registries for queue: home-soundharya-todo:short
2025-12-31 12:14:20,461 Cleaning registries for queue: home-soundharya-todo:default
2025-12-31 12:14:20,461 Cleaning registries for queue: home-soundharya-todo:long
2025-12-31 12:16:54,693 Worker 0ad45d344675484894bbe3291239ce32 [PID 11382]: warm shut down requested
2025-12-31 12:16:54,696 Unsubscribing from channel rq:pubsub:0ad45d344675484894bbe3291239ce32
2025-12-31 12:17:36,627 Worker rq:worker:0ed69b5ac3674aad87279e83deacc916 started with PID 11615, version 1.15.1
2025-12-31 12:17:36,627 Subscribing to channel rq:pubsub:0ed69b5ac3674aad87279e83deacc916
2025-12-31 12:17:36,628 *** Listening on home-soundharya-todo:short, home-soundharya-todo:default, home-soundharya-todo:long...
2025-12-31 12:17:36,628 Cleaning registries for queue: home-soundharya-todo:short
2025-12-31 12:17:36,629 Cleaning registries for queue: home-soundharya-todo:default
2025-12-31 12:17:36,629 Cleaning registries for queue: home-soundharya-todo:long
2025-12-31 12:20:37,337 home-soundharya-todo:default: frappe.utils.background_jobs.execute_job(event=None, is_async=True, job_name='frappe.core.doctype.user.user.create_contact', kwargs={'user': <User: renugasoundharya@gmail.com>, 'ignore_mandatory': True}, method='frappe.core.doctype.user.user.create_contact', site='todo.local', user='Administrator') (todo.local::9a7bdfc3-4d2d-4dc5-a7d2-2e105549f58e)
2025-12-31 12:20:38,852 home-soundharya-todo:default: Job OK (todo.local::9a7bdfc3-4d2d-4dc5-a7d2-2e105549f58e)
2025-12-31 12:20:38,852 Result is kept for 600 seconds
2025-12-31 12:20:38,856 home-soundharya-todo:default: frappe.utils.background_jobs.execute_job(event=None, is_async=True, job_name='frappe.core.doctype.user.user.update_gravatar', kwargs={'name': 'renugasoundharya@gmail.com'}, method='frappe.core.doctype.user.user.update_gravatar', site='todo.local', user='Administrator') (todo.local::1468a18a-b2e5-4738-8a90-9f8166e28736)
2025-12-31 12:20:39,116 home-soundharya-todo:default: Job OK (todo.local::1468a18a-b2e5-4738-8a90-9f8166e28736)
2025-12-31 12:20:39,117 Result is kept for 600 seconds
2025-12-31 12:20:39,125 home-soundharya-todo:default: frappe.utils.background_jobs.execute_job(event=None, is_async=True, job_name='frappe.core.doctype.scheduled_job_type.scheduled_job_type.run_scheduled_jo..., kwargs={'job_type': 'frappe.search.sqlite_search.build_index_if_not_exists'}, method='frappe.core.doctype.scheduled_job_type.scheduled_job_type.run_scheduled_jo..., site='todo.local', user='Administrator') (todo.local::scheduled_job::frappe.search.sqlite_search.build_index_if_not_exists)
2025-12-31 12:20:39,354 home-soundharya-todo:default: Job OK (todo.local::scheduled_job::frappe.search.sqlite_search.build_index_if_not_exists)
2025-12-31 12:20:39,354 Result is kept for 600 seconds
2025-12-31 12:20:39,358 home-soundharya-todo:default: frappe.utils.background_jobs.execute_job(event=None, is_async=True, job_name='frappe.core.doctype.scheduled_job_type.scheduled_job_type.run_scheduled_jo..., kwargs={'job_type': 'frappe.email.queue.retry_sending_emails'}, method='frappe.core.doctype.scheduled_job_type.scheduled_job_type.run_scheduled_jo..., site='todo.local', user='Administrator') (todo.local::scheduled_job::frappe.email.queue.retry_sending_emails)
2025-12-31 12:20:39,563 home-soundharya-todo:default: Job OK (todo.local::scheduled_job::frappe.email.queue.retry_sending_emails)
2025-12-31 12:20:39,563 Result is kept for 600 seconds
2025-12-31 12:20:39,567 home-soundharya-todo:default: frappe.utils.background_jobs.execute_job(event=None, is_async=True, job_name='frappe.core.doctype.scheduled_job_type.scheduled_job_type.run_scheduled_jo..., kwargs={'job_type': 'frappe.utils.global_search.sync_global_search'}, method='frappe.core.doctype.scheduled_job_type.scheduled_job_type.run_scheduled_jo..., site='todo.local', user='Administrator') (todo.local::scheduled_job::frappe.utils.global_search.sync_global_search)
2025-12-31 12:20:39,785 home-soundharya-todo:default: Job OK (todo.local::scheduled_job::frappe.utils.global_search.sync_global_search)
2025-12-31 12:20:39,785 Result is kept for 600 seconds
2025-12-31 12:20:39,789 home-soundharya-todo:default: frappe.utils.background_jobs.execute_job(event=None, is_async=True, job_name='frappe.core.doctype.scheduled_job_type.scheduled_job_type.run_scheduled_jo..., kwargs={'job_type': 'frappe.email.doctype.email_account.email_account.notify_unrep..., method='frappe.core.doctype.scheduled_job_type.scheduled_job_type.run_scheduled_jo..., site='todo.local', user='Administrator') (todo.local::scheduled_job::frappe.email.doctype.email_account.email_account.notify_unreplied)
2025-12-31 12:20:40,068 home-soundharya-todo:default: Job OK (todo.local::scheduled_job::frappe.email.doctype.email_account.email_account.notify_unreplied)
2025-12-31 12:20:40,068 Result is kept for 600 seconds
2025-12-31 12:20:40,073 home-soundharya-todo:default: frappe.utils.background_jobs.execute_job(event=None, is_async=True, job_name='frappe.core.doctype.scheduled_job_type.scheduled_job_type.run_scheduled_jo..., kwargs={'job_type': 'frappe.email.queue.flush'}, method='frappe.core.doctype.scheduled_job_type.scheduled_job_type.run_scheduled_jo..., site='todo.local', user='Administrator') (todo.local::scheduled_job::frappe.email.queue.flush)
2025-12-31 12:20:40,373 home-soundharya-todo:default: Job OK (todo.local::scheduled_job::frappe.email.queue.flush)
2025-12-31 12:20:40,373 Result is kept for 600 seconds
2025-12-31 12:20:40,378 home-soundharya-todo:default: frappe.utils.background_jobs.execute_job(event=None, is_async=True, job_name='frappe.core.doctype.scheduled_job_type.scheduled_job_type.run_scheduled_jo..., kwargs={'job_type': 'frappe.email.doctype.newsletter.newsletter.send_scheduled_ema..., method='frappe.core.doctype.scheduled_job_type.scheduled_job_type.run_scheduled_jo..., site='todo.local', user='Administrator') (todo.local::scheduled_job::frappe.email.doctype.newsletter.newsletter.send_scheduled_email)
2025-12-31 12:20:40,660 home-soundharya-todo:default: Job OK (todo.local::scheduled_job::frappe.email.doctype.newsletter.newsletter.send_scheduled_email)
2025-12-31 12:20:40,660 Result is kept for 600 seconds
2025-12-31 12:20:40,666 home-soundharya-todo:default: frappe.utils.background_jobs.execute_job(event=None, is_async=True, job_name='frappe.core.doctype.scheduled_job_type.scheduled_job_type.run_scheduled_jo..., kwargs={'job_type': 'frappe.pulse.client.send_queued_events'}, method='frappe.core.doctype.scheduled_job_type.scheduled_job_type.run_scheduled_jo..., site='todo.local', user='Administrator') (todo.local::scheduled_job::frappe.pulse.client.send_queued_events)
2025-12-31 12:20:40,977 home-soundharya-todo:default: Job OK (todo.local::scheduled_job::frappe.pulse.client.send_queued_events)
2025-12-31 12:20:40,977 Result is kept for 600 seconds
2025-12-31 12:20:40,982 home-soundharya-todo:default: frappe.utils.background_jobs.execute_job(event=None, is_async=True, job_name='frappe.core.doctype.scheduled_job_type.scheduled_job_type.run_scheduled_jo..., kwargs={'job_type': 'frappe.email.doctype.email_account.email_account.pull'}, method='frappe.core.doctype.scheduled_job_type.scheduled_job_type.run_scheduled_jo..., site='todo.local', user='Administrator') (todo.local::scheduled_job::frappe.email.doctype.email_account.email_account.pull)
2025-12-31 12:20:41,248 home-soundharya-todo:default: Job OK (todo.local::scheduled_job::frappe.email.doctype.email_account.email_account.pull)
2025-12-31 12:20:41,248 Result is kept for 600 seconds
2025-12-31 12:20:41,251 home-soundharya-todo:default: frappe.utils.background_jobs.execute_job(event=None, is_async=True, job_name='frappe.core.doctype.scheduled_job_type.scheduled_job_type.run_scheduled_jo..., kwargs={'job_type': 'frappe.model.utils.link_count.update_link_count'}, method='frappe.core.doctype.scheduled_job_type.scheduled_job_type.run_scheduled_jo..., site='todo.local', user='Administrator') (todo.local::scheduled_job::frappe.model.utils.link_count.update_link_count)
2025-12-31 12:20:41,462 home-soundharya-todo:default: Job OK (todo.local::scheduled_job::frappe.model.utils.link_count.update_link_count)
2025-12-31 12:20:41,462 Result is kept for 600 seconds
2025-12-31 12:20:41,466 home-soundharya-todo:default: frappe.utils.background_jobs.execute_job(event=None, is_async=True, job_name='frappe.core.doctype.scheduled_job_type.scheduled_job_type.run_scheduled_jo..., kwargs={'job_type': 'frappe.integrations.doctype.google_calendar.google_calendar.s..., method='frappe.core.doctype.scheduled_job_type.scheduled_job_type.run_scheduled_jo..., site='todo.local', user='Administrator') (todo.local::scheduled_job::frappe.integrations.doctype.google_calendar.google_calendar.sync)
2025-12-31 12:20:41,749 home-soundharya-todo:default: Job OK (todo.local::scheduled_job::frappe.integrations.doctype.google_calendar.google_calendar.sync)
2025-12-31 12:20:41,749 Result is kept for 600 seconds
2025-12-31 12:20:41,753 home-soundharya-todo:default: frappe.utils.background_jobs.execute_job(event=None, is_async=True, job_name='frappe.core.doctype.scheduled_job_type.scheduled_job_type.run_scheduled_jo..., kwargs={'job_type': 'frappe.automation.doctype.reminder.reminder.send_reminders'}, method='frappe.core.doctype.scheduled_job_type.scheduled_job_type.run_scheduled_jo..., site='todo.local', user='Administrator') (todo.local::scheduled_job::frappe.automation.doctype.reminder.reminder.send_reminders)
2025-12-31 12:20:42,000 home-soundharya-todo:default: Job OK (todo.local::scheduled_job::frappe.automation.doctype.reminder.reminder.send_reminders)
2025-12-31 12:20:42,001 Result is kept for 600 seconds
2025-12-31 12:20:42,005 home-soundharya-todo:default: frappe.utils.background_jobs.execute_job(event=None, is_async=True, job_name='frappe.core.doctype.scheduled_job_type.scheduled_job_type.run_scheduled_jo..., kwargs={'job_type': 'frappe.deferred_insert.save_to_db'}, method='frappe.core.doctype.scheduled_job_type.scheduled_job_type.run_scheduled_jo..., site='todo.local', user='Administrator') (todo.local::scheduled_job::frappe.deferred_insert.save_to_db)
2025-12-31 12:20:42,241 home-soundharya-todo:default: Job OK (todo.local::scheduled_job::frappe.deferred_insert.save_to_db)
2025-12-31 12:20:42,241 Result is kept for 600 seconds
2025-12-31 12:20:42,245 home-soundharya-todo:default: frappe.utils.background_jobs.execute_job(event=None, is_async=True, job_name='frappe.core.doctype.scheduled_job_type.scheduled_job_type.run_scheduled_jo..., kwargs={'job_type': 'frappe.monitor.flush'}, method='frappe.core.doctype.scheduled_job_type.scheduled_job_type.run_scheduled_jo..., site='todo.local', user='Administrator') (todo.local::scheduled_job::frappe.monitor.flush)
2025-12-31 12:20:42,431 home-soundharya-todo:default: Job OK (todo.local::scheduled_job::frappe.monitor.flush)
2025-12-31 12:20:42,431 Result is kept for 600 seconds
2025-12-31 12:20:42,435 home-soundharya-todo:long: frappe.utils.background_jobs.execute_job(event=None, is_async=True, job_name='frappe.core.doctype.scheduled_job_type.scheduled_job_type.run_scheduled_jo..., kwargs={'job_type': 'frappe.model.utils.user_settings.sync_user_settings'}, method='frappe.core.doctype.scheduled_job_type.scheduled_job_type.run_scheduled_jo..., site='todo.local', user='Administrator') (todo.local::scheduled_job::frappe.model.utils.user_settings.sync_user_settings)
2025-12-31 12:20:42,638 home-soundharya-todo:long: Job OK (todo.local::scheduled_job::frappe.model.utils.user_settings.sync_user_settings)
2025-12-31 12:20:42,638 Result is kept for 600 seconds
2025-12-31 12:20:42,641 home-soundharya-todo:long: frappe.utils.background_jobs.execute_job(event=None, is_async=True, job_name='frappe.core.doctype.scheduled_job_type.scheduled_job_type.run_scheduled_jo..., kwargs={'job_type': 'frappe.website.doctype.personal_data_deletion_request.persona..., method='frappe.core.doctype.scheduled_job_type.scheduled_job_type.run_scheduled_jo..., site='todo.local', user='Administrator') (todo.local::scheduled_job::frappe.website.doctype.personal_data_deletion_request.personal_data_deletion_request.process_data_deletion_request)
2025-12-31 12:20:42,874 home-soundharya-todo:long: Job OK (todo.local::scheduled_job::frappe.website.doctype.personal_data_deletion_request.personal_data_deletion_request.process_data_deletion_request)
2025-12-31 12:20:42,874 Result is kept for 600 seconds
2025-12-31 12:20:42,878 home-soundharya-todo:long: frappe.utils.background_jobs.execute_job(event=None, is_async=True, job_name='frappe.core.doctype.scheduled_job_type.scheduled_job_type.run_scheduled_jo..., kwargs={'job_type': 'frappe.website.doctype.web_page.web_page.check_publish_status..., method='frappe.core.doctype.scheduled_job_type.scheduled_job_type.run_scheduled_jo..., site='todo.local', user='Administrator') (todo.local::scheduled_job::frappe.website.doctype.web_page.web_page.check_publish_status)
2025-12-31 12:20:43,100 home-soundharya-todo:long: Job OK (todo.local::scheduled_job::frappe.website.doctype.web_page.web_page.check_publish_status)
2025-12-31 12:20:43,100 Result is kept for 600 seconds
2025-12-31 12:20:43,104 home-soundharya-todo:long: frappe.utils.background_jobs.execute_job(event=None, is_async=True, job_name='frappe.core.doctype.scheduled_job_type.scheduled_job_type.run_scheduled_jo..., kwargs={'job_type': 'frappe.twofactor.delete_all_barcodes_for_users'}, method='frappe.core.doctype.scheduled_job_type.scheduled_job_type.run_scheduled_jo..., site='todo.local', user='Administrator') (todo.local::scheduled_job::frappe.twofactor.delete_all_barcodes_for_users)
2025-12-31 12:20:43,337 home-soundharya-todo:long: Job OK (todo.local::scheduled_job::frappe.twofactor.delete_all_barcodes_for_users)
2025-12-31 12:20:43,337 Result is kept for 600 seconds
2025-12-31 12:20:43,340 home-soundharya-todo:long: frappe.utils.background_jobs.execute_job(event=None, is_async=True, job_name='frappe.core.doctype.scheduled_job_type.scheduled_job_type.run_scheduled_jo..., kwargs={'job_type': 'frappe.oauth.delete_oauth2_data'}, method='frappe.core.doctype.scheduled_job_type.scheduled_job_type.run_scheduled_jo..., site='todo.local', user='Administrator') (todo.local::scheduled_job::frappe.oauth.delete_oauth2_data)
2025-12-31 12:20:43,558 home-soundharya-todo:long: Job OK (todo.local::scheduled_job::frappe.oauth.delete_oauth2_data)
2025-12-31 12:20:43,558 Result is kept for 600 seconds
2025-12-31 12:20:43,562 home-soundharya-todo:long: frappe.utils.background_jobs.execute_job(event=None, is_async=True, job_name='frappe.core.doctype.scheduled_job_type.scheduled_job_type.run_scheduled_jo..., kwargs={'job_type': 'frappe.desk.page.backups.backups.delete_downloadable_backups'..., method='frappe.core.doctype.scheduled_job_type.scheduled_job_type.run_scheduled_jo..., site='todo.local', user='Administrator') (todo.local::scheduled_job::frappe.desk.page.backups.backups.delete_downloadable_backups)
2025-12-31 12:20:43,772 home-soundharya-todo:long: Job OK (todo.local::scheduled_job::frappe.desk.page.backups.backups.delete_downloadable_backups)
2025-12-31 12:20:43,772 Result is kept for 600 seconds
2025-12-31 12:20:43,776 home-soundharya-todo:long: frappe.utils.background_jobs.execute_job(event=None, is_async=True, job_name='frappe.core.doctype.scheduled_job_type.scheduled_job_type.run_scheduled_jo..., kwargs={'job_type': 'frappe.core.doctype.prepared_report.prepared_report.expire_st..., method='frappe.core.doctype.scheduled_job_type.scheduled_job_type.run_scheduled_jo..., site='todo.local', user='Administrator') (todo.local::scheduled_job::frappe.core.doctype.prepared_report.prepared_report.expire_stalled_report)
2025-12-31 12:20:43,989 home-soundharya-todo:long: Job OK (todo.local::scheduled_job::frappe.core.doctype.prepared_report.prepared_report.expire_stalled_report)
2025-12-31 12:20:43,989 Result is kept for 600 seconds
2025-12-31 12:20:43,992 home-soundharya-todo:long: frappe.utils.background_jobs.execute_job(event=None, is_async=True, job_name='frappe.core.doctype.scheduled_job_type.scheduled_job_type.run_scheduled_jo..., kwargs={'job_type': 'frappe.desk.form.document_follow.send_hourly_updates'}, method='frappe.core.doctype.scheduled_job_type.scheduled_job_type.run_scheduled_jo..., site='todo.local', user='Administrator') (todo.local::scheduled_job::frappe.desk.form.document_follow.send_hourly_updates)
2025-12-31 12:20:44,216 home-soundharya-todo:long: Job OK (todo.local::scheduled_job::frappe.desk.form.document_follow.send_hourly_updates)
2025-12-31 12:20:44,216 Result is kept for 600 seconds
2025-12-31 12:20:44,221 home-soundharya-todo:long: frappe.utils.background_jobs.execute_job(event=None, is_async=True, job_name='frappe.core.doctype.scheduled_job_type.scheduled_job_type.run_scheduled_jo..., kwargs={'job_type': 'frappe.desk.utils.delete_old_exported_report_files'}, method='frappe.core.doctype.scheduled_job_type.scheduled_job_type.run_scheduled_jo..., site='todo.local', user='Administrator') (todo.local::scheduled_job::frappe.desk.utils.delete_old_exported_report_files)
2025-12-31 12:20:44,459 home-soundharya-todo:long: Job OK (todo.local::scheduled_job::frappe.desk.utils.delete_old_exported_report_files)
2025-12-31 12:20:44,459 Result is kept for 600 seconds
2025-12-31 12:24:38,191 home-soundharya-todo:default: frappe.utils.background_jobs.execute_job(event=None, is_async=True, job_name='frappe.core.doctype.scheduled_job_type.scheduled_job_type.run_scheduled_jo..., kwargs={'job_type': 'frappe.integrations.doctype.google_calendar.google_calendar.s..., method='frappe.core.doctype.scheduled_job_type.scheduled_job_type.run_scheduled_jo..., site='todo.local', user='Administrator') (todo.local::scheduled_job::frappe.integrations.doctype.google_calendar.google_calendar.sync)
2025-12-31 12:24:38,465 home-soundharya-todo:default: Job OK (todo.local::scheduled_job::frappe.integrations.doctype.google_calendar.google_calendar.sync)
2025-12-31 12:24:38,466 Result is kept for 600 seconds
2025-12-31 12:24:38,470 home-soundharya-todo:default: frappe.utils.background_jobs.execute_job(event=None, is_async=True, job_name='frappe.core.doctype.scheduled_job_type.scheduled_job_type.run_scheduled_jo..., kwargs={'job_type': 'frappe.email.queue.flush'}, method='frappe.core.doctype.scheduled_job_type.scheduled_job_type.run_scheduled_jo..., site='todo.local', user='Administrator') (todo.local::scheduled_job::frappe.email.queue.flush)
2025-12-31 12:24:38,710 home-soundharya-todo:default: Job OK (todo.local::scheduled_job::frappe.email.queue.flush)
2025-12-31 12:24:38,710 Result is kept for 600 seconds
2025-12-31 12:24:38,715 home-soundharya-todo:default: frappe.utils.background_jobs.execute_job(event=None, is_async=True, job_name='frappe.core.doctype.scheduled_job_type.scheduled_job_type.run_scheduled_jo..., kwargs={'job_type': 'frappe.email.queue.retry_sending_emails'}, method='frappe.core.doctype.scheduled_job_type.scheduled_job_type.run_scheduled_jo..., site='todo.local', user='Administrator') (todo.local::scheduled_job::frappe.email.queue.retry_sending_emails)
2025-12-31 12:24:38,907 home-soundharya-todo:default: Job OK (todo.local::scheduled_job::frappe.email.queue.retry_sending_emails)
2025-12-31 12:24:38,908 Result is kept for 600 seconds
2025-12-31 12:24:38,911 home-soundharya-todo:default: frappe.utils.background_jobs.execute_job(event=None, is_async=True, job_name='frappe.core.doctype.scheduled_job_type.scheduled_job_type.run_scheduled_jo..., kwargs={'job_type': 'frappe.monitor.flush'}, method='frappe.core.doctype.scheduled_job_type.scheduled_job_type.run_scheduled_jo..., site='todo.local', user='Administrator') (todo.local::scheduled_job::frappe.monitor.flush)
2025-12-31 12:24:39,098 home-soundharya-todo:default: Job OK (todo.local::scheduled_job::frappe.monitor.flush)
2025-12-31 12:24:39,098 Result is kept for 600 seconds
2025-12-31 12:28:38,743 home-soundharya-todo:default: frappe.utils.background_jobs.execute_job(event=None, is_async=True, job_name='frappe.core.doctype.scheduled_job_type.scheduled_job_type.run_scheduled_jo..., kwargs={'job_type': 'frappe.integrations.doctype.google_calendar.google_calendar.s..., method='frappe.core.doctype.scheduled_job_type.scheduled_job_type.run_scheduled_jo..., site='todo.local', user='Administrator') (todo.local::scheduled_job::frappe.integrations.doctype.google_calendar.google_calendar.sync)
2025-12-31 12:28:38,997 home-soundharya-todo:default: Job OK (todo.local::scheduled_job::frappe.integrations.doctype.google_calendar.google_calendar.sync)
2025-12-31 12:28:38,997 Result is kept for 600 seconds
2025-12-31 12:28:39,002 home-soundharya-todo:default: frappe.utils.background_jobs.execute_job(event=None, is_async=True, job_name='frappe.core.doctype.scheduled_job_type.scheduled_job_type.run_scheduled_jo..., kwargs={'job_type': 'frappe.email.queue.retry_sending_emails'}, method='frappe.core.doctype.scheduled_job_type.scheduled_job_type.run_scheduled_jo..., site='todo.local', user='Administrator') (todo.local::scheduled_job::frappe.email.queue.retry_sending_emails)
2025-12-31 12:28:39,182 home-soundharya-todo:default: Job OK (todo.local::scheduled_job::frappe.email.queue.retry_sending_emails)
2025-12-31 12:28:39,183 Result is kept for 600 seconds
2025-12-31 12:28:39,187 home-soundharya-todo:default: frappe.utils.background_jobs.execute_job(event=None, is_async=True, job_name='frappe.core.doctype.scheduled_job_type.scheduled_job_type.run_scheduled_jo..., kwargs={'job_type': 'frappe.email.queue.flush'}, method='frappe.core.doctype.scheduled_job_type.scheduled_job_type.run_scheduled_jo..., site='todo.local', user='Administrator') (todo.local::scheduled_job::frappe.email.queue.flush)
2025-12-31 12:28:39,413 home-soundharya-todo:default: Job OK (todo.local::scheduled_job::frappe.email.queue.flush)
2025-12-31 12:28:39,413 Result is kept for 600 seconds
2025-12-31 12:28:39,417 home-soundharya-todo:default: frappe.utils.background_jobs.execute_job(event=None, is_async=True, job_name='frappe.core.doctype.scheduled_job_type.scheduled_job_type.run_scheduled_jo..., kwargs={'job_type': 'frappe.monitor.flush'}, method='frappe.core.doctype.scheduled_job_type.scheduled_job_type.run_scheduled_jo..., site='todo.local', user='Administrator') (todo.local::scheduled_job::frappe.monitor.flush)
2025-12-31 12:28:39,590 home-soundharya-todo:default: Job OK (todo.local::scheduled_job::frappe.monitor.flush)
2025-12-31 12:28:39,591 Result is kept for 600 seconds
2025-12-31 12:30:39,038 home-soundharya-todo:default: frappe.utils.background_jobs.execute_job(event=None, is_async=True, job_name='frappe.core.doctype.scheduled_job_type.scheduled_job_type.run_scheduled_jo..., kwargs={'job_type': 'frappe.model.utils.link_count.update_link_count'}, method='frappe.core.doctype.scheduled_job_type.scheduled_job_type.run_scheduled_jo..., site='todo.local', user='Administrator') (todo.local::scheduled_job::frappe.model.utils.link_count.update_link_count)
2025-12-31 12:30:39,280 home-soundharya-todo:default: Job OK (todo.local::scheduled_job::frappe.model.utils.link_count.update_link_count)
2025-12-31 12:30:39,280 Result is kept for 600 seconds
2025-12-31 12:30:39,285 home-soundharya-todo:default: frappe.utils.background_jobs.execute_job(event=None, is_async=True, job_name='frappe.core.doctype.scheduled_job_type.scheduled_job_type.run_scheduled_jo..., kwargs={'job_type': 'frappe.automation.doctype.reminder.reminder.send_reminders'}, method='frappe.core.doctype.scheduled_job_type.scheduled_job_type.run_scheduled_jo..., site='todo.local', user='Administrator') (todo.local::scheduled_job::frappe.automation.doctype.reminder.reminder.send_reminders)
2025-12-31 12:30:39,517 home-soundharya-todo:default: Job OK (todo.local::scheduled_job::frappe.automation.doctype.reminder.reminder.send_reminders)
2025-12-31 12:30:39,517 Result is kept for 600 seconds
2025-12-31 12:30:39,521 home-soundharya-todo:default: frappe.utils.background_jobs.execute_job(event=None, is_async=True, job_name='frappe.core.doctype.scheduled_job_type.scheduled_job_type.run_scheduled_jo..., kwargs={'job_type': 'frappe.email.doctype.email_account.email_account.notify_unrep..., method='frappe.core.doctype.scheduled_job_type.scheduled_job_type.run_scheduled_jo..., site='todo.local', user='Administrator') (todo.local::scheduled_job::frappe.email.doctype.email_account.email_account.notify_unreplied)
2025-12-31 12:30:39,763 home-soundharya-todo:default: Job OK (todo.local::scheduled_job::frappe.email.doctype.email_account.email_account.notify_unreplied)
2025-12-31 12:30:39,763 Result is kept for 600 seconds
2025-12-31 12:30:39,767 home-soundharya-todo:default: frappe.utils.background_jobs.execute_job(event=None, is_async=True, job_name='frappe.core.doctype.scheduled_job_type.scheduled_job_type.run_scheduled_jo..., kwargs={'job_type': 'frappe.utils.global_search.sync_global_search'}, method='frappe.core.doctype.scheduled_job_type.scheduled_job_type.run_scheduled_jo..., site='todo.local', user='Administrator') (todo.local::scheduled_job::frappe.utils.global_search.sync_global_search)
2025-12-31 12:30:39,989 home-soundharya-todo:default: Job OK (todo.local::scheduled_job::frappe.utils.global_search.sync_global_search)
2025-12-31 12:30:39,989 Result is kept for 600 seconds
2025-12-31 12:30:39,994 home-soundharya-todo:default: frappe.utils.background_jobs.execute_job(event=None, is_async=True, job_name='frappe.core.doctype.scheduled_job_type.scheduled_job_type.run_scheduled_jo..., kwargs={'job_type': 'frappe.pulse.client.send_queued_events'}, method='frappe.core.doctype.scheduled_job_type.scheduled_job_type.run_scheduled_jo..., site='todo.local', user='Administrator') (todo.local::scheduled_job::frappe.pulse.client.send_queued_events)
2025-12-31 12:30:40,221 home-soundharya-todo:default: Job OK (todo.local::scheduled_job::frappe.pulse.client.send_queued_events)
2025-12-31 12:30:40,221 Result is kept for 600 seconds
2025-12-31 12:30:40,224 home-soundharya-todo:default: frappe.utils.background_jobs.execute_job(event=None, is_async=True, job_name='frappe.core.doctype.scheduled_job_type.scheduled_job_type.run_scheduled_jo..., kwargs={'job_type': 'frappe.email.doctype.email_account.email_account.pull'}, method='frappe.core.doctype.scheduled_job_type.scheduled_job_type.run_scheduled_jo..., site='todo.local', user='Administrator') (todo.local::scheduled_job::frappe.email.doctype.email_account.email_account.pull)
2025-12-31 12:30:40,464 home-soundharya-todo:default: Job OK (todo.local::scheduled_job::frappe.email.doctype.email_account.email_account.pull)
2025-12-31 12:30:40,464 Result is kept for 600 seconds
2025-12-31 12:30:40,468 home-soundharya-todo:default: frappe.utils.background_jobs.execute_job(event=None, is_async=True, job_name='frappe.core.doctype.scheduled_job_type.scheduled_job_type.run_scheduled_jo..., kwargs={'job_type': 'frappe.deferred_insert.save_to_db'}, method='frappe.core.doctype.scheduled_job_type.scheduled_job_type.run_scheduled_jo..., site='todo.local', user='Administrator') (todo.local::scheduled_job::frappe.deferred_insert.save_to_db)
2025-12-31 12:30:40,723 home-soundharya-todo:default: Job OK (todo.local::scheduled_job::frappe.deferred_insert.save_to_db)
2025-12-31 12:30:40,723 Result is kept for 600 seconds
2025-12-31 12:31:39,219 home-soundharya-todo:default: frappe.utils.background_jobs.execute_job(event=None, is_async=True, job_name='frappe.core.doctype.scheduled_job_type.scheduled_job_type.run_scheduled_jo..., kwargs={'job_type': 'frappe.search.sqlite_search.build_index_if_not_exists'}, method='frappe.core.doctype.scheduled_job_type.scheduled_job_type.run_scheduled_jo..., site='todo.local', user='Administrator') (todo.local::scheduled_job::frappe.search.sqlite_search.build_index_if_not_exists)
2025-12-31 12:31:39,480 home-soundharya-todo:default: Job OK (todo.local::scheduled_job::frappe.search.sqlite_search.build_index_if_not_exists)
2025-12-31 12:31:39,480 Result is kept for 600 seconds
2025-12-31 12:32:39,367 home-soundharya-todo:default: frappe.utils.background_jobs.execute_job(event=None, is_async=True, job_name='frappe.core.doctype.scheduled_job_type.scheduled_job_type.run_scheduled_jo..., kwargs={'job_type': 'frappe.monitor.flush'}, method='frappe.core.doctype.scheduled_job_type.scheduled_job_type.run_scheduled_jo..., site='todo.local', user='Administrator') (todo.local::scheduled_job::frappe.monitor.flush)
2025-12-31 12:32:39,578 home-soundharya-todo:default: Job OK (todo.local::scheduled_job::frappe.monitor.flush)
2025-12-31 12:32:39,579 Result is kept for 600 seconds
2025-12-31 12:32:39,585 home-soundharya-todo:default: frappe.utils.background_jobs.execute_job(event=None, is_async=True, job_name='frappe.core.doctype.scheduled_job_type.scheduled_job_type.run_scheduled_jo..., kwargs={'job_type': 'frappe.integrations.doctype.google_calendar.google_calendar.s..., method='frappe.core.doctype.scheduled_job_type.scheduled_job_type.run_scheduled_jo..., site='todo.local', user='Administrator') (todo.local::scheduled_job::frappe.integrations.doctype.google_calendar.google_calendar.sync)
2025-12-31 12:32:39,838 home-soundharya-todo:default: Job OK (todo.local::scheduled_job::frappe.integrations.doctype.google_calendar.google_calendar.sync)
2025-12-31 12:32:39,838 Result is kept for 600 seconds
2025-12-31 12:32:39,842 home-soundharya-todo:default: frappe.utils.background_jobs.execute_job(event=None, is_async=True, job_name='frappe.core.doctype.scheduled_job_type.scheduled_job_type.run_scheduled_jo..., kwargs={'job_type': 'frappe.email.queue.retry_sending_emails'}, method='frappe.core.doctype.scheduled_job_type.scheduled_job_type.run_scheduled_jo..., site='todo.local', user='Administrator') (todo.local::scheduled_job::frappe.email.queue.retry_sending_emails)
2025-12-31 12:32:40,026 home-soundharya-todo:default: Job OK (todo.local::scheduled_job::frappe.email.queue.retry_sending_emails)
2025-12-31 12:32:40,026 Result is kept for 600 seconds
2025-12-31 12:32:40,030 home-soundharya-todo:default: frappe.utils.background_jobs.execute_job(event=None, is_async=True, job_name='frappe.core.doctype.scheduled_job_type.scheduled_job_type.run_scheduled_jo..., kwargs={'job_type': 'frappe.email.queue.flush'}, method='frappe.core.doctype.scheduled_job_type.scheduled_job_type.run_scheduled_jo..., site='todo.local', user='Administrator') (todo.local::scheduled_job::frappe.email.queue.flush)
2025-12-31 12:32:40,261 home-soundharya-todo:default: Job OK (todo.local::scheduled_job::frappe.email.queue.flush)
2025-12-31 12:32:40,261 Result is kept for 600 seconds
2025-12-31 12:36:39,971 home-soundharya-todo:default: frappe.utils.background_jobs.execute_job(event=None, is_async=True, job_name='frappe.core.doctype.scheduled_job_type.scheduled_job_type.run_scheduled_jo..., kwargs={'job_type': 'frappe.email.queue.flush'}, method='frappe.core.doctype.scheduled_job_type.scheduled_job_type.run_scheduled_jo..., site='todo.local', user='Administrator') (todo.local::scheduled_job::frappe.email.queue.flush)
2025-12-31 12:36:40,219 home-soundharya-todo:default: Job OK (todo.local::scheduled_job::frappe.email.queue.flush)
2025-12-31 12:36:40,219 Result is kept for 600 seconds
2025-12-31 12:36:40,223 home-soundharya-todo:default: frappe.utils.background_jobs.execute_job(event=None, is_async=True, job_name='frappe.core.doctype.scheduled_job_type.scheduled_job_type.run_scheduled_jo..., kwargs={'job_type': 'frappe.email.queue.retry_sending_emails'}, method='frappe.core.doctype.scheduled_job_type.scheduled_job_type.run_scheduled_jo..., site='todo.local', user='Administrator') (todo.local::scheduled_job::frappe.email.queue.retry_sending_emails)
2025-12-31 12:36:40,419 home-soundharya-todo:default: Job OK (todo.local::scheduled_job::frappe.email.queue.retry_sending_emails)
2025-12-31 12:36:40,419 Result is kept for 600 seconds
2025-12-31 12:36:40,423 home-soundharya-todo:default: frappe.utils.background_jobs.execute_job(event=None, is_async=True, job_name='frappe.core.doctype.scheduled_job_type.scheduled_job_type.run_scheduled_jo..., kwargs={'job_type': 'frappe.integrations.doctype.google_calendar.google_calendar.s..., method='frappe.core.doctype.scheduled_job_type.scheduled_job_type.run_scheduled_jo..., site='todo.local', user='Administrator') (todo.local::scheduled_job::frappe.integrations.doctype.google_calendar.google_calendar.sync)
2025-12-31 12:36:40,705 home-soundharya-todo:default: Job OK (todo.local::scheduled_job::frappe.integrations.doctype.google_calendar.google_calendar.sync)
2025-12-31 12:36:40,705 Result is kept for 600 seconds
2025-12-31 12:36:40,709 home-soundharya-todo:default: frappe.utils.background_jobs.execute_job(event=None, is_async=True, job_name='frappe.core.doctype.scheduled_job_type.scheduled_job_type.run_scheduled_jo..., kwargs={'job_type': 'frappe.monitor.flush'}, method='frappe.core.doctype.scheduled_job_type.scheduled_job_type.run_scheduled_jo..., site='todo.local', user='Administrator') (todo.local::scheduled_job::frappe.monitor.flush)
2025-12-31 12:36:40,897 home-soundharya-todo:default: Job OK (todo.local::scheduled_job::frappe.monitor.flush)
2025-12-31 12:36:40,897 Result is kept for 600 seconds
2025-12-31 12:40:40,530 home-soundharya-todo:default: frappe.utils.background_jobs.execute_job(event=None, is_async=True, job_name='frappe.core.doctype.scheduled_job_type.scheduled_job_type.run_scheduled_jo..., kwargs={'job_type': 'frappe.monitor.flush'}, method='frappe.core.doctype.scheduled_job_type.scheduled_job_type.run_scheduled_jo..., site='todo.local', user='Administrator') (todo.local::scheduled_job::frappe.monitor.flush)
2025-12-31 12:40:40,741 home-soundharya-todo:default: Job OK (todo.local::scheduled_job::frappe.monitor.flush)
2025-12-31 12:40:40,741 Result is kept for 600 seconds
2025-12-31 12:40:40,747 Cleaning registries for queue: home-soundharya-todo:short
2025-12-31 12:40:40,747 Cleaning registries for queue: home-soundharya-todo:default
2025-12-31 12:40:40,748 Cleaning registries for queue: home-soundharya-todo:long
2025-12-31 12:40:40,749 home-soundharya-todo:default: frappe.utils.background_jobs.execute_job(event=None, is_async=True, job_name='frappe.core.doctype.scheduled_job_type.scheduled_job_type.run_scheduled_jo..., kwargs={'job_type': 'frappe.email.doctype.email_account.email_account.pull'}, method='frappe.core.doctype.scheduled_job_type.scheduled_job_type.run_scheduled_jo..., site='todo.local', user='Administrator') (todo.local::scheduled_job::frappe.email.doctype.email_account.email_account.pull)
2025-12-31 12:40:40,961 home-soundharya-todo:default: Job OK (todo.local::scheduled_job::frappe.email.doctype.email_account.email_account.pull)
2025-12-31 12:40:40,961 Result is kept for 600 seconds
2025-12-31 12:40:40,965 home-soundharya-todo:default: frappe.utils.background_jobs.execute_job(event=None, is_async=True, job_name='frappe.core.doctype.scheduled_job_type.scheduled_job_type.run_scheduled_jo..., kwargs={'job_type': 'frappe.email.queue.retry_sending_emails'}, method='frappe.core.doctype.scheduled_job_type.scheduled_job_type.run_scheduled_jo..., site='todo.local', user='Administrator') (todo.local::scheduled_job::frappe.email.queue.retry_sending_emails)
2025-12-31 12:40:41,145 home-soundharya-todo:default: Job OK (todo.local::scheduled_job::frappe.email.queue.retry_sending_emails)
2025-12-31 12:40:41,145 Result is kept for 600 seconds
2025-12-31 12:40:41,149 home-soundharya-todo:default: frappe.utils.background_jobs.execute_job(event=None, is_async=True, job_name='frappe.core.doctype.scheduled_job_type.scheduled_job_type.run_scheduled_jo..., kwargs={'job_type': 'frappe.email.queue.flush'}, method='frappe.core.doctype.scheduled_job_type.scheduled_job_type.run_scheduled_jo..., site='todo.local', user='Administrator') (todo.local::scheduled_job::frappe.email.queue.flush)
2025-12-31 12:40:41,383 home-soundharya-todo:default: Job OK (todo.local::scheduled_job::frappe.email.queue.flush)
2025-12-31 12:40:41,383 Result is kept for 600 seconds
2025-12-31 12:40:41,388 home-soundharya-todo:default: frappe.utils.background_jobs.execute_job(event=None, is_async=True, job_name='frappe.core.doctype.scheduled_job_type.scheduled_job_type.run_scheduled_jo..., kwargs={'job_type': 'frappe.integrations.doctype.google_calendar.google_calendar.s..., method='frappe.core.doctype.scheduled_job_type.scheduled_job_type.run_scheduled_jo..., site='todo.local', user='Administrator') (todo.local::scheduled_job::frappe.integrations.doctype.google_calendar.google_calendar.sync)
2025-12-31 12:40:41,639 home-soundharya-todo:default: Job OK (todo.local::scheduled_job::frappe.integrations.doctype.google_calendar.google_calendar.sync)
2025-12-31 12:40:41,639 Result is kept for 600 seconds
2025-12-31 12:44:41,119 home-soundharya-todo:default: frappe.utils.background_jobs.execute_job(event=None, is_async=True, job_name='frappe.core.doctype.scheduled_job_type.scheduled_job_type.run_scheduled_jo..., kwargs={'job_type': 'frappe.integrations.doctype.google_calendar.google_calendar.s..., method='frappe.core.doctype.scheduled_job_type.scheduled_job_type.run_scheduled_jo..., site='todo.local', user='Administrator') (todo.local::scheduled_job::frappe.integrations.doctype.google_calendar.google_calendar.sync)
2025-12-31 12:44:41,382 home-soundharya-todo:default: Job OK (todo.local::scheduled_job::frappe.integrations.doctype.google_calendar.google_calendar.sync)
2025-12-31 12:44:41,382 Result is kept for 600 seconds
2025-12-31 12:44:41,386 home-soundharya-todo:default: frappe.utils.background_jobs.execute_job(event=None, is_async=True, job_name='frappe.core.doctype.scheduled_job_type.scheduled_job_type.run_scheduled_jo..., kwargs={'job_type': 'frappe.monitor.flush'}, method='frappe.core.doctype.scheduled_job_type.scheduled_job_type.run_scheduled_jo..., site='todo.local', user='Administrator') (todo.local::scheduled_job::frappe.monitor.flush)
2025-12-31 12:44:41,567 home-soundharya-todo:default: Job OK (todo.local::scheduled_job::frappe.monitor.flush)
2025-12-31 12:44:41,567 Result is kept for 600 seconds
2025-12-31 12:44:41,571 home-soundharya-todo:default: frappe.utils.background_jobs.execute_job(event=None, is_async=True, job_name='frappe.core.doctype.scheduled_job_type.scheduled_job_type.run_scheduled_jo..., kwargs={'job_type': 'frappe.email.queue.flush'}, method='frappe.core.doctype.scheduled_job_type.scheduled_job_type.run_scheduled_jo..., site='todo.local', user='Administrator') (todo.local::scheduled_job::frappe.email.queue.flush)
2025-12-31 12:44:41,798 home-soundharya-todo:default: Job OK (todo.local::scheduled_job::frappe.email.queue.flush)
2025-12-31 12:44:41,798 Result is kept for 600 seconds
2025-12-31 12:44:41,802 home-soundharya-todo:default: frappe.utils.background_jobs.execute_job(event=None, is_async=True, job_name='frappe.core.doctype.scheduled_job_type.scheduled_job_type.run_scheduled_jo..., kwargs={'job_type': 'frappe.email.queue.retry_sending_emails'}, method='frappe.core.doctype.scheduled_job_type.scheduled_job_type.run_scheduled_jo..., site='todo.local', user='Administrator') (todo.local::scheduled_job::frappe.email.queue.retry_sending_emails)
2025-12-31 12:44:41,982 home-soundharya-todo:default: Job OK (todo.local::scheduled_job::frappe.email.queue.retry_sending_emails)
2025-12-31 12:44:41,982 Result is kept for 600 seconds
2025-12-31 12:45:41,265 home-soundharya-todo:default: frappe.utils.background_jobs.execute_job(event=None, is_async=True, job_name='frappe.core.doctype.scheduled_job_type.scheduled_job_type.run_scheduled_jo..., kwargs={'job_type': 'frappe.deferred_insert.save_to_db'}, method='frappe.core.doctype.scheduled_job_type.scheduled_job_type.run_scheduled_jo..., site='todo.local', user='Administrator') (todo.local::scheduled_job::frappe.deferred_insert.save_to_db)
2025-12-31 12:45:41,523 home-soundharya-todo:default: Job OK (todo.local::scheduled_job::frappe.deferred_insert.save_to_db)
2025-12-31 12:45:41,523 Result is kept for 600 seconds
2025-12-31 12:45:41,528 home-soundharya-todo:default: frappe.utils.background_jobs.execute_job(event=None, is_async=True, job_name='frappe.core.doctype.scheduled_job_type.scheduled_job_type.run_scheduled_jo..., kwargs={'job_type': 'frappe.model.utils.link_count.update_link_count'}, method='frappe.core.doctype.scheduled_job_type.scheduled_job_type.run_scheduled_jo..., site='todo.local', user='Administrator') (todo.local::scheduled_job::frappe.model.utils.link_count.update_link_count)
2025-12-31 12:45:41,737 home-soundharya-todo:default: Job OK (todo.local::scheduled_job::frappe.model.utils.link_count.update_link_count)
2025-12-31 12:45:41,738 Result is kept for 600 seconds
2025-12-31 12:45:41,741 home-soundharya-todo:default: frappe.utils.background_jobs.execute_job(event=None, is_async=True, job_name='frappe.core.doctype.scheduled_job_type.scheduled_job_type.run_scheduled_jo..., kwargs={'job_type': 'frappe.pulse.client.send_queued_events'}, method='frappe.core.doctype.scheduled_job_type.scheduled_job_type.run_scheduled_jo..., site='todo.local', user='Administrator') (todo.local::scheduled_job::frappe.pulse.client.send_queued_events)
2025-12-31 12:45:41,948 home-soundharya-todo:default: Job OK (todo.local::scheduled_job::frappe.pulse.client.send_queued_events)
2025-12-31 12:45:41,948 Result is kept for 600 seconds
2025-12-31 12:45:41,952 home-soundharya-todo:default: frappe.utils.background_jobs.execute_job(event=None, is_async=True, job_name='frappe.core.doctype.scheduled_job_type.scheduled_job_type.run_scheduled_jo..., kwargs={'job_type': 'frappe.utils.global_search.sync_global_search'}, method='frappe.core.doctype.scheduled_job_type.scheduled_job_type.run_scheduled_jo..., site='todo.local', user='Administrator') (todo.local::scheduled_job::frappe.utils.global_search.sync_global_search)
2025-12-31 12:45:42,161 home-soundharya-todo:default: Job OK (todo.local::scheduled_job::frappe.utils.global_search.sync_global_search)
2025-12-31 12:45:42,161 Result is kept for 600 seconds
2025-12-31 12:45:42,165 home-soundharya-todo:default: frappe.utils.background_jobs.execute_job(event=None, is_async=True, job_name='frappe.core.doctype.scheduled_job_type.scheduled_job_type.run_scheduled_jo..., kwargs={'job_type': 'frappe.automation.doctype.reminder.reminder.send_reminders'}, method='frappe.core.doctype.scheduled_job_type.scheduled_job_type.run_scheduled_jo..., site='todo.local', user='Administrator') (todo.local::scheduled_job::frappe.automation.doctype.reminder.reminder.send_reminders)
2025-12-31 12:45:42,378 home-soundharya-todo:default: Job OK (todo.local::scheduled_job::frappe.automation.doctype.reminder.reminder.send_reminders)
2025-12-31 12:45:42,378 Result is kept for 600 seconds
2025-12-31 12:45:42,382 home-soundharya-todo:default: frappe.utils.background_jobs.execute_job(event=None, is_async=True, job_name='frappe.core.doctype.scheduled_job_type.scheduled_job_type.run_scheduled_jo..., kwargs={'job_type': 'frappe.email.doctype.email_account.email_account.notify_unrep..., method='frappe.core.doctype.scheduled_job_type.scheduled_job_type.run_scheduled_jo..., site='todo.local', user='Administrator') (todo.local::scheduled_job::frappe.email.doctype.email_account.email_account.notify_unreplied)
2025-12-31 12:45:42,597 home-soundharya-todo:default: Job OK (todo.local::scheduled_job::frappe.email.doctype.email_account.email_account.notify_unreplied)
2025-12-31 12:45:42,597 Result is kept for 600 seconds
2025-12-31 12:45:42,601 home-soundharya-todo:default: frappe.utils.background_jobs.execute_job(event=None, is_async=True, job_name='frappe.core.doctype.scheduled_job_type.scheduled_job_type.run_scheduled_jo..., kwargs={'job_type': 'frappe.search.sqlite_search.build_index_if_not_exists'}, method='frappe.core.doctype.scheduled_job_type.scheduled_job_type.run_scheduled_jo..., site='todo.local', user='Administrator') (todo.local::scheduled_job::frappe.search.sqlite_search.build_index_if_not_exists)
2025-12-31 12:45:42,808 home-soundharya-todo:default: Job OK (todo.local::scheduled_job::frappe.search.sqlite_search.build_index_if_not_exists)
2025-12-31 12:45:42,808 Result is kept for 600 seconds
2025-12-31 12:48:41,726 home-soundharya-todo:default: frappe.utils.background_jobs.execute_job(event=None, is_async=True, job_name='frappe.core.doctype.scheduled_job_type.scheduled_job_type.run_scheduled_jo..., kwargs={'job_type': 'frappe.email.queue.flush'}, method='frappe.core.doctype.scheduled_job_type.scheduled_job_type.run_scheduled_jo..., site='todo.local', user='Administrator') (todo.local::scheduled_job::frappe.email.queue.flush)
2025-12-31 12:48:41,989 home-soundharya-todo:default: Job OK (todo.local::scheduled_job::frappe.email.queue.flush)
2025-12-31 12:48:41,989 Result is kept for 600 seconds
2025-12-31 12:48:41,993 home-soundharya-todo:default: frappe.utils.background_jobs.execute_job(event=None, is_async=True, job_name='frappe.core.doctype.scheduled_job_type.scheduled_job_type.run_scheduled_jo..., kwargs={'job_type': 'frappe.email.queue.retry_sending_emails'}, method='frappe.core.doctype.scheduled_job_type.scheduled_job_type.run_scheduled_jo..., site='todo.local', user='Administrator') (todo.local::scheduled_job::frappe.email.queue.retry_sending_emails)
2025-12-31 12:48:42,189 home-soundharya-todo:default: Job OK (todo.local::scheduled_job::frappe.email.queue.retry_sending_emails)
2025-12-31 12:48:42,189 Result is kept for 600 seconds
2025-12-31 12:48:42,194 home-soundharya-todo:default: frappe.utils.background_jobs.execute_job(event=None, is_async=True, job_name='frappe.core.doctype.scheduled_job_type.scheduled_job_type.run_scheduled_jo..., kwargs={'job_type': 'frappe.integrations.doctype.google_calendar.google_calendar.s..., method='frappe.core.doctype.scheduled_job_type.scheduled_job_type.run_scheduled_jo..., site='todo.local', user='Administrator') (todo.local::scheduled_job::frappe.integrations.doctype.google_calendar.google_calendar.sync)
2025-12-31 12:48:42,468 home-soundharya-todo:default: Job OK (todo.local::scheduled_job::frappe.integrations.doctype.google_calendar.google_calendar.sync)
2025-12-31 12:48:42,468 Result is kept for 600 seconds
2025-12-31 12:48:42,472 home-soundharya-todo:default: frappe.utils.background_jobs.execute_job(event=None, is_async=True, job_name='frappe.core.doctype.scheduled_job_type.scheduled_job_type.run_scheduled_jo..., kwargs={'job_type': 'frappe.monitor.flush'}, method='frappe.core.doctype.scheduled_job_type.scheduled_job_type.run_scheduled_jo..., site='todo.local', user='Administrator') (todo.local::scheduled_job::frappe.monitor.flush)
2025-12-31 12:48:42,660 home-soundharya-todo:default: Job OK (todo.local::scheduled_job::frappe.monitor.flush)
2025-12-31 12:48:42,660 Result is kept for 600 seconds
2025-12-31 12:50:42,038 home-soundharya-todo:default: frappe.utils.background_jobs.execute_job(event=None, is_async=True, job_name='frappe.core.doctype.scheduled_job_type.scheduled_job_type.run_scheduled_jo..., kwargs={'job_type': 'frappe.email.doctype.email_account.email_account.pull'}, method='frappe.core.doctype.scheduled_job_type.scheduled_job_type.run_scheduled_jo..., site='todo.local', user='Administrator') (todo.local::scheduled_job::frappe.email.doctype.email_account.email_account.pull)
2025-12-31 12:50:42,278 home-soundharya-todo:default: Job OK (todo.local::scheduled_job::frappe.email.doctype.email_account.email_account.pull)
2025-12-31 12:50:42,278 Result is kept for 600 seconds
2025-12-31 12:52:42,359 home-soundharya-todo:default: frappe.utils.background_jobs.execute_job(event=None, is_async=True, job_name='frappe.core.doctype.scheduled_job_type.scheduled_job_type.run_scheduled_jo..., kwargs={'job_type': 'frappe.integrations.doctype.google_calendar.google_calendar.s..., method='frappe.core.doctype.scheduled_job_type.scheduled_job_type.run_scheduled_jo..., site='todo.local', user='Administrator') (todo.local::scheduled_job::frappe.integrations.doctype.google_calendar.google_calendar.sync)
2025-12-31 12:52:42,641 home-soundharya-todo:default: Job OK (todo.local::scheduled_job::frappe.integrations.doctype.google_calendar.google_calendar.sync)
2025-12-31 12:52:42,641 Result is kept for 600 seconds
2025-12-31 12:52:42,644 home-soundharya-todo:default: frappe.utils.background_jobs.execute_job(event=None, is_async=True, job_name='frappe.core.doctype.scheduled_job_type.scheduled_job_type.run_scheduled_jo..., kwargs={'job_type': 'frappe.email.queue.retry_sending_emails'}, method='frappe.core.doctype.scheduled_job_type.scheduled_job_type.run_scheduled_jo..., site='todo.local', user='Administrator') (todo.local::scheduled_job::frappe.email.queue.retry_sending_emails)
2025-12-31 12:52:42,833 home-soundharya-todo:default: Job OK (todo.local::scheduled_job::frappe.email.queue.retry_sending_emails)
2025-12-31 12:52:42,833 Result is kept for 600 seconds
2025-12-31 12:52:42,838 home-soundharya-todo:default: frappe.utils.background_jobs.execute_job(event=None, is_async=True, job_name='frappe.core.doctype.scheduled_job_type.scheduled_job_type.run_scheduled_jo..., kwargs={'job_type': 'frappe.monitor.flush'}, method='frappe.core.doctype.scheduled_job_type.scheduled_job_type.run_scheduled_jo..., site='todo.local', user='Administrator') (todo.local::scheduled_job::frappe.monitor.flush)
2025-12-31 12:52:43,108 home-soundharya-todo:default: Job OK (todo.local::scheduled_job::frappe.monitor.flush)
2025-12-31 12:52:43,108 Result is kept for 600 seconds
2025-12-31 12:52:43,112 home-soundharya-todo:default: frappe.utils.background_jobs.execute_job(event=None, is_async=True, job_name='frappe.core.doctype.scheduled_job_type.scheduled_job_type.run_scheduled_jo..., kwargs={'job_type': 'frappe.email.queue.flush'}, method='frappe.core.doctype.scheduled_job_type.scheduled_job_type.run_scheduled_jo..., site='todo.local', user='Administrator') (todo.local::scheduled_job::frappe.email.queue.flush)
2025-12-31 12:52:43,364 home-soundharya-todo:default: Job OK (todo.local::scheduled_job::frappe.email.queue.flush)
2025-12-31 12:52:43,364 Result is kept for 600 seconds
2025-12-31 12:56:42,976 home-soundharya-todo:default: frappe.utils.background_jobs.execute_job(event=None, is_async=True, job_name='frappe.core.doctype.scheduled_job_type.scheduled_job_type.run_scheduled_jo..., kwargs={'job_type': 'frappe.email.queue.flush'}, method='frappe.core.doctype.scheduled_job_type.scheduled_job_type.run_scheduled_jo..., site='todo.local', user='Administrator') (todo.local::scheduled_job::frappe.email.queue.flush)
2025-12-31 12:56:43,214 home-soundharya-todo:default: Job OK (todo.local::scheduled_job::frappe.email.queue.flush)
2025-12-31 12:56:43,214 Result is kept for 600 seconds
2025-12-31 12:56:43,219 home-soundharya-todo:default: frappe.utils.background_jobs.execute_job(event=None, is_async=True, job_name='frappe.core.doctype.scheduled_job_type.scheduled_job_type.run_scheduled_jo..., kwargs={'job_type': 'frappe.integrations.doctype.google_calendar.google_calendar.s..., method='frappe.core.doctype.scheduled_job_type.scheduled_job_type.run_scheduled_jo..., site='todo.local', user='Administrator') (todo.local::scheduled_job::frappe.integrations.doctype.google_calendar.google_calendar.sync)
2025-12-31 12:56:43,473 home-soundharya-todo:default: Job OK (todo.local::scheduled_job::frappe.integrations.doctype.google_calendar.google_calendar.sync)
2025-12-31 12:56:43,473 Result is kept for 600 seconds
2025-12-31 12:56:43,477 home-soundharya-todo:default: frappe.utils.background_jobs.execute_job(event=None, is_async=True, job_name='frappe.core.doctype.scheduled_job_type.scheduled_job_type.run_scheduled_jo..., kwargs={'job_type': 'frappe.monitor.flush'}, method='frappe.core.doctype.scheduled_job_type.scheduled_job_type.run_scheduled_jo..., site='todo.local', user='Administrator') (todo.local::scheduled_job::frappe.monitor.flush)
2025-12-31 12:56:43,642 home-soundharya-todo:default: Job OK (todo.local::scheduled_job::frappe.monitor.flush)
2025-12-31 12:56:43,642 Result is kept for 600 seconds
2025-12-31 12:56:43,646 home-soundharya-todo:default: frappe.utils.background_jobs.execute_job(event=None, is_async=True, job_name='frappe.core.doctype.scheduled_job_type.scheduled_job_type.run_scheduled_jo..., kwargs={'job_type': 'frappe.email.queue.retry_sending_emails'}, method='frappe.core.doctype.scheduled_job_type.scheduled_job_type.run_scheduled_jo..., site='todo.local', user='Administrator') (todo.local::scheduled_job::frappe.email.queue.retry_sending_emails)
2025-12-31 12:56:43,830 home-soundharya-todo:default: Job OK (todo.local::scheduled_job::frappe.email.queue.retry_sending_emails)
2025-12-31 12:56:43,830 Result is kept for 600 seconds
2025-12-31 13:00:43,579 home-soundharya-todo:default: frappe.utils.background_jobs.execute_job(event=None, is_async=True, job_name='frappe.core.doctype.scheduled_job_type.scheduled_job_type.run_scheduled_jo..., kwargs={'job_type': 'frappe.integrations.doctype.google_calendar.google_calendar.s..., method='frappe.core.doctype.scheduled_job_type.scheduled_job_type.run_scheduled_jo..., site='todo.local', user='Administrator') (todo.local::scheduled_job::frappe.integrations.doctype.google_calendar.google_calendar.sync)
2025-12-31 13:00:43,859 home-soundharya-todo:default: Job OK (todo.local::scheduled_job::frappe.integrations.doctype.google_calendar.google_calendar.sync)
2025-12-31 13:00:43,859 Result is kept for 600 seconds
2025-12-31 13:00:43,862 Cleaning registries for queue: home-soundharya-todo:short
2025-12-31 13:00:43,863 Cleaning registries for queue: home-soundharya-todo:default
2025-12-31 13:00:43,863 Cleaning registries for queue: home-soundharya-todo:long
2025-12-31 13:00:43,864 home-soundharya-todo:default: frappe.utils.background_jobs.execute_job(event=None, is_async=True, job_name='frappe.core.doctype.scheduled_job_type.scheduled_job_type.run_scheduled_jo..., kwargs={'job_type': 'frappe.email.doctype.newsletter.newsletter.send_scheduled_ema..., method='frappe.core.doctype.scheduled_job_type.scheduled_job_type.run_scheduled_jo..., site='todo.local', user='Administrator') (todo.local::scheduled_job::frappe.email.doctype.newsletter.newsletter.send_scheduled_email)
2025-12-31 13:00:44,091 home-soundharya-todo:default: Job OK (todo.local::scheduled_job::frappe.email.doctype.newsletter.newsletter.send_scheduled_email)
2025-12-31 13:00:44,091 Result is kept for 600 seconds
2025-12-31 13:00:44,096 home-soundharya-todo:default: frappe.utils.background_jobs.execute_job(event=None, is_async=True, job_name='frappe.core.doctype.scheduled_job_type.scheduled_job_type.run_scheduled_jo..., kwargs={'job_type': 'frappe.deferred_insert.save_to_db'}, method='frappe.core.doctype.scheduled_job_type.scheduled_job_type.run_scheduled_jo..., site='todo.local', user='Administrator') (todo.local::scheduled_job::frappe.deferred_insert.save_to_db)
2025-12-31 13:00:44,360 home-soundharya-todo:default: Job OK (todo.local::scheduled_job::frappe.deferred_insert.save_to_db)
2025-12-31 13:00:44,360 Result is kept for 600 seconds
2025-12-31 13:00:44,364 home-soundharya-todo:default: frappe.utils.background_jobs.execute_job(event=None, is_async=True, job_name='frappe.core.doctype.scheduled_job_type.scheduled_job_type.run_scheduled_jo..., kwargs={'job_type': 'frappe.email.doctype.email_account.email_account.notify_unrep..., method='frappe.core.doctype.scheduled_job_type.scheduled_job_type.run_scheduled_jo..., site='todo.local', user='Administrator') (todo.local::scheduled_job::frappe.email.doctype.email_account.email_account.notify_unreplied)
2025-12-31 13:00:44,599 home-soundharya-todo:default: Job OK (todo.local::scheduled_job::frappe.email.doctype.email_account.email_account.notify_unreplied)
2025-12-31 13:00:44,599 Result is kept for 600 seconds
2025-12-31 13:00:44,603 home-soundharya-todo:default: frappe.utils.background_jobs.execute_job(event=None, is_async=True, job_name='frappe.core.doctype.scheduled_job_type.scheduled_job_type.run_scheduled_jo..., kwargs={'job_type': 'frappe.email.doctype.email_account.email_account.pull'}, method='frappe.core.doctype.scheduled_job_type.scheduled_job_type.run_scheduled_jo..., site='todo.local', user='Administrator') (todo.local::scheduled_job::frappe.email.doctype.email_account.email_account.pull)
2025-12-31 13:00:44,840 home-soundharya-todo:default: Job OK (todo.local::scheduled_job::frappe.email.doctype.email_account.email_account.pull)
2025-12-31 13:00:44,841 Result is kept for 600 seconds
2025-12-31 13:00:44,845 home-soundharya-todo:default: frappe.utils.background_jobs.execute_job(event=None, is_async=True, job_name='frappe.core.doctype.scheduled_job_type.scheduled_job_type.run_scheduled_jo..., kwargs={'job_type': 'frappe.pulse.client.send_queued_events'}, method='frappe.core.doctype.scheduled_job_type.scheduled_job_type.run_scheduled_jo..., site='todo.local', user='Administrator') (todo.local::scheduled_job::frappe.pulse.client.send_queued_events)
2025-12-31 13:00:45,070 home-soundharya-todo:default: Job OK (todo.local::scheduled_job::frappe.pulse.client.send_queued_events)
2025-12-31 13:00:45,070 Result is kept for 600 seconds
2025-12-31 13:00:45,076 home-soundharya-todo:default: frappe.utils.background_jobs.execute_job(event=None, is_async=True, job_name='frappe.core.doctype.scheduled_job_type.scheduled_job_type.run_scheduled_jo..., kwargs={'job_type': 'frappe.automation.doctype.reminder.reminder.send_reminders'}, method='frappe.core.doctype.scheduled_job_type.scheduled_job_type.run_scheduled_jo..., site='todo.local', user='Administrator') (todo.local::scheduled_job::frappe.automation.doctype.reminder.reminder.send_reminders)
2025-12-31 13:00:45,301 home-soundharya-todo:default: Job OK (todo.local::scheduled_job::frappe.automation.doctype.reminder.reminder.send_reminders)
2025-12-31 13:00:45,301 Result is kept for 600 seconds
2025-12-31 13:00:45,305 home-soundharya-todo:default: frappe.utils.background_jobs.execute_job(event=None, is_async=True, job_name='frappe.core.doctype.scheduled_job_type.scheduled_job_type.run_scheduled_jo..., kwargs={'job_type': 'frappe.monitor.flush'}, method='frappe.core.doctype.scheduled_job_type.scheduled_job_type.run_scheduled_jo..., site='todo.local', user='Administrator') (todo.local::scheduled_job::frappe.monitor.flush)
2025-12-31 13:00:45,493 home-soundharya-todo:default: Job OK (todo.local::scheduled_job::frappe.monitor.flush)
2025-12-31 13:00:45,494 Result is kept for 600 seconds
2025-12-31 13:00:45,497 home-soundharya-todo:default: frappe.utils.background_jobs.execute_job(event=None, is_async=True, job_name='frappe.core.doctype.scheduled_job_type.scheduled_job_type.run_scheduled_jo..., kwargs={'job_type': 'frappe.search.sqlite_search.build_index_if_not_exists'}, method='frappe.core.doctype.scheduled_job_type.scheduled_job_type.run_scheduled_jo..., site='todo.local', user='Administrator') (todo.local::scheduled_job::frappe.search.sqlite_search.build_index_if_not_exists)
2025-12-31 13:00:45,723 home-soundharya-todo:default: Job OK (todo.local::scheduled_job::frappe.search.sqlite_search.build_index_if_not_exists)
2025-12-31 13:00:45,723 Result is kept for 600 seconds
2025-12-31 13:00:45,728 home-soundharya-todo:default: frappe.utils.background_jobs.execute_job(event=None, is_async=True, job_name='frappe.core.doctype.scheduled_job_type.scheduled_job_type.run_scheduled_jo..., kwargs={'job_type': 'frappe.model.utils.link_count.update_link_count'}, method='frappe.core.doctype.scheduled_job_type.scheduled_job_type.run_scheduled_jo..., site='todo.local', user='Administrator') (todo.local::scheduled_job::frappe.model.utils.link_count.update_link_count)
2025-12-31 13:00:45,960 home-soundharya-todo:default: Job OK (todo.local::scheduled_job::frappe.model.utils.link_count.update_link_count)
2025-12-31 13:00:45,960 Result is kept for 600 seconds
2025-12-31 13:00:45,964 home-soundharya-todo:default: frappe.utils.background_jobs.execute_job(event=None, is_async=True, job_name='frappe.core.doctype.scheduled_job_type.scheduled_job_type.run_scheduled_jo..., kwargs={'job_type': 'frappe.utils.global_search.sync_global_search'}, method='frappe.core.doctype.scheduled_job_type.scheduled_job_type.run_scheduled_jo..., site='todo.local', user='Administrator') (todo.local::scheduled_job::frappe.utils.global_search.sync_global_search)
2025-12-31 13:00:46,191 home-soundharya-todo:default: Job OK (todo.local::scheduled_job::frappe.utils.global_search.sync_global_search)
2025-12-31 13:00:46,191 Result is kept for 600 seconds
2025-12-31 13:00:46,196 home-soundharya-todo:default: frappe.utils.background_jobs.execute_job(event=None, is_async=True, job_name='frappe.core.doctype.scheduled_job_type.scheduled_job_type.run_scheduled_jo..., kwargs={'job_type': 'frappe.email.queue.retry_sending_emails'}, method='frappe.core.doctype.scheduled_job_type.scheduled_job_type.run_scheduled_jo..., site='todo.local', user='Administrator') (todo.local::scheduled_job::frappe.email.queue.retry_sending_emails)
2025-12-31 13:00:46,392 home-soundharya-todo:default: Job OK (todo.local::scheduled_job::frappe.email.queue.retry_sending_emails)
2025-12-31 13:00:46,392 Result is kept for 600 seconds
2025-12-31 13:00:46,396 home-soundharya-todo:default: frappe.utils.background_jobs.execute_job(event=None, is_async=True, job_name='frappe.core.doctype.scheduled_job_type.scheduled_job_type.run_scheduled_jo..., kwargs={'job_type': 'frappe.email.queue.flush'}, method='frappe.core.doctype.scheduled_job_type.scheduled_job_type.run_scheduled_jo..., site='todo.local', user='Administrator') (todo.local::scheduled_job::frappe.email.queue.flush)
2025-12-31 13:00:46,642 home-soundharya-todo:default: Job OK (todo.local::scheduled_job::frappe.email.queue.flush)
2025-12-31 13:00:46,642 Result is kept for 600 seconds
2025-12-31 13:00:46,647 home-soundharya-todo:long: frappe.utils.background_jobs.execute_job(event=None, is_async=True, job_name='frappe.core.doctype.scheduled_job_type.scheduled_job_type.run_scheduled_jo..., kwargs={'job_type': 'frappe.twofactor.delete_all_barcodes_for_users'}, method='frappe.core.doctype.scheduled_job_type.scheduled_job_type.run_scheduled_jo..., site='todo.local', user='Administrator') (todo.local::scheduled_job::frappe.twofactor.delete_all_barcodes_for_users)
2025-12-31 13:00:46,884 home-soundharya-todo:long: Job OK (todo.local::scheduled_job::frappe.twofactor.delete_all_barcodes_for_users)
2025-12-31 13:00:46,885 Result is kept for 600 seconds
2025-12-31 13:00:46,890 home-soundharya-todo:long: frappe.utils.background_jobs.execute_job(event=None, is_async=True, job_name='frappe.core.doctype.scheduled_job_type.scheduled_job_type.run_scheduled_jo..., kwargs={'job_type': 'frappe.oauth.delete_oauth2_data'}, method='frappe.core.doctype.scheduled_job_type.scheduled_job_type.run_scheduled_jo..., site='todo.local', user='Administrator') (todo.local::scheduled_job::frappe.oauth.delete_oauth2_data)
2025-12-31 13:00:47,128 home-soundharya-todo:long: Job OK (todo.local::scheduled_job::frappe.oauth.delete_oauth2_data)
2025-12-31 13:00:47,128 Result is kept for 600 seconds
2025-12-31 13:00:47,132 home-soundharya-todo:long: frappe.utils.background_jobs.execute_job(event=None, is_async=True, job_name='frappe.core.doctype.scheduled_job_type.scheduled_job_type.run_scheduled_jo..., kwargs={'job_type': 'frappe.model.utils.user_settings.sync_user_settings'}, method='frappe.core.doctype.scheduled_job_type.scheduled_job_type.run_scheduled_jo..., site='todo.local', user='Administrator') (todo.local::scheduled_job::frappe.model.utils.user_settings.sync_user_settings)
2025-12-31 13:00:47,360 home-soundharya-todo:long: Job OK (todo.local::scheduled_job::frappe.model.utils.user_settings.sync_user_settings)
2025-12-31 13:00:47,360 Result is kept for 600 seconds
2025-12-31 13:00:47,364 home-soundharya-todo:long: frappe.utils.background_jobs.execute_job(event=None, is_async=True, job_name='frappe.core.doctype.scheduled_job_type.scheduled_job_type.run_scheduled_jo..., kwargs={'job_type': 'frappe.website.doctype.personal_data_deletion_request.persona..., method='frappe.core.doctype.scheduled_job_type.scheduled_job_type.run_scheduled_jo..., site='todo.local', user='Administrator') (todo.local::scheduled_job::frappe.website.doctype.personal_data_deletion_request.personal_data_deletion_request.process_data_deletion_request)
2025-12-31 13:00:47,597 home-soundharya-todo:long: Job OK (todo.local::scheduled_job::frappe.website.doctype.personal_data_deletion_request.personal_data_deletion_request.process_data_deletion_request)
2025-12-31 13:00:47,597 Result is kept for 600 seconds
2025-12-31 13:00:47,601 home-soundharya-todo:long: frappe.utils.background_jobs.execute_job(event=None, is_async=True, job_name='frappe.core.doctype.scheduled_job_type.scheduled_job_type.run_scheduled_jo..., kwargs={'job_type': 'frappe.desk.utils.delete_old_exported_report_files'}, method='frappe.core.doctype.scheduled_job_type.scheduled_job_type.run_scheduled_jo..., site='todo.local', user='Administrator') (todo.local::scheduled_job::frappe.desk.utils.delete_old_exported_report_files)
2025-12-31 13:00:47,841 home-soundharya-todo:long: Job OK (todo.local::scheduled_job::frappe.desk.utils.delete_old_exported_report_files)
2025-12-31 13:00:47,841 Result is kept for 600 seconds
2025-12-31 13:00:47,845 home-soundharya-todo:long: frappe.utils.background_jobs.execute_job(event=None, is_async=True, job_name='frappe.core.doctype.scheduled_job_type.scheduled_job_type.run_scheduled_jo..., kwargs={'job_type': 'frappe.website.doctype.web_page.web_page.check_publish_status..., method='frappe.core.doctype.scheduled_job_type.scheduled_job_type.run_scheduled_jo..., site='todo.local', user='Administrator') (todo.local::scheduled_job::frappe.website.doctype.web_page.web_page.check_publish_status)
2025-12-31 13:00:48,095 home-soundharya-todo:long: Job OK (todo.local::scheduled_job::frappe.website.doctype.web_page.web_page.check_publish_status)
2025-12-31 13:00:48,095 Result is kept for 600 seconds
2025-12-31 13:00:48,099 home-soundharya-todo:long: frappe.utils.background_jobs.execute_job(event=None, is_async=True, job_name='frappe.core.doctype.scheduled_job_type.scheduled_job_type.run_scheduled_jo..., kwargs={'job_type': 'frappe.core.doctype.prepared_report.prepared_report.expire_st..., method='frappe.core.doctype.scheduled_job_type.scheduled_job_type.run_scheduled_jo..., site='todo.local', user='Administrator') (todo.local::scheduled_job::frappe.core.doctype.prepared_report.prepared_report.expire_stalled_report)
2025-12-31 13:00:48,324 home-soundharya-todo:long: Job OK (todo.local::scheduled_job::frappe.core.doctype.prepared_report.prepared_report.expire_stalled_report)
2025-12-31 13:00:48,324 Result is kept for 600 seconds
2025-12-31 13:00:48,329 home-soundharya-todo:long: frappe.utils.background_jobs.execute_job(event=None, is_async=True, job_name='frappe.core.doctype.scheduled_job_type.scheduled_job_type.run_scheduled_jo..., kwargs={'job_type': 'frappe.desk.form.document_follow.send_hourly_updates'}, method='frappe.core.doctype.scheduled_job_type.scheduled_job_type.run_scheduled_jo..., site='todo.local', user='Administrator') (todo.local::scheduled_job::frappe.desk.form.document_follow.send_hourly_updates)
2025-12-31 13:00:48,561 home-soundharya-todo:long: Job OK (todo.local::scheduled_job::frappe.desk.form.document_follow.send_hourly_updates)
2025-12-31 13:00:48,561 Result is kept for 600 seconds
2025-12-31 13:00:48,566 home-soundharya-todo:long: frappe.utils.background_jobs.execute_job(event=None, is_async=True, job_name='frappe.core.doctype.scheduled_job_type.scheduled_job_type.run_scheduled_jo..., kwargs={'job_type': 'frappe.desk.page.backups.backups.delete_downloadable_backups'..., method='frappe.core.doctype.scheduled_job_type.scheduled_job_type.run_scheduled_jo..., site='todo.local', user='Administrator') (todo.local::scheduled_job::frappe.desk.page.backups.backups.delete_downloadable_backups)
2025-12-31 13:00:48,798 home-soundharya-todo:long: Job OK (todo.local::scheduled_job::frappe.desk.page.backups.backups.delete_downloadable_backups)
2025-12-31 13:00:48,798 Result is kept for 600 seconds
2025-12-31 13:04:44,195 home-soundharya-todo:default: frappe.utils.background_jobs.execute_job(event=None, is_async=True, job_name='frappe.core.doctype.scheduled_job_type.scheduled_job_type.run_scheduled_jo..., kwargs={'job_type': 'frappe.monitor.flush'}, method='frappe.core.doctype.scheduled_job_type.scheduled_job_type.run_scheduled_jo..., site='todo.local', user='Administrator') (todo.local::scheduled_job::frappe.monitor.flush)
2025-12-31 13:04:44,410 home-soundharya-todo:default: Job OK (todo.local::scheduled_job::frappe.monitor.flush)
2025-12-31 13:04:44,410 Result is kept for 600 seconds
2025-12-31 13:04:44,416 home-soundharya-todo:default: frappe.utils.background_jobs.execute_job(event=None, is_async=True, job_name='frappe.core.doctype.scheduled_job_type.scheduled_job_type.run_scheduled_jo..., kwargs={'job_type': 'frappe.email.queue.retry_sending_emails'}, method='frappe.core.doctype.scheduled_job_type.scheduled_job_type.run_scheduled_jo..., site='todo.local', user='Administrator') (todo.local::scheduled_job::frappe.email.queue.retry_sending_emails)
2025-12-31 13:04:44,602 home-soundharya-todo:default: Job OK (todo.local::scheduled_job::frappe.email.queue.retry_sending_emails)
2025-12-31 13:04:44,602 Result is kept for 600 seconds
2025-12-31 13:04:44,605 home-soundharya-todo:default: frappe.utils.background_jobs.execute_job(event=None, is_async=True, job_name='frappe.core.doctype.scheduled_job_type.scheduled_job_type.run_scheduled_jo..., kwargs={'job_type': 'frappe.email.queue.flush'}, method='frappe.core.doctype.scheduled_job_type.scheduled_job_type.run_scheduled_jo..., site='todo.local', user='Administrator') (todo.local::scheduled_job::frappe.email.queue.flush)
2025-12-31 13:04:44,829 home-soundharya-todo:default: Job OK (todo.local::scheduled_job::frappe.email.queue.flush)
2025-12-31 13:04:44,829 Result is kept for 600 seconds
2025-12-31 13:04:44,833 home-soundharya-todo:default: frappe.utils.background_jobs.execute_job(event=None, is_async=True, job_name='frappe.core.doctype.scheduled_job_type.scheduled_job_type.run_scheduled_jo..., kwargs={'job_type': 'frappe.integrations.doctype.google_calendar.google_calendar.s..., method='frappe.core.doctype.scheduled_job_type.scheduled_job_type.run_scheduled_jo..., site='todo.local', user='Administrator') (todo.local::scheduled_job::frappe.integrations.doctype.google_calendar.google_calendar.sync)
2025-12-31 13:04:45,082 home-soundharya-todo:default: Job OK (todo.local::scheduled_job::frappe.integrations.doctype.google_calendar.google_calendar.sync)
2025-12-31 13:04:45,082 Result is kept for 600 seconds
2025-12-31 13:08:44,797 home-soundharya-todo:default: frappe.utils.background_jobs.execute_job(event=None, is_async=True, job_name='frappe.core.doctype.scheduled_job_type.scheduled_job_type.run_scheduled_jo..., kwargs={'job_type': 'frappe.integrations.doctype.google_calendar.google_calendar.s..., method='frappe.core.doctype.scheduled_job_type.scheduled_job_type.run_scheduled_jo..., site='todo.local', user='Administrator') (todo.local::scheduled_job::frappe.integrations.doctype.google_calendar.google_calendar.sync)
2025-12-31 13:08:45,098 home-soundharya-todo:default: Job OK (todo.local::scheduled_job::frappe.integrations.doctype.google_calendar.google_calendar.sync)
2025-12-31 13:08:45,098 Result is kept for 600 seconds
2025-12-31 13:08:45,102 home-soundharya-todo:default: frappe.utils.background_jobs.execute_job(event=None, is_async=True, job_name='frappe.core.doctype.scheduled_job_type.scheduled_job_type.run_scheduled_jo..., kwargs={'job_type': 'frappe.email.queue.flush'}, method='frappe.core.doctype.scheduled_job_type.scheduled_job_type.run_scheduled_jo..., site='todo.local', user='Administrator') (todo.local::scheduled_job::frappe.email.queue.flush)
2025-12-31 13:08:45,360 home-soundharya-todo:default: Job OK (todo.local::scheduled_job::frappe.email.queue.flush)
2025-12-31 13:08:45,360 Result is kept for 600 seconds
2025-12-31 13:08:45,364 home-soundharya-todo:default: frappe.utils.background_jobs.execute_job(event=None, is_async=True, job_name='frappe.core.doctype.scheduled_job_type.scheduled_job_type.run_scheduled_jo..., kwargs={'job_type': 'frappe.monitor.flush'}, method='frappe.core.doctype.scheduled_job_type.scheduled_job_type.run_scheduled_jo..., site='todo.local', user='Administrator') (todo.local::scheduled_job::frappe.monitor.flush)
2025-12-31 13:08:45,545 home-soundharya-todo:default: Job OK (todo.local::scheduled_job::frappe.monitor.flush)
2025-12-31 13:08:45,545 Result is kept for 600 seconds
2025-12-31 13:08:45,548 home-soundharya-todo:default: frappe.utils.background_jobs.execute_job(event=None, is_async=True, job_name='frappe.core.doctype.scheduled_job_type.scheduled_job_type.run_scheduled_jo..., kwargs={'job_type': 'frappe.email.queue.retry_sending_emails'}, method='frappe.core.doctype.scheduled_job_type.scheduled_job_type.run_scheduled_jo..., site='todo.local', user='Administrator') (todo.local::scheduled_job::frappe.email.queue.retry_sending_emails)
2025-12-31 13:08:45,737 home-soundharya-todo:default: Job OK (todo.local::scheduled_job::frappe.email.queue.retry_sending_emails)
2025-12-31 13:08:45,737 Result is kept for 600 seconds
2025-12-31 13:10:45,101 home-soundharya-todo:default: frappe.utils.background_jobs.execute_job(event=None, is_async=True, job_name='frappe.core.doctype.scheduled_job_type.scheduled_job_type.run_scheduled_jo..., kwargs={'job_type': 'frappe.email.doctype.email_account.email_account.pull'}, method='frappe.core.doctype.scheduled_job_type.scheduled_job_type.run_scheduled_jo..., site='todo.local', user='Administrator') (todo.local::scheduled_job::frappe.email.doctype.email_account.email_account.pull)
2025-12-31 13:10:45,358 home-soundharya-todo:default: Job OK (todo.local::scheduled_job::frappe.email.doctype.email_account.email_account.pull)
2025-12-31 13:10:45,358 Result is kept for 600 seconds
2025-12-31 13:10:49,781 home-soundharya-todo:default: frappe.utils.background_jobs.execute_job(event=None, is_async=True, job_name='frappe.model.delete_doc.delete_dynamic_links', kwargs={'doctype': 'Report', 'name': 'Task1'}, method='frappe.model.delete_doc.delete_dynamic_links', site='todo.local', user='Administrator') (todo.local::6cc6a4da-7375-4ad3-968d-31e930c37fdd)
2025-12-31 13:10:49,857 home-soundharya-todo:default: Job OK (todo.local::6cc6a4da-7375-4ad3-968d-31e930c37fdd)
2025-12-31 13:10:49,857 Result is kept for 600 seconds
2025-12-31 13:12:45,354 home-soundharya-todo:default: frappe.utils.background_jobs.execute_job(event=None, is_async=True, job_name='frappe.core.doctype.scheduled_job_type.scheduled_job_type.run_scheduled_jo..., kwargs={'job_type': 'frappe.integrations.doctype.google_calendar.google_calendar.s..., method='frappe.core.doctype.scheduled_job_type.scheduled_job_type.run_scheduled_jo..., site='todo.local', user='Administrator') (todo.local::scheduled_job::frappe.integrations.doctype.google_calendar.google_calendar.sync)
2025-12-31 13:12:45,608 home-soundharya-todo:default: Job OK (todo.local::scheduled_job::frappe.integrations.doctype.google_calendar.google_calendar.sync)
2025-12-31 13:12:45,608 Result is kept for 600 seconds
2025-12-31 13:12:45,612 home-soundharya-todo:default: frappe.utils.background_jobs.execute_job(event=None, is_async=True, job_name='frappe.core.doctype.scheduled_job_type.scheduled_job_type.run_scheduled_jo..., kwargs={'job_type': 'frappe.monitor.flush'}, method='frappe.core.doctype.scheduled_job_type.scheduled_job_type.run_scheduled_jo..., site='todo.local', user='Administrator') (todo.local::scheduled_job::frappe.monitor.flush)
2025-12-31 13:12:45,784 home-soundharya-todo:default: Job OK (todo.local::scheduled_job::frappe.monitor.flush)
2025-12-31 13:12:45,785 Result is kept for 600 seconds
2025-12-31 13:12:45,788 home-soundharya-todo:default: frappe.utils.background_jobs.execute_job(event=None, is_async=True, job_name='frappe.core.doctype.scheduled_job_type.scheduled_job_type.run_scheduled_jo..., kwargs={'job_type': 'frappe.email.queue.flush'}, method='frappe.core.doctype.scheduled_job_type.scheduled_job_type.run_scheduled_jo..., site='todo.local', user='Administrator') (todo.local::scheduled_job::frappe.email.queue.flush)
2025-12-31 13:12:46,015 home-soundharya-todo:default: Job OK (todo.local::scheduled_job::frappe.email.queue.flush)
2025-12-31 13:12:46,015 Result is kept for 600 seconds
2025-12-31 13:12:46,018 home-soundharya-todo:default: frappe.utils.background_jobs.execute_job(event=None, is_async=True, job_name='frappe.core.doctype.scheduled_job_type.scheduled_job_type.run_scheduled_jo..., kwargs={'job_type': 'frappe.email.queue.retry_sending_emails'}, method='frappe.core.doctype.scheduled_job_type.scheduled_job_type.run_scheduled_jo..., site='todo.local', user='Administrator') (todo.local::scheduled_job::frappe.email.queue.retry_sending_emails)
2025-12-31 13:12:46,200 home-soundharya-todo:default: Job OK (todo.local::scheduled_job::frappe.email.queue.retry_sending_emails)
2025-12-31 13:12:46,200 Result is kept for 600 seconds
2025-12-31 13:15:45,761 home-soundharya-todo:default: frappe.utils.background_jobs.execute_job(event=None, is_async=True, job_name='frappe.core.doctype.scheduled_job_type.scheduled_job_type.run_scheduled_jo..., kwargs={'job_type': 'frappe.email.doctype.email_account.email_account.notify_unrep..., method='frappe.core.doctype.scheduled_job_type.scheduled_job_type.run_scheduled_jo..., site='todo.local', user='Administrator') (todo.local::scheduled_job::frappe.email.doctype.email_account.email_account.notify_unreplied)
2025-12-31 13:15:45,988 home-soundharya-todo:default: Job OK (todo.local::scheduled_job::frappe.email.doctype.email_account.email_account.notify_unreplied)
2025-12-31 13:15:45,988 Result is kept for 600 seconds
2025-12-31 13:15:45,991 home-soundharya-todo:default: frappe.utils.background_jobs.execute_job(event=None, is_async=True, job_name='frappe.core.doctype.scheduled_job_type.scheduled_job_type.run_scheduled_jo..., kwargs={'job_type': 'frappe.deferred_insert.save_to_db'}, method='frappe.core.doctype.scheduled_job_type.scheduled_job_type.run_scheduled_jo..., site='todo.local', user='Administrator') (todo.local::scheduled_job::frappe.deferred_insert.save_to_db)
2025-12-31 13:15:46,238 home-soundharya-todo:default: Job OK (todo.local::scheduled_job::frappe.deferred_insert.save_to_db)
2025-12-31 13:15:46,238 Result is kept for 600 seconds
2025-12-31 13:15:46,242 home-soundharya-todo:default: frappe.utils.background_jobs.execute_job(event=None, is_async=True, job_name='frappe.core.doctype.scheduled_job_type.scheduled_job_type.run_scheduled_jo..., kwargs={'job_type': 'frappe.model.utils.link_count.update_link_count'}, method='frappe.core.doctype.scheduled_job_type.scheduled_job_type.run_scheduled_jo..., site='todo.local', user='Administrator') (todo.local::scheduled_job::frappe.model.utils.link_count.update_link_count)
2025-12-31 13:15:46,450 home-soundharya-todo:default: Job OK (todo.local::scheduled_job::frappe.model.utils.link_count.update_link_count)
2025-12-31 13:15:46,450 Result is kept for 600 seconds
2025-12-31 13:15:46,454 home-soundharya-todo:default: frappe.utils.background_jobs.execute_job(event=None, is_async=True, job_name='frappe.core.doctype.scheduled_job_type.scheduled_job_type.run_scheduled_jo..., kwargs={'job_type': 'frappe.utils.global_search.sync_global_search'}, method='frappe.core.doctype.scheduled_job_type.scheduled_job_type.run_scheduled_jo..., site='todo.local', user='Administrator') (todo.local::scheduled_job::frappe.utils.global_search.sync_global_search)
2025-12-31 13:15:46,664 home-soundharya-todo:default: Job OK (todo.local::scheduled_job::frappe.utils.global_search.sync_global_search)
2025-12-31 13:15:46,664 Result is kept for 600 seconds
2025-12-31 13:15:46,669 home-soundharya-todo:default: frappe.utils.background_jobs.execute_job(event=None, is_async=True, job_name='frappe.core.doctype.scheduled_job_type.scheduled_job_type.run_scheduled_jo..., kwargs={'job_type': 'frappe.automation.doctype.reminder.reminder.send_reminders'}, method='frappe.core.doctype.scheduled_job_type.scheduled_job_type.run_scheduled_jo..., site='todo.local', user='Administrator') (todo.local::scheduled_job::frappe.automation.doctype.reminder.reminder.send_reminders)
2025-12-31 13:15:46,913 home-soundharya-todo:default: Job OK (todo.local::scheduled_job::frappe.automation.doctype.reminder.reminder.send_reminders)
2025-12-31 13:15:46,913 Result is kept for 600 seconds
2025-12-31 13:15:46,916 home-soundharya-todo:default: frappe.utils.background_jobs.execute_job(event=None, is_async=True, job_name='frappe.core.doctype.scheduled_job_type.scheduled_job_type.run_scheduled_jo..., kwargs={'job_type': 'frappe.search.sqlite_search.build_index_if_not_exists'}, method='frappe.core.doctype.scheduled_job_type.scheduled_job_type.run_scheduled_jo..., site='todo.local', user='Administrator') (todo.local::scheduled_job::frappe.search.sqlite_search.build_index_if_not_exists)
2025-12-31 13:15:47,135 home-soundharya-todo:default: Job OK (todo.local::scheduled_job::frappe.search.sqlite_search.build_index_if_not_exists)
2025-12-31 13:15:47,135 Result is kept for 600 seconds
2025-12-31 13:15:47,139 home-soundharya-todo:default: frappe.utils.background_jobs.execute_job(event=None, is_async=True, job_name='frappe.core.doctype.scheduled_job_type.scheduled_job_type.run_scheduled_jo..., kwargs={'job_type': 'frappe.pulse.client.send_queued_events'}, method='frappe.core.doctype.scheduled_job_type.scheduled_job_type.run_scheduled_jo..., site='todo.local', user='Administrator') (todo.local::scheduled_job::frappe.pulse.client.send_queued_events)
2025-12-31 13:15:47,360 home-soundharya-todo:default: Job OK (todo.local::scheduled_job::frappe.pulse.client.send_queued_events)
2025-12-31 13:15:47,360 Result is kept for 600 seconds
2025-12-31 13:16:45,926 home-soundharya-todo:default: frappe.utils.background_jobs.execute_job(event=None, is_async=True, job_name='frappe.core.doctype.scheduled_job_type.scheduled_job_type.run_scheduled_jo..., kwargs={'job_type': 'frappe.integrations.doctype.google_calendar.google_calendar.s..., method='frappe.core.doctype.scheduled_job_type.scheduled_job_type.run_scheduled_jo..., site='todo.local', user='Administrator') (todo.local::scheduled_job::frappe.integrations.doctype.google_calendar.google_calendar.sync)
2025-12-31 13:16:46,234 home-soundharya-todo:default: Job OK (todo.local::scheduled_job::frappe.integrations.doctype.google_calendar.google_calendar.sync)
2025-12-31 13:16:46,234 Result is kept for 600 seconds
2025-12-31 13:16:46,238 home-soundharya-todo:default: frappe.utils.background_jobs.execute_job(event=None, is_async=True, job_name='frappe.core.doctype.scheduled_job_type.scheduled_job_type.run_scheduled_jo..., kwargs={'job_type': 'frappe.monitor.flush'}, method='frappe.core.doctype.scheduled_job_type.scheduled_job_type.run_scheduled_jo..., site='todo.local', user='Administrator') (todo.local::scheduled_job::frappe.monitor.flush)
2025-12-31 13:16:46,429 home-soundharya-todo:default: Job OK (todo.local::scheduled_job::frappe.monitor.flush)
2025-12-31 13:16:46,429 Result is kept for 600 seconds
2025-12-31 13:16:46,433 home-soundharya-todo:default: frappe.utils.background_jobs.execute_job(event=None, is_async=True, job_name='frappe.core.doctype.scheduled_job_type.scheduled_job_type.run_scheduled_jo..., kwargs={'job_type': 'frappe.email.queue.retry_sending_emails'}, method='frappe.core.doctype.scheduled_job_type.scheduled_job_type.run_scheduled_jo..., site='todo.local', user='Administrator') (todo.local::scheduled_job::frappe.email.queue.retry_sending_emails)
2025-12-31 13:16:46,623 home-soundharya-todo:default: Job OK (todo.local::scheduled_job::frappe.email.queue.retry_sending_emails)
2025-12-31 13:16:46,623 Result is kept for 600 seconds
2025-12-31 13:16:46,627 home-soundharya-todo:default: frappe.utils.background_jobs.execute_job(event=None, is_async=True, job_name='frappe.core.doctype.scheduled_job_type.scheduled_job_type.run_scheduled_jo..., kwargs={'job_type': 'frappe.email.queue.flush'}, method='frappe.core.doctype.scheduled_job_type.scheduled_job_type.run_scheduled_jo..., site='todo.local', user='Administrator') (todo.local::scheduled_job::frappe.email.queue.flush)
2025-12-31 13:16:46,878 home-soundharya-todo:default: Job OK (todo.local::scheduled_job::frappe.email.queue.flush)
2025-12-31 13:16:46,878 Result is kept for 600 seconds
2025-12-31 13:20:46,531 home-soundharya-todo:default: frappe.utils.background_jobs.execute_job(event=None, is_async=True, job_name='frappe.core.doctype.scheduled_job_type.scheduled_job_type.run_scheduled_jo..., kwargs={'job_type': 'frappe.integrations.doctype.google_calendar.google_calendar.s..., method='frappe.core.doctype.scheduled_job_type.scheduled_job_type.run_scheduled_jo..., site='todo.local', user='Administrator') (todo.local::scheduled_job::frappe.integrations.doctype.google_calendar.google_calendar.sync)
2025-12-31 13:20:46,824 home-soundharya-todo:default: Job OK (todo.local::scheduled_job::frappe.integrations.doctype.google_calendar.google_calendar.sync)
2025-12-31 13:20:46,824 Result is kept for 600 seconds
2025-12-31 13:20:46,827 Cleaning registries for queue: home-soundharya-todo:short
2025-12-31 13:20:46,828 Cleaning registries for queue: home-soundharya-todo:default
2025-12-31 13:20:46,828 Cleaning registries for queue: home-soundharya-todo:long
2025-12-31 13:20:46,828 home-soundharya-todo:default: frappe.utils.background_jobs.execute_job(event=None, is_async=True, job_name='frappe.core.doctype.scheduled_job_type.scheduled_job_type.run_scheduled_jo..., kwargs={'job_type': 'frappe.email.doctype.email_account.email_account.pull'}, method='frappe.core.doctype.scheduled_job_type.scheduled_job_type.run_scheduled_jo..., site='todo.local', user='Administrator') (todo.local::scheduled_job::frappe.email.doctype.email_account.email_account.pull)
2025-12-31 13:20:47,054 home-soundharya-todo:default: Job OK (todo.local::scheduled_job::frappe.email.doctype.email_account.email_account.pull)
2025-12-31 13:20:47,055 Result is kept for 600 seconds
2025-12-31 13:20:47,058 home-soundharya-todo:default: frappe.utils.background_jobs.execute_job(event=None, is_async=True, job_name='frappe.core.doctype.scheduled_job_type.scheduled_job_type.run_scheduled_jo..., kwargs={'job_type': 'frappe.email.queue.retry_sending_emails'}, method='frappe.core.doctype.scheduled_job_type.scheduled_job_type.run_scheduled_jo..., site='todo.local', user='Administrator') (todo.local::scheduled_job::frappe.email.queue.retry_sending_emails)
2025-12-31 13:20:47,253 home-soundharya-todo:default: Job OK (todo.local::scheduled_job::frappe.email.queue.retry_sending_emails)
2025-12-31 13:20:47,253 Result is kept for 600 seconds
2025-12-31 13:20:47,256 home-soundharya-todo:default: frappe.utils.background_jobs.execute_job(event=None, is_async=True, job_name='frappe.core.doctype.scheduled_job_type.scheduled_job_type.run_scheduled_jo..., kwargs={'job_type': 'frappe.monitor.flush'}, method='frappe.core.doctype.scheduled_job_type.scheduled_job_type.run_scheduled_jo..., site='todo.local', user='Administrator') (todo.local::scheduled_job::frappe.monitor.flush)
2025-12-31 13:20:47,434 home-soundharya-todo:default: Job OK (todo.local::scheduled_job::frappe.monitor.flush)
2025-12-31 13:20:47,434 Result is kept for 600 seconds
2025-12-31 13:20:47,438 home-soundharya-todo:default: frappe.utils.background_jobs.execute_job(event=None, is_async=True, job_name='frappe.core.doctype.scheduled_job_type.scheduled_job_type.run_scheduled_jo..., kwargs={'job_type': 'frappe.email.queue.flush'}, method='frappe.core.doctype.scheduled_job_type.scheduled_job_type.run_scheduled_jo..., site='todo.local', user='Administrator') (todo.local::scheduled_job::frappe.email.queue.flush)
2025-12-31 13:20:47,664 home-soundharya-todo:default: Job OK (todo.local::scheduled_job::frappe.email.queue.flush)
2025-12-31 13:20:47,664 Result is kept for 600 seconds
2025-12-31 13:24:47,113 home-soundharya-todo:default: frappe.utils.background_jobs.execute_job(event=None, is_async=True, job_name='frappe.core.doctype.scheduled_job_type.scheduled_job_type.run_scheduled_jo..., kwargs={'job_type': 'frappe.email.queue.flush'}, method='frappe.core.doctype.scheduled_job_type.scheduled_job_type.run_scheduled_jo..., site='todo.local', user='Administrator') (todo.local::scheduled_job::frappe.email.queue.flush)
2025-12-31 13:24:47,362 home-soundharya-todo:default: Job OK (todo.local::scheduled_job::frappe.email.queue.flush)
2025-12-31 13:24:47,362 Result is kept for 600 seconds
2025-12-31 13:24:47,366 home-soundharya-todo:default: frappe.utils.background_jobs.execute_job(event=None, is_async=True, job_name='frappe.core.doctype.scheduled_job_type.scheduled_job_type.run_scheduled_jo..., kwargs={'job_type': 'frappe.email.queue.retry_sending_emails'}, method='frappe.core.doctype.scheduled_job_type.scheduled_job_type.run_scheduled_jo..., site='todo.local', user='Administrator') (todo.local::scheduled_job::frappe.email.queue.retry_sending_emails)
2025-12-31 13:24:47,581 home-soundharya-todo:default: Job OK (todo.local::scheduled_job::frappe.email.queue.retry_sending_emails)
2025-12-31 13:24:47,581 Result is kept for 600 seconds
2025-12-31 13:24:47,587 home-soundharya-todo:default: frappe.utils.background_jobs.execute_job(event=None, is_async=True, job_name='frappe.core.doctype.scheduled_job_type.scheduled_job_type.run_scheduled_jo..., kwargs={'job_type': 'frappe.integrations.doctype.google_calendar.google_calendar.s..., method='frappe.core.doctype.scheduled_job_type.scheduled_job_type.run_scheduled_jo..., site='todo.local', user='Administrator') (todo.local::scheduled_job::frappe.integrations.doctype.google_calendar.google_calendar.sync)
2025-12-31 13:24:47,872 home-soundharya-todo:default: Job OK (todo.local::scheduled_job::frappe.integrations.doctype.google_calendar.google_calendar.sync)
2025-12-31 13:24:47,872 Result is kept for 600 seconds
2025-12-31 13:24:47,878 home-soundharya-todo:default: frappe.utils.background_jobs.execute_job(event=None, is_async=True, job_name='frappe.core.doctype.scheduled_job_type.scheduled_job_type.run_scheduled_jo..., kwargs={'job_type': 'frappe.monitor.flush'}, method='frappe.core.doctype.scheduled_job_type.scheduled_job_type.run_scheduled_jo..., site='todo.local', user='Administrator') (todo.local::scheduled_job::frappe.monitor.flush)
2025-12-31 13:24:48,062 home-soundharya-todo:default: Job OK (todo.local::scheduled_job::frappe.monitor.flush)
2025-12-31 13:24:48,062 Result is kept for 600 seconds
2025-12-31 13:28:47,661 home-soundharya-todo:default: frappe.utils.background_jobs.execute_job(event=None, is_async=True, job_name='frappe.core.doctype.scheduled_job_type.scheduled_job_type.run_scheduled_jo..., kwargs={'job_type': 'frappe.monitor.flush'}, method='frappe.core.doctype.scheduled_job_type.scheduled_job_type.run_scheduled_jo..., site='todo.local', user='Administrator') (todo.local::scheduled_job::frappe.monitor.flush)
2025-12-31 13:28:47,871 home-soundharya-todo:default: Job OK (todo.local::scheduled_job::frappe.monitor.flush)
2025-12-31 13:28:47,871 Result is kept for 600 seconds
2025-12-31 13:28:47,878 home-soundharya-todo:default: frappe.utils.background_jobs.execute_job(event=None, is_async=True, job_name='frappe.core.doctype.scheduled_job_type.scheduled_job_type.run_scheduled_jo..., kwargs={'job_type': 'frappe.integrations.doctype.google_calendar.google_calendar.s..., method='frappe.core.doctype.scheduled_job_type.scheduled_job_type.run_scheduled_jo..., site='todo.local', user='Administrator') (todo.local::scheduled_job::frappe.integrations.doctype.google_calendar.google_calendar.sync)
2025-12-31 13:28:48,129 home-soundharya-todo:default: Job OK (todo.local::scheduled_job::frappe.integrations.doctype.google_calendar.google_calendar.sync)
2025-12-31 13:28:48,129 Result is kept for 600 seconds
2025-12-31 13:28:48,133 home-soundharya-todo:default: frappe.utils.background_jobs.execute_job(event=None, is_async=True, job_name='frappe.core.doctype.scheduled_job_type.scheduled_job_type.run_scheduled_jo..., kwargs={'job_type': 'frappe.email.queue.flush'}, method='frappe.core.doctype.scheduled_job_type.scheduled_job_type.run_scheduled_jo..., site='todo.local', user='Administrator') (todo.local::scheduled_job::frappe.email.queue.flush)
2025-12-31 13:28:48,364 home-soundharya-todo:default: Job OK (todo.local::scheduled_job::frappe.email.queue.flush)
2025-12-31 13:28:48,364 Result is kept for 600 seconds
2025-12-31 13:28:48,368 home-soundharya-todo:default: frappe.utils.background_jobs.execute_job(event=None, is_async=True, job_name='frappe.core.doctype.scheduled_job_type.scheduled_job_type.run_scheduled_jo..., kwargs={'job_type': 'frappe.email.queue.retry_sending_emails'}, method='frappe.core.doctype.scheduled_job_type.scheduled_job_type.run_scheduled_jo..., site='todo.local', user='Administrator') (todo.local::scheduled_job::frappe.email.queue.retry_sending_emails)
2025-12-31 13:28:48,547 home-soundharya-todo:default: Job OK (todo.local::scheduled_job::frappe.email.queue.retry_sending_emails)
2025-12-31 13:28:48,547 Result is kept for 600 seconds
2025-12-31 14:16:38,594 Worker rq:worker:5d0378b1bb2b4a18a2fca14e79e565f5 started with PID 3020, version 1.15.1
2025-12-31 14:16:38,594 Subscribing to channel rq:pubsub:5d0378b1bb2b4a18a2fca14e79e565f5
2025-12-31 14:16:38,595 *** Listening on home-soundharya-todo:short, home-soundharya-todo:default, home-soundharya-todo:long...
2025-12-31 14:16:38,596 Cleaning registries for queue: home-soundharya-todo:short
2025-12-31 14:16:38,596 Cleaning registries for queue: home-soundharya-todo:default
2025-12-31 14:16:38,597 Cleaning registries for queue: home-soundharya-todo:long
2025-12-31 14:17:39,283 home-soundharya-todo:default: frappe.utils.background_jobs.execute_job(event=None, is_async=True, job_name='frappe.core.doctype.scheduled_job_type.scheduled_job_type.run_scheduled_jo..., kwargs={'job_type': 'frappe.model.utils.link_count.update_link_count'}, method='frappe.core.doctype.scheduled_job_type.scheduled_job_type.run_scheduled_jo..., site='todo.local', user='Administrator') (todo.local::scheduled_job::frappe.model.utils.link_count.update_link_count)
2025-12-31 14:17:39,601 home-soundharya-todo:default: Job OK (todo.local::scheduled_job::frappe.model.utils.link_count.update_link_count)
2025-12-31 14:17:39,601 Result is kept for 600 seconds
2025-12-31 14:17:39,604 home-soundharya-todo:default: frappe.utils.background_jobs.execute_job(event=None, is_async=True, job_name='frappe.core.doctype.scheduled_job_type.scheduled_job_type.run_scheduled_jo..., kwargs={'job_type': 'frappe.email.doctype.email_account.email_account.notify_unrep..., method='frappe.core.doctype.scheduled_job_type.scheduled_job_type.run_scheduled_jo..., site='todo.local', user='Administrator') (todo.local::scheduled_job::frappe.email.doctype.email_account.email_account.notify_unreplied)
2025-12-31 14:17:39,837 home-soundharya-todo:default: Job OK (todo.local::scheduled_job::frappe.email.doctype.email_account.email_account.notify_unreplied)
2025-12-31 14:17:39,837 Result is kept for 600 seconds
2025-12-31 14:17:39,840 home-soundharya-todo:default: frappe.utils.background_jobs.execute_job(event=None, is_async=True, job_name='frappe.core.doctype.scheduled_job_type.scheduled_job_type.run_scheduled_jo..., kwargs={'job_type': 'frappe.automation.doctype.reminder.reminder.send_reminders'}, method='frappe.core.doctype.scheduled_job_type.scheduled_job_type.run_scheduled_jo..., site='todo.local', user='Administrator') (todo.local::scheduled_job::frappe.automation.doctype.reminder.reminder.send_reminders)
2025-12-31 14:17:40,062 home-soundharya-todo:default: Job OK (todo.local::scheduled_job::frappe.automation.doctype.reminder.reminder.send_reminders)
2025-12-31 14:17:40,062 Result is kept for 600 seconds
2025-12-31 14:17:40,065 home-soundharya-todo:default: frappe.utils.background_jobs.execute_job(event=None, is_async=True, job_name='frappe.core.doctype.scheduled_job_type.scheduled_job_type.run_scheduled_jo..., kwargs={'job_type': 'frappe.integrations.doctype.google_calendar.google_calendar.s..., method='frappe.core.doctype.scheduled_job_type.scheduled_job_type.run_scheduled_jo..., site='todo.local', user='Administrator') (todo.local::scheduled_job::frappe.integrations.doctype.google_calendar.google_calendar.sync)
2025-12-31 14:17:40,388 home-soundharya-todo:default: Job OK (todo.local::scheduled_job::frappe.integrations.doctype.google_calendar.google_calendar.sync)
2025-12-31 14:17:40,388 Result is kept for 600 seconds
2025-12-31 14:17:40,391 home-soundharya-todo:default: frappe.utils.background_jobs.execute_job(event=None, is_async=True, job_name='frappe.core.doctype.scheduled_job_type.scheduled_job_type.run_scheduled_jo..., kwargs={'job_type': 'frappe.monitor.flush'}, method='frappe.core.doctype.scheduled_job_type.scheduled_job_type.run_scheduled_jo..., site='todo.local', user='Administrator') (todo.local::scheduled_job::frappe.monitor.flush)
2025-12-31 14:17:40,566 home-soundharya-todo:default: Job OK (todo.local::scheduled_job::frappe.monitor.flush)
2025-12-31 14:17:40,566 Result is kept for 600 seconds
2025-12-31 14:17:40,569 home-soundharya-todo:default: frappe.utils.background_jobs.execute_job(event=None, is_async=True, job_name='frappe.core.doctype.scheduled_job_type.scheduled_job_type.run_scheduled_jo..., kwargs={'job_type': 'frappe.utils.global_search.sync_global_search'}, method='frappe.core.doctype.scheduled_job_type.scheduled_job_type.run_scheduled_jo..., site='todo.local', user='Administrator') (todo.local::scheduled_job::frappe.utils.global_search.sync_global_search)
2025-12-31 14:17:40,773 home-soundharya-todo:default: Job OK (todo.local::scheduled_job::frappe.utils.global_search.sync_global_search)
2025-12-31 14:17:40,773 Result is kept for 600 seconds
2025-12-31 14:17:40,776 home-soundharya-todo:default: frappe.utils.background_jobs.execute_job(event=None, is_async=True, job_name='frappe.core.doctype.scheduled_job_type.scheduled_job_type.run_scheduled_jo..., kwargs={'job_type': 'frappe.email.doctype.email_account.email_account.pull'}, method='frappe.core.doctype.scheduled_job_type.scheduled_job_type.run_scheduled_jo..., site='todo.local', user='Administrator') (todo.local::scheduled_job::frappe.email.doctype.email_account.email_account.pull)
2025-12-31 14:17:41,001 home-soundharya-todo:default: Job OK (todo.local::scheduled_job::frappe.email.doctype.email_account.email_account.pull)
2025-12-31 14:17:41,001 Result is kept for 600 seconds
2025-12-31 14:17:41,004 home-soundharya-todo:default: frappe.utils.background_jobs.execute_job(event=None, is_async=True, job_name='frappe.core.doctype.scheduled_job_type.scheduled_job_type.run_scheduled_jo..., kwargs={'job_type': 'frappe.deferred_insert.save_to_db'}, method='frappe.core.doctype.scheduled_job_type.scheduled_job_type.run_scheduled_jo..., site='todo.local', user='Administrator') (todo.local::scheduled_job::frappe.deferred_insert.save_to_db)
2025-12-31 14:17:41,207 home-soundharya-todo:default: Job OK (todo.local::scheduled_job::frappe.deferred_insert.save_to_db)
2025-12-31 14:17:41,207 Result is kept for 600 seconds
2025-12-31 14:17:41,210 home-soundharya-todo:default: frappe.utils.background_jobs.execute_job(event=None, is_async=True, job_name='frappe.core.doctype.scheduled_job_type.scheduled_job_type.run_scheduled_jo..., kwargs={'job_type': 'frappe.email.queue.retry_sending_emails'}, method='frappe.core.doctype.scheduled_job_type.scheduled_job_type.run_scheduled_jo..., site='todo.local', user='Administrator') (todo.local::scheduled_job::frappe.email.queue.retry_sending_emails)
2025-12-31 14:17:41,404 home-soundharya-todo:default: Job OK (todo.local::scheduled_job::frappe.email.queue.retry_sending_emails)
2025-12-31 14:17:41,404 Result is kept for 600 seconds
2025-12-31 14:17:41,407 home-soundharya-todo:default: frappe.utils.background_jobs.execute_job(event=None, is_async=True, job_name='frappe.core.doctype.scheduled_job_type.scheduled_job_type.run_scheduled_jo..., kwargs={'job_type': 'frappe.email.queue.flush'}, method='frappe.core.doctype.scheduled_job_type.scheduled_job_type.run_scheduled_jo..., site='todo.local', user='Administrator') (todo.local::scheduled_job::frappe.email.queue.flush)
2025-12-31 14:17:41,647 home-soundharya-todo:default: Job OK (todo.local::scheduled_job::frappe.email.queue.flush)
2025-12-31 14:17:41,647 Result is kept for 600 seconds
2025-12-31 14:17:41,651 home-soundharya-todo:default: frappe.utils.background_jobs.execute_job(event=None, is_async=True, job_name='frappe.core.doctype.scheduled_job_type.scheduled_job_type.run_scheduled_jo..., kwargs={'job_type': 'frappe.email.doctype.newsletter.newsletter.send_scheduled_ema..., method='frappe.core.doctype.scheduled_job_type.scheduled_job_type.run_scheduled_jo..., site='todo.local', user='Administrator') (todo.local::scheduled_job::frappe.email.doctype.newsletter.newsletter.send_scheduled_email)
2025-12-31 14:17:41,873 home-soundharya-todo:default: Job OK (todo.local::scheduled_job::frappe.email.doctype.newsletter.newsletter.send_scheduled_email)
2025-12-31 14:17:41,873 Result is kept for 600 seconds
2025-12-31 14:17:41,876 home-soundharya-todo:default: frappe.utils.background_jobs.execute_job(event=None, is_async=True, job_name='frappe.core.doctype.scheduled_job_type.scheduled_job_type.run_scheduled_jo..., kwargs={'job_type': 'frappe.pulse.client.send_queued_events'}, method='frappe.core.doctype.scheduled_job_type.scheduled_job_type.run_scheduled_jo..., site='todo.local', user='Administrator') (todo.local::scheduled_job::frappe.pulse.client.send_queued_events)
2025-12-31 14:17:42,088 home-soundharya-todo:default: Job OK (todo.local::scheduled_job::frappe.pulse.client.send_queued_events)
2025-12-31 14:17:42,088 Result is kept for 600 seconds
2025-12-31 14:17:42,091 home-soundharya-todo:default: frappe.utils.background_jobs.execute_job(event=None, is_async=True, job_name='frappe.core.doctype.scheduled_job_type.scheduled_job_type.run_scheduled_jo..., kwargs={'job_type': 'frappe.search.sqlite_search.build_index_if_not_exists'}, method='frappe.core.doctype.scheduled_job_type.scheduled_job_type.run_scheduled_jo..., site='todo.local', user='Administrator') (todo.local::scheduled_job::frappe.search.sqlite_search.build_index_if_not_exists)
2025-12-31 14:17:42,300 home-soundharya-todo:default: Job OK (todo.local::scheduled_job::frappe.search.sqlite_search.build_index_if_not_exists)
2025-12-31 14:17:42,300 Result is kept for 600 seconds
2025-12-31 14:17:42,303 home-soundharya-todo:long: frappe.utils.background_jobs.execute_job(event=None, is_async=True, job_name='frappe.core.doctype.scheduled_job_type.scheduled_job_type.run_scheduled_jo..., kwargs={'job_type': 'frappe.twofactor.delete_all_barcodes_for_users'}, method='frappe.core.doctype.scheduled_job_type.scheduled_job_type.run_scheduled_jo..., site='todo.local', user='Administrator') (todo.local::scheduled_job::frappe.twofactor.delete_all_barcodes_for_users)
2025-12-31 14:17:42,517 home-soundharya-todo:long: Job OK (todo.local::scheduled_job::frappe.twofactor.delete_all_barcodes_for_users)
2025-12-31 14:17:42,517 Result is kept for 600 seconds
2025-12-31 14:17:42,520 home-soundharya-todo:long: frappe.utils.background_jobs.execute_job(event=None, is_async=True, job_name='frappe.core.doctype.scheduled_job_type.scheduled_job_type.run_scheduled_jo..., kwargs={'job_type': 'frappe.website.doctype.personal_data_deletion_request.persona..., method='frappe.core.doctype.scheduled_job_type.scheduled_job_type.run_scheduled_jo..., site='todo.local', user='Administrator') (todo.local::scheduled_job::frappe.website.doctype.personal_data_deletion_request.personal_data_deletion_request.process_data_deletion_request)
2025-12-31 14:17:42,746 home-soundharya-todo:long: Job OK (todo.local::scheduled_job::frappe.website.doctype.personal_data_deletion_request.personal_data_deletion_request.process_data_deletion_request)
2025-12-31 14:17:42,746 Result is kept for 600 seconds
2025-12-31 14:17:42,749 home-soundharya-todo:long: frappe.utils.background_jobs.execute_job(event=None, is_async=True, job_name='frappe.core.doctype.scheduled_job_type.scheduled_job_type.run_scheduled_jo..., kwargs={'job_type': 'frappe.oauth.delete_oauth2_data'}, method='frappe.core.doctype.scheduled_job_type.scheduled_job_type.run_scheduled_jo..., site='todo.local', user='Administrator') (todo.local::scheduled_job::frappe.oauth.delete_oauth2_data)
2025-12-31 14:17:42,970 home-soundharya-todo:long: Job OK (todo.local::scheduled_job::frappe.oauth.delete_oauth2_data)
2025-12-31 14:17:42,970 Result is kept for 600 seconds
2025-12-31 14:17:42,973 home-soundharya-todo:long: frappe.utils.background_jobs.execute_job(event=None, is_async=True, job_name='frappe.core.doctype.scheduled_job_type.scheduled_job_type.run_scheduled_jo..., kwargs={'job_type': 'frappe.desk.page.backups.backups.delete_downloadable_backups'..., method='frappe.core.doctype.scheduled_job_type.scheduled_job_type.run_scheduled_jo..., site='todo.local', user='Administrator') (todo.local::scheduled_job::frappe.desk.page.backups.backups.delete_downloadable_backups)
2025-12-31 14:17:43,177 home-soundharya-todo:long: Job OK (todo.local::scheduled_job::frappe.desk.page.backups.backups.delete_downloadable_backups)
2025-12-31 14:17:43,177 Result is kept for 600 seconds
2025-12-31 14:17:43,182 home-soundharya-todo:long: frappe.utils.background_jobs.execute_job(event=None, is_async=True, job_name='frappe.core.doctype.scheduled_job_type.scheduled_job_type.run_scheduled_jo..., kwargs={'job_type': 'frappe.website.doctype.web_page.web_page.check_publish_status..., method='frappe.core.doctype.scheduled_job_type.scheduled_job_type.run_scheduled_jo..., site='todo.local', user='Administrator') (todo.local::scheduled_job::frappe.website.doctype.web_page.web_page.check_publish_status)
2025-12-31 14:17:43,402 home-soundharya-todo:long: Job OK (todo.local::scheduled_job::frappe.website.doctype.web_page.web_page.check_publish_status)
2025-12-31 14:17:43,402 Result is kept for 600 seconds
2025-12-31 14:17:43,405 home-soundharya-todo:long: frappe.utils.background_jobs.execute_job(event=None, is_async=True, job_name='frappe.core.doctype.scheduled_job_type.scheduled_job_type.run_scheduled_jo..., kwargs={'job_type': 'frappe.core.doctype.prepared_report.prepared_report.expire_st..., method='frappe.core.doctype.scheduled_job_type.scheduled_job_type.run_scheduled_jo..., site='todo.local', user='Administrator') (todo.local::scheduled_job::frappe.core.doctype.prepared_report.prepared_report.expire_stalled_report)
2025-12-31 14:17:43,613 home-soundharya-todo:long: Job OK (todo.local::scheduled_job::frappe.core.doctype.prepared_report.prepared_report.expire_stalled_report)
2025-12-31 14:17:43,613 Result is kept for 600 seconds
2025-12-31 14:17:43,616 home-soundharya-todo:long: frappe.utils.background_jobs.execute_job(event=None, is_async=True, job_name='frappe.core.doctype.scheduled_job_type.scheduled_job_type.run_scheduled_jo..., kwargs={'job_type': 'frappe.desk.utils.delete_old_exported_report_files'}, method='frappe.core.doctype.scheduled_job_type.scheduled_job_type.run_scheduled_jo..., site='todo.local', user='Administrator') (todo.local::scheduled_job::frappe.desk.utils.delete_old_exported_report_files)
2025-12-31 14:17:43,842 home-soundharya-todo:long: Job OK (todo.local::scheduled_job::frappe.desk.utils.delete_old_exported_report_files)
2025-12-31 14:17:43,842 Result is kept for 600 seconds
2025-12-31 14:17:43,845 home-soundharya-todo:long: frappe.utils.background_jobs.execute_job(event=None, is_async=True, job_name='frappe.core.doctype.scheduled_job_type.scheduled_job_type.run_scheduled_jo..., kwargs={'job_type': 'frappe.desk.form.document_follow.send_hourly_updates'}, method='frappe.core.doctype.scheduled_job_type.scheduled_job_type.run_scheduled_jo..., site='todo.local', user='Administrator') (todo.local::scheduled_job::frappe.desk.form.document_follow.send_hourly_updates)
2025-12-31 14:17:44,049 home-soundharya-todo:long: Job OK (todo.local::scheduled_job::frappe.desk.form.document_follow.send_hourly_updates)
2025-12-31 14:17:44,050 Result is kept for 600 seconds
2025-12-31 14:17:44,053 home-soundharya-todo:long: frappe.utils.background_jobs.execute_job(event=None, is_async=True, job_name='frappe.core.doctype.scheduled_job_type.scheduled_job_type.run_scheduled_jo..., kwargs={'job_type': 'frappe.model.utils.user_settings.sync_user_settings'}, method='frappe.core.doctype.scheduled_job_type.scheduled_job_type.run_scheduled_jo..., site='todo.local', user='Administrator') (todo.local::scheduled_job::frappe.model.utils.user_settings.sync_user_settings)
2025-12-31 14:17:44,261 home-soundharya-todo:long: Job OK (todo.local::scheduled_job::frappe.model.utils.user_settings.sync_user_settings)
2025-12-31 14:17:44,261 Result is kept for 600 seconds
2025-12-31 14:20:39,741 home-soundharya-todo:default: frappe.utils.background_jobs.execute_job(event=None, is_async=True, job_name='frappe.core.doctype.scheduled_job_type.scheduled_job_type.run_scheduled_jo..., kwargs={'job_type': 'frappe.email.queue.retry_sending_emails'}, method='frappe.core.doctype.scheduled_job_type.scheduled_job_type.run_scheduled_jo..., site='todo.local', user='Administrator') (todo.local::scheduled_job::frappe.email.queue.retry_sending_emails)
2025-12-31 14:20:39,968 home-soundharya-todo:default: Job OK (todo.local::scheduled_job::frappe.email.queue.retry_sending_emails)
2025-12-31 14:20:39,968 Result is kept for 600 seconds
2025-12-31 14:20:39,971 home-soundharya-todo:default: frappe.utils.background_jobs.execute_job(event=None, is_async=True, job_name='frappe.core.doctype.scheduled_job_type.scheduled_job_type.run_scheduled_jo..., kwargs={'job_type': 'frappe.integrations.doctype.google_calendar.google_calendar.s..., method='frappe.core.doctype.scheduled_job_type.scheduled_job_type.run_scheduled_jo..., site='todo.local', user='Administrator') (todo.local::scheduled_job::frappe.integrations.doctype.google_calendar.google_calendar.sync)
2025-12-31 14:20:40,222 home-soundharya-todo:default: Job OK (todo.local::scheduled_job::frappe.integrations.doctype.google_calendar.google_calendar.sync)
2025-12-31 14:20:40,222 Result is kept for 600 seconds
2025-12-31 14:20:40,226 home-soundharya-todo:default: frappe.utils.background_jobs.execute_job(event=None, is_async=True, job_name='frappe.core.doctype.scheduled_job_type.scheduled_job_type.run_scheduled_jo..., kwargs={'job_type': 'frappe.monitor.flush'}, method='frappe.core.doctype.scheduled_job_type.scheduled_job_type.run_scheduled_jo..., site='todo.local', user='Administrator') (todo.local::scheduled_job::frappe.monitor.flush)
2025-12-31 14:20:40,403 home-soundharya-todo:default: Job OK (todo.local::scheduled_job::frappe.monitor.flush)
2025-12-31 14:20:40,403 Result is kept for 600 seconds
2025-12-31 14:20:40,406 home-soundharya-todo:default: frappe.utils.background_jobs.execute_job(event=None, is_async=True, job_name='frappe.core.doctype.scheduled_job_type.scheduled_job_type.run_scheduled_jo..., kwargs={'job_type': 'frappe.email.doctype.email_account.email_account.pull'}, method='frappe.core.doctype.scheduled_job_type.scheduled_job_type.run_scheduled_jo..., site='todo.local', user='Administrator') (todo.local::scheduled_job::frappe.email.doctype.email_account.email_account.pull)
2025-12-31 14:20:40,621 home-soundharya-todo:default: Job OK (todo.local::scheduled_job::frappe.email.doctype.email_account.email_account.pull)
2025-12-31 14:20:40,621 Result is kept for 600 seconds
2025-12-31 14:20:40,624 home-soundharya-todo:default: frappe.utils.background_jobs.execute_job(event=None, is_async=True, job_name='frappe.core.doctype.scheduled_job_type.scheduled_job_type.run_scheduled_jo..., kwargs={'job_type': 'frappe.email.queue.flush'}, method='frappe.core.doctype.scheduled_job_type.scheduled_job_type.run_scheduled_jo..., site='todo.local', user='Administrator') (todo.local::scheduled_job::frappe.email.queue.flush)
2025-12-31 14:20:40,857 home-soundharya-todo:default: Job OK (todo.local::scheduled_job::frappe.email.queue.flush)
2025-12-31 14:20:40,857 Result is kept for 600 seconds
2025-12-31 14:24:40,330 home-soundharya-todo:default: frappe.utils.background_jobs.execute_job(event=None, is_async=True, job_name='frappe.core.doctype.scheduled_job_type.scheduled_job_type.run_scheduled_jo..., kwargs={'job_type': 'frappe.email.queue.retry_sending_emails'}, method='frappe.core.doctype.scheduled_job_type.scheduled_job_type.run_scheduled_jo..., site='todo.local', user='Administrator') (todo.local::scheduled_job::frappe.email.queue.retry_sending_emails)
2025-12-31 14:24:40,517 home-soundharya-todo:default: Job OK (todo.local::scheduled_job::frappe.email.queue.retry_sending_emails)
2025-12-31 14:24:40,517 Result is kept for 600 seconds
2025-12-31 14:24:40,520 home-soundharya-todo:default: frappe.utils.background_jobs.execute_job(event=None, is_async=True, job_name='frappe.core.doctype.scheduled_job_type.scheduled_job_type.run_scheduled_jo..., kwargs={'job_type': 'frappe.email.queue.flush'}, method='frappe.core.doctype.scheduled_job_type.scheduled_job_type.run_scheduled_jo..., site='todo.local', user='Administrator') (todo.local::scheduled_job::frappe.email.queue.flush)
2025-12-31 14:24:40,746 home-soundharya-todo:default: Job OK (todo.local::scheduled_job::frappe.email.queue.flush)
2025-12-31 14:24:40,746 Result is kept for 600 seconds
2025-12-31 14:24:40,750 home-soundharya-todo:default: frappe.utils.background_jobs.execute_job(event=None, is_async=True, job_name='frappe.core.doctype.scheduled_job_type.scheduled_job_type.run_scheduled_jo..., kwargs={'job_type': 'frappe.monitor.flush'}, method='frappe.core.doctype.scheduled_job_type.scheduled_job_type.run_scheduled_jo..., site='todo.local', user='Administrator') (todo.local::scheduled_job::frappe.monitor.flush)
2025-12-31 14:24:40,923 home-soundharya-todo:default: Job OK (todo.local::scheduled_job::frappe.monitor.flush)
2025-12-31 14:24:40,923 Result is kept for 600 seconds
2025-12-31 14:24:40,926 home-soundharya-todo:default: frappe.utils.background_jobs.execute_job(event=None, is_async=True, job_name='frappe.core.doctype.scheduled_job_type.scheduled_job_type.run_scheduled_jo..., kwargs={'job_type': 'frappe.integrations.doctype.google_calendar.google_calendar.s..., method='frappe.core.doctype.scheduled_job_type.scheduled_job_type.run_scheduled_jo..., site='todo.local', user='Administrator') (todo.local::scheduled_job::frappe.integrations.doctype.google_calendar.google_calendar.sync)
2025-12-31 14:24:41,203 home-soundharya-todo:default: Job OK (todo.local::scheduled_job::frappe.integrations.doctype.google_calendar.google_calendar.sync)
2025-12-31 14:24:41,203 Result is kept for 600 seconds
2025-12-31 14:28:40,855 home-soundharya-todo:default: frappe.utils.background_jobs.execute_job(event=None, is_async=True, job_name='frappe.core.doctype.scheduled_job_type.scheduled_job_type.run_scheduled_jo..., kwargs={'job_type': 'frappe.email.queue.flush'}, method='frappe.core.doctype.scheduled_job_type.scheduled_job_type.run_scheduled_jo..., site='todo.local', user='Administrator') (todo.local::scheduled_job::frappe.email.queue.flush)
2025-12-31 14:28:41,121 home-soundharya-todo:default: Job OK (todo.local::scheduled_job::frappe.email.queue.flush)
2025-12-31 14:28:41,121 Result is kept for 600 seconds
2025-12-31 14:28:41,125 home-soundharya-todo:default: frappe.utils.background_jobs.execute_job(event=None, is_async=True, job_name='frappe.core.doctype.scheduled_job_type.scheduled_job_type.run_scheduled_jo..., kwargs={'job_type': 'frappe.integrations.doctype.google_calendar.google_calendar.s..., method='frappe.core.doctype.scheduled_job_type.scheduled_job_type.run_scheduled_jo..., site='todo.local', user='Administrator') (todo.local::scheduled_job::frappe.integrations.doctype.google_calendar.google_calendar.sync)
2025-12-31 14:28:41,377 home-soundharya-todo:default: Job OK (todo.local::scheduled_job::frappe.integrations.doctype.google_calendar.google_calendar.sync)
2025-12-31 14:28:41,377 Result is kept for 600 seconds
2025-12-31 14:28:41,380 home-soundharya-todo:default: frappe.utils.background_jobs.execute_job(event=None, is_async=True, job_name='frappe.core.doctype.scheduled_job_type.scheduled_job_type.run_scheduled_jo..., kwargs={'job_type': 'frappe.monitor.flush'}, method='frappe.core.doctype.scheduled_job_type.scheduled_job_type.run_scheduled_jo..., site='todo.local', user='Administrator') (todo.local::scheduled_job::frappe.monitor.flush)
2025-12-31 14:28:41,553 home-soundharya-todo:default: Job OK (todo.local::scheduled_job::frappe.monitor.flush)
2025-12-31 14:28:41,553 Result is kept for 600 seconds
2025-12-31 14:28:41,556 home-soundharya-todo:default: frappe.utils.background_jobs.execute_job(event=None, is_async=True, job_name='frappe.core.doctype.scheduled_job_type.scheduled_job_type.run_scheduled_jo..., kwargs={'job_type': 'frappe.email.queue.retry_sending_emails'}, method='frappe.core.doctype.scheduled_job_type.scheduled_job_type.run_scheduled_jo..., site='todo.local', user='Administrator') (todo.local::scheduled_job::frappe.email.queue.retry_sending_emails)
2025-12-31 14:28:41,739 home-soundharya-todo:default: Job OK (todo.local::scheduled_job::frappe.email.queue.retry_sending_emails)
2025-12-31 14:28:41,739 Result is kept for 600 seconds
2025-12-31 14:30:41,148 home-soundharya-todo:default: frappe.utils.background_jobs.execute_job(event=None, is_async=True, job_name='frappe.core.doctype.scheduled_job_type.scheduled_job_type.run_scheduled_jo..., kwargs={'job_type': 'frappe.pulse.client.send_queued_events'}, method='frappe.core.doctype.scheduled_job_type.scheduled_job_type.run_scheduled_jo..., site='todo.local', user='Administrator') (todo.local::scheduled_job::frappe.pulse.client.send_queued_events)
2025-12-31 14:30:41,404 home-soundharya-todo:default: Job OK (todo.local::scheduled_job::frappe.pulse.client.send_queued_events)
2025-12-31 14:30:41,404 Result is kept for 600 seconds
2025-12-31 14:30:41,408 home-soundharya-todo:default: frappe.utils.background_jobs.execute_job(event=None, is_async=True, job_name='frappe.core.doctype.scheduled_job_type.scheduled_job_type.run_scheduled_jo..., kwargs={'job_type': 'frappe.automation.doctype.reminder.reminder.send_reminders'}, method='frappe.core.doctype.scheduled_job_type.scheduled_job_type.run_scheduled_jo..., site='todo.local', user='Administrator') (todo.local::scheduled_job::frappe.automation.doctype.reminder.reminder.send_reminders)
2025-12-31 14:30:41,618 home-soundharya-todo:default: Job OK (todo.local::scheduled_job::frappe.automation.doctype.reminder.reminder.send_reminders)
2025-12-31 14:30:41,618 Result is kept for 600 seconds
2025-12-31 14:30:41,621 home-soundharya-todo:default: frappe.utils.background_jobs.execute_job(event=None, is_async=True, job_name='frappe.core.doctype.scheduled_job_type.scheduled_job_type.run_scheduled_jo..., kwargs={'job_type': 'frappe.email.doctype.email_account.email_account.notify_unrep..., method='frappe.core.doctype.scheduled_job_type.scheduled_job_type.run_scheduled_jo..., site='todo.local', user='Administrator') (todo.local::scheduled_job::frappe.email.doctype.email_account.email_account.notify_unreplied)
2025-12-31 14:30:41,828 home-soundharya-todo:default: Job OK (todo.local::scheduled_job::frappe.email.doctype.email_account.email_account.notify_unreplied)
2025-12-31 14:30:41,828 Result is kept for 600 seconds
2025-12-31 14:30:41,832 home-soundharya-todo:default: frappe.utils.background_jobs.execute_job(event=None, is_async=True, job_name='frappe.core.doctype.scheduled_job_type.scheduled_job_type.run_scheduled_jo..., kwargs={'job_type': 'frappe.model.utils.link_count.update_link_count'}, method='frappe.core.doctype.scheduled_job_type.scheduled_job_type.run_scheduled_jo..., site='todo.local', user='Administrator') (todo.local::scheduled_job::frappe.model.utils.link_count.update_link_count)
2025-12-31 14:30:42,036 home-soundharya-todo:default: Job OK (todo.local::scheduled_job::frappe.model.utils.link_count.update_link_count)
2025-12-31 14:30:42,036 Result is kept for 600 seconds
2025-12-31 14:30:42,040 home-soundharya-todo:default: frappe.utils.background_jobs.execute_job(event=None, is_async=True, job_name='frappe.core.doctype.scheduled_job_type.scheduled_job_type.run_scheduled_jo..., kwargs={'job_type': 'frappe.utils.global_search.sync_global_search'}, method='frappe.core.doctype.scheduled_job_type.scheduled_job_type.run_scheduled_jo..., site='todo.local', user='Administrator') (todo.local::scheduled_job::frappe.utils.global_search.sync_global_search)
2025-12-31 14:30:42,250 home-soundharya-todo:default: Job OK (todo.local::scheduled_job::frappe.utils.global_search.sync_global_search)
2025-12-31 14:30:42,250 Result is kept for 600 seconds
2025-12-31 14:30:42,254 home-soundharya-todo:default: frappe.utils.background_jobs.execute_job(event=None, is_async=True, job_name='frappe.core.doctype.scheduled_job_type.scheduled_job_type.run_scheduled_jo..., kwargs={'job_type': 'frappe.deferred_insert.save_to_db'}, method='frappe.core.doctype.scheduled_job_type.scheduled_job_type.run_scheduled_jo..., site='todo.local', user='Administrator') (todo.local::scheduled_job::frappe.deferred_insert.save_to_db)
2025-12-31 14:30:42,504 home-soundharya-todo:default: Job OK (todo.local::scheduled_job::frappe.deferred_insert.save_to_db)
2025-12-31 14:30:42,504 Result is kept for 600 seconds
2025-12-31 14:30:42,508 home-soundharya-todo:default: frappe.utils.background_jobs.execute_job(event=None, is_async=True, job_name='frappe.core.doctype.scheduled_job_type.scheduled_job_type.run_scheduled_jo..., kwargs={'job_type': 'frappe.search.sqlite_search.build_index_if_not_exists'}, method='frappe.core.doctype.scheduled_job_type.scheduled_job_type.run_scheduled_jo..., site='todo.local', user='Administrator') (todo.local::scheduled_job::frappe.search.sqlite_search.build_index_if_not_exists)
2025-12-31 14:30:42,710 home-soundharya-todo:default: Job OK (todo.local::scheduled_job::frappe.search.sqlite_search.build_index_if_not_exists)
2025-12-31 14:30:42,710 Result is kept for 600 seconds
2025-12-31 14:30:42,713 home-soundharya-todo:default: frappe.utils.background_jobs.execute_job(event=None, is_async=True, job_name='frappe.core.doctype.scheduled_job_type.scheduled_job_type.run_scheduled_jo..., kwargs={'job_type': 'frappe.email.doctype.email_account.email_account.pull'}, method='frappe.core.doctype.scheduled_job_type.scheduled_job_type.run_scheduled_jo..., site='todo.local', user='Administrator') (todo.local::scheduled_job::frappe.email.doctype.email_account.email_account.pull)
2025-12-31 14:30:42,935 home-soundharya-todo:default: Job OK (todo.local::scheduled_job::frappe.email.doctype.email_account.email_account.pull)
2025-12-31 14:30:42,935 Result is kept for 600 seconds
2025-12-31 14:32:41,476 home-soundharya-todo:default: frappe.utils.background_jobs.execute_job(event=None, is_async=True, job_name='frappe.core.doctype.scheduled_job_type.scheduled_job_type.run_scheduled_jo..., kwargs={'job_type': 'frappe.integrations.doctype.google_calendar.google_calendar.s..., method='frappe.core.doctype.scheduled_job_type.scheduled_job_type.run_scheduled_jo..., site='todo.local', user='Administrator') (todo.local::scheduled_job::frappe.integrations.doctype.google_calendar.google_calendar.sync)
2025-12-31 14:32:41,763 home-soundharya-todo:default: Job OK (todo.local::scheduled_job::frappe.integrations.doctype.google_calendar.google_calendar.sync)
2025-12-31 14:32:41,763 Result is kept for 600 seconds
2025-12-31 14:32:41,766 home-soundharya-todo:default: frappe.utils.background_jobs.execute_job(event=None, is_async=True, job_name='frappe.core.doctype.scheduled_job_type.scheduled_job_type.run_scheduled_jo..., kwargs={'job_type': 'frappe.email.queue.retry_sending_emails'}, method='frappe.core.doctype.scheduled_job_type.scheduled_job_type.run_scheduled_jo..., site='todo.local', user='Administrator') (todo.local::scheduled_job::frappe.email.queue.retry_sending_emails)
2025-12-31 14:32:41,946 home-soundharya-todo:default: Job OK (todo.local::scheduled_job::frappe.email.queue.retry_sending_emails)
2025-12-31 14:32:41,946 Result is kept for 600 seconds
2025-12-31 14:32:41,949 home-soundharya-todo:default: frappe.utils.background_jobs.execute_job(event=None, is_async=True, job_name='frappe.core.doctype.scheduled_job_type.scheduled_job_type.run_scheduled_jo..., kwargs={'job_type': 'frappe.monitor.flush'}, method='frappe.core.doctype.scheduled_job_type.scheduled_job_type.run_scheduled_jo..., site='todo.local', user='Administrator') (todo.local::scheduled_job::frappe.monitor.flush)
2025-12-31 14:32:42,121 home-soundharya-todo:default: Job OK (todo.local::scheduled_job::frappe.monitor.flush)
2025-12-31 14:32:42,121 Result is kept for 600 seconds
2025-12-31 14:32:42,124 home-soundharya-todo:default: frappe.utils.background_jobs.execute_job(event=None, is_async=True, job_name='frappe.core.doctype.scheduled_job_type.scheduled_job_type.run_scheduled_jo..., kwargs={'job_type': 'frappe.email.queue.flush'}, method='frappe.core.doctype.scheduled_job_type.scheduled_job_type.run_scheduled_jo..., site='todo.local', user='Administrator') (todo.local::scheduled_job::frappe.email.queue.flush)
2025-12-31 14:32:42,350 home-soundharya-todo:default: Job OK (todo.local::scheduled_job::frappe.email.queue.flush)
2025-12-31 14:32:42,351 Result is kept for 600 seconds
2025-12-31 14:36:42,012 home-soundharya-todo:default: frappe.utils.background_jobs.execute_job(event=None, is_async=True, job_name='frappe.core.doctype.scheduled_job_type.scheduled_job_type.run_scheduled_jo..., kwargs={'job_type': 'frappe.integrations.doctype.google_calendar.google_calendar.s..., method='frappe.core.doctype.scheduled_job_type.scheduled_job_type.run_scheduled_jo..., site='todo.local', user='Administrator') (todo.local::scheduled_job::frappe.integrations.doctype.google_calendar.google_calendar.sync)
2025-12-31 14:36:42,265 home-soundharya-todo:default: Job OK (todo.local::scheduled_job::frappe.integrations.doctype.google_calendar.google_calendar.sync)
2025-12-31 14:36:42,265 Result is kept for 600 seconds
2025-12-31 14:36:42,269 home-soundharya-todo:default: frappe.utils.background_jobs.execute_job(event=None, is_async=True, job_name='frappe.core.doctype.scheduled_job_type.scheduled_job_type.run_scheduled_jo..., kwargs={'job_type': 'frappe.email.queue.retry_sending_emails'}, method='frappe.core.doctype.scheduled_job_type.scheduled_job_type.run_scheduled_jo..., site='todo.local', user='Administrator') (todo.local::scheduled_job::frappe.email.queue.retry_sending_emails)
2025-12-31 14:36:42,446 home-soundharya-todo:default: Job OK (todo.local::scheduled_job::frappe.email.queue.retry_sending_emails)
2025-12-31 14:36:42,446 Result is kept for 600 seconds
2025-12-31 14:36:42,449 home-soundharya-todo:default: frappe.utils.background_jobs.execute_job(event=None, is_async=True, job_name='frappe.core.doctype.scheduled_job_type.scheduled_job_type.run_scheduled_jo..., kwargs={'job_type': 'frappe.monitor.flush'}, method='frappe.core.doctype.scheduled_job_type.scheduled_job_type.run_scheduled_jo..., site='todo.local', user='Administrator') (todo.local::scheduled_job::frappe.monitor.flush)
2025-12-31 14:36:42,621 home-soundharya-todo:default: Job OK (todo.local::scheduled_job::frappe.monitor.flush)
2025-12-31 14:36:42,621 Result is kept for 600 seconds
2025-12-31 14:36:42,624 home-soundharya-todo:default: frappe.utils.background_jobs.execute_job(event=None, is_async=True, job_name='frappe.core.doctype.scheduled_job_type.scheduled_job_type.run_scheduled_jo..., kwargs={'job_type': 'frappe.email.queue.flush'}, method='frappe.core.doctype.scheduled_job_type.scheduled_job_type.run_scheduled_jo..., site='todo.local', user='Administrator') (todo.local::scheduled_job::frappe.email.queue.flush)
2025-12-31 14:36:42,849 home-soundharya-todo:default: Job OK (todo.local::scheduled_job::frappe.email.queue.flush)
2025-12-31 14:36:42,849 Result is kept for 600 seconds
2025-12-31 14:40:42,551 home-soundharya-todo:default: frappe.utils.background_jobs.execute_job(event=None, is_async=True, job_name='frappe.core.doctype.scheduled_job_type.scheduled_job_type.run_scheduled_jo..., kwargs={'job_type': 'frappe.monitor.flush'}, method='frappe.core.doctype.scheduled_job_type.scheduled_job_type.run_scheduled_jo..., site='todo.local', user='Administrator') (todo.local::scheduled_job::frappe.monitor.flush)
2025-12-31 14:40:42,734 home-soundharya-todo:default: Job OK (todo.local::scheduled_job::frappe.monitor.flush)
2025-12-31 14:40:42,734 Result is kept for 600 seconds
2025-12-31 14:40:42,737 Cleaning registries for queue: home-soundharya-todo:short
2025-12-31 14:40:42,737 Cleaning registries for queue: home-soundharya-todo:default
2025-12-31 14:40:42,737 Cleaning registries for queue: home-soundharya-todo:long
2025-12-31 14:40:42,738 home-soundharya-todo:default: frappe.utils.background_jobs.execute_job(event=None, is_async=True, job_name='frappe.core.doctype.scheduled_job_type.scheduled_job_type.run_scheduled_jo..., kwargs={'job_type': 'frappe.integrations.doctype.google_calendar.google_calendar.s..., method='frappe.core.doctype.scheduled_job_type.scheduled_job_type.run_scheduled_jo..., site='todo.local', user='Administrator') (todo.local::scheduled_job::frappe.integrations.doctype.google_calendar.google_calendar.sync)
2025-12-31 14:40:42,986 home-soundharya-todo:default: Job OK (todo.local::scheduled_job::frappe.integrations.doctype.google_calendar.google_calendar.sync)
2025-12-31 14:40:42,986 Result is kept for 600 seconds
2025-12-31 14:40:42,990 home-soundharya-todo:default: frappe.utils.background_jobs.execute_job(event=None, is_async=True, job_name='frappe.core.doctype.scheduled_job_type.scheduled_job_type.run_scheduled_jo..., kwargs={'job_type': 'frappe.email.queue.retry_sending_emails'}, method='frappe.core.doctype.scheduled_job_type.scheduled_job_type.run_scheduled_jo..., site='todo.local', user='Administrator') (todo.local::scheduled_job::frappe.email.queue.retry_sending_emails)
2025-12-31 14:40:43,170 home-soundharya-todo:default: Job OK (todo.local::scheduled_job::frappe.email.queue.retry_sending_emails)
2025-12-31 14:40:43,170 Result is kept for 600 seconds
2025-12-31 14:40:43,173 home-soundharya-todo:default: frappe.utils.background_jobs.execute_job(event=None, is_async=True, job_name='frappe.core.doctype.scheduled_job_type.scheduled_job_type.run_scheduled_jo..., kwargs={'job_type': 'frappe.email.queue.flush'}, method='frappe.core.doctype.scheduled_job_type.scheduled_job_type.run_scheduled_jo..., site='todo.local', user='Administrator') (todo.local::scheduled_job::frappe.email.queue.flush)
2025-12-31 14:40:43,397 home-soundharya-todo:default: Job OK (todo.local::scheduled_job::frappe.email.queue.flush)
2025-12-31 14:40:43,397 Result is kept for 600 seconds
2025-12-31 14:41:42,692 home-soundharya-todo:default: frappe.utils.background_jobs.execute_job(event=None, is_async=True, job_name='frappe.core.doctype.scheduled_job_type.scheduled_job_type.run_scheduled_jo..., kwargs={'job_type': 'frappe.email.doctype.email_account.email_account.pull'}, method='frappe.core.doctype.scheduled_job_type.scheduled_job_type.run_scheduled_jo..., site='todo.local', user='Administrator') (todo.local::scheduled_job::frappe.email.doctype.email_account.email_account.pull)
2025-12-31 14:41:42,951 home-soundharya-todo:default: Job OK (todo.local::scheduled_job::frappe.email.doctype.email_account.email_account.pull)
2025-12-31 14:41:42,951 Result is kept for 600 seconds
2025-12-31 14:44:43,053 home-soundharya-todo:default: frappe.utils.background_jobs.execute_job(event=None, is_async=True, job_name='frappe.core.doctype.scheduled_job_type.scheduled_job_type.run_scheduled_jo..., kwargs={'job_type': 'frappe.monitor.flush'}, method='frappe.core.doctype.scheduled_job_type.scheduled_job_type.run_scheduled_jo..., site='todo.local', user='Administrator') (todo.local::scheduled_job::frappe.monitor.flush)
2025-12-31 14:44:43,272 home-soundharya-todo:default: Job OK (todo.local::scheduled_job::frappe.monitor.flush)
2025-12-31 14:44:43,273 Result is kept for 600 seconds
2025-12-31 14:44:43,279 home-soundharya-todo:default: frappe.utils.background_jobs.execute_job(event=None, is_async=True, job_name='frappe.core.doctype.scheduled_job_type.scheduled_job_type.run_scheduled_jo..., kwargs={'job_type': 'frappe.integrations.doctype.google_calendar.google_calendar.s..., method='frappe.core.doctype.scheduled_job_type.scheduled_job_type.run_scheduled_jo..., site='todo.local', user='Administrator') (todo.local::scheduled_job::frappe.integrations.doctype.google_calendar.google_calendar.sync)
2025-12-31 14:44:43,532 home-soundharya-todo:default: Job OK (todo.local::scheduled_job::frappe.integrations.doctype.google_calendar.google_calendar.sync)
2025-12-31 14:44:43,532 Result is kept for 600 seconds
2025-12-31 14:44:43,536 home-soundharya-todo:default: frappe.utils.background_jobs.execute_job(event=None, is_async=True, job_name='frappe.core.doctype.scheduled_job_type.scheduled_job_type.run_scheduled_jo..., kwargs={'job_type': 'frappe.email.queue.flush'}, method='frappe.core.doctype.scheduled_job_type.scheduled_job_type.run_scheduled_jo..., site='todo.local', user='Administrator') (todo.local::scheduled_job::frappe.email.queue.flush)
2025-12-31 14:44:43,760 home-soundharya-todo:default: Job OK (todo.local::scheduled_job::frappe.email.queue.flush)
2025-12-31 14:44:43,760 Result is kept for 600 seconds
2025-12-31 14:44:43,763 home-soundharya-todo:default: frappe.utils.background_jobs.execute_job(event=None, is_async=True, job_name='frappe.core.doctype.scheduled_job_type.scheduled_job_type.run_scheduled_jo..., kwargs={'job_type': 'frappe.email.queue.retry_sending_emails'}, method='frappe.core.doctype.scheduled_job_type.scheduled_job_type.run_scheduled_jo..., site='todo.local', user='Administrator') (todo.local::scheduled_job::frappe.email.queue.retry_sending_emails)
2025-12-31 14:44:43,941 home-soundharya-todo:default: Job OK (todo.local::scheduled_job::frappe.email.queue.retry_sending_emails)
2025-12-31 14:44:43,941 Result is kept for 600 seconds
2025-12-31 14:45:43,210 home-soundharya-todo:default: frappe.utils.background_jobs.execute_job(event=None, is_async=True, job_name='frappe.core.doctype.scheduled_job_type.scheduled_job_type.run_scheduled_jo..., kwargs={'job_type': 'frappe.utils.global_search.sync_global_search'}, method='frappe.core.doctype.scheduled_job_type.scheduled_job_type.run_scheduled_jo..., site='todo.local', user='Administrator') (todo.local::scheduled_job::frappe.utils.global_search.sync_global_search)
2025-12-31 14:45:43,444 home-soundharya-todo:default: Job OK (todo.local::scheduled_job::frappe.utils.global_search.sync_global_search)
2025-12-31 14:45:43,444 Result is kept for 600 seconds
2025-12-31 14:45:43,447 home-soundharya-todo:default: frappe.utils.background_jobs.execute_job(event=None, is_async=True, job_name='frappe.core.doctype.scheduled_job_type.scheduled_job_type.run_scheduled_jo..., kwargs={'job_type': 'frappe.automation.doctype.reminder.reminder.send_reminders'}, method='frappe.core.doctype.scheduled_job_type.scheduled_job_type.run_scheduled_jo..., site='todo.local', user='Administrator') (todo.local::scheduled_job::frappe.automation.doctype.reminder.reminder.send_reminders)
2025-12-31 14:45:43,669 home-soundharya-todo:default: Job OK (todo.local::scheduled_job::frappe.automation.doctype.reminder.reminder.send_reminders)
2025-12-31 14:45:43,669 Result is kept for 600 seconds
2025-12-31 14:45:43,673 home-soundharya-todo:default: frappe.utils.background_jobs.execute_job(event=None, is_async=True, job_name='frappe.core.doctype.scheduled_job_type.scheduled_job_type.run_scheduled_jo..., kwargs={'job_type': 'frappe.email.doctype.email_account.email_account.notify_unrep..., method='frappe.core.doctype.scheduled_job_type.scheduled_job_type.run_scheduled_jo..., site='todo.local', user='Administrator') (todo.local::scheduled_job::frappe.email.doctype.email_account.email_account.notify_unreplied)
2025-12-31 14:45:43,929 home-soundharya-todo:default: Job OK (todo.local::scheduled_job::frappe.email.doctype.email_account.email_account.notify_unreplied)
2025-12-31 14:45:43,929 Result is kept for 600 seconds
2025-12-31 14:45:43,932 home-soundharya-todo:default: frappe.utils.background_jobs.execute_job(event=None, is_async=True, job_name='frappe.core.doctype.scheduled_job_type.scheduled_job_type.run_scheduled_jo..., kwargs={'job_type': 'frappe.deferred_insert.save_to_db'}, method='frappe.core.doctype.scheduled_job_type.scheduled_job_type.run_scheduled_jo..., site='todo.local', user='Administrator') (todo.local::scheduled_job::frappe.deferred_insert.save_to_db)
2025-12-31 14:45:44,212 home-soundharya-todo:default: Job OK (todo.local::scheduled_job::frappe.deferred_insert.save_to_db)
2025-12-31 14:45:44,212 Result is kept for 600 seconds
2025-12-31 14:45:44,218 home-soundharya-todo:default: frappe.utils.background_jobs.execute_job(event=None, is_async=True, job_name='frappe.core.doctype.scheduled_job_type.scheduled_job_type.run_scheduled_jo..., kwargs={'job_type': 'frappe.search.sqlite_search.build_index_if_not_exists'}, method='frappe.core.doctype.scheduled_job_type.scheduled_job_type.run_scheduled_jo..., site='todo.local', user='Administrator') (todo.local::scheduled_job::frappe.search.sqlite_search.build_index_if_not_exists)
2025-12-31 14:45:44,491 home-soundharya-todo:default: Job OK (todo.local::scheduled_job::frappe.search.sqlite_search.build_index_if_not_exists)
2025-12-31 14:45:44,491 Result is kept for 600 seconds
2025-12-31 14:45:44,495 home-soundharya-todo:default: frappe.utils.background_jobs.execute_job(event=None, is_async=True, job_name='frappe.core.doctype.scheduled_job_type.scheduled_job_type.run_scheduled_jo..., kwargs={'job_type': 'frappe.model.utils.link_count.update_link_count'}, method='frappe.core.doctype.scheduled_job_type.scheduled_job_type.run_scheduled_jo..., site='todo.local', user='Administrator') (todo.local::scheduled_job::frappe.model.utils.link_count.update_link_count)
2025-12-31 14:45:44,739 home-soundharya-todo:default: Job OK (todo.local::scheduled_job::frappe.model.utils.link_count.update_link_count)
2025-12-31 14:45:44,739 Result is kept for 600 seconds
2025-12-31 14:45:44,743 home-soundharya-todo:default: frappe.utils.background_jobs.execute_job(event=None, is_async=True, job_name='frappe.core.doctype.scheduled_job_type.scheduled_job_type.run_scheduled_jo..., kwargs={'job_type': 'frappe.pulse.client.send_queued_events'}, method='frappe.core.doctype.scheduled_job_type.scheduled_job_type.run_scheduled_jo..., site='todo.local', user='Administrator') (todo.local::scheduled_job::frappe.pulse.client.send_queued_events)
2025-12-31 14:45:44,957 home-soundharya-todo:default: Job OK (todo.local::scheduled_job::frappe.pulse.client.send_queued_events)
2025-12-31 14:45:44,957 Result is kept for 600 seconds
2025-12-31 14:48:43,676 home-soundharya-todo:default: frappe.utils.background_jobs.execute_job(event=None, is_async=True, job_name='frappe.core.doctype.scheduled_job_type.scheduled_job_type.run_scheduled_jo..., kwargs={'job_type': 'frappe.email.queue.retry_sending_emails'}, method='frappe.core.doctype.scheduled_job_type.scheduled_job_type.run_scheduled_jo..., site='todo.local', user='Administrator') (todo.local::scheduled_job::frappe.email.queue.retry_sending_emails)
2025-12-31 14:48:43,943 home-soundharya-todo:default: Job OK (todo.local::scheduled_job::frappe.email.queue.retry_sending_emails)
2025-12-31 14:48:43,943 Result is kept for 600 seconds
2025-12-31 14:48:43,949 home-soundharya-todo:default: frappe.utils.background_jobs.execute_job(event=None, is_async=True, job_name='frappe.core.doctype.scheduled_job_type.scheduled_job_type.run_scheduled_jo..., kwargs={'job_type': 'frappe.monitor.flush'}, method='frappe.core.doctype.scheduled_job_type.scheduled_job_type.run_scheduled_jo..., site='todo.local', user='Administrator') (todo.local::scheduled_job::frappe.monitor.flush)
2025-12-31 14:48:44,146 home-soundharya-todo:default: Job OK (todo.local::scheduled_job::frappe.monitor.flush)
2025-12-31 14:48:44,146 Result is kept for 600 seconds
2025-12-31 14:48:44,150 home-soundharya-todo:default: frappe.utils.background_jobs.execute_job(event=None, is_async=True, job_name='frappe.core.doctype.scheduled_job_type.scheduled_job_type.run_scheduled_jo..., kwargs={'job_type': 'frappe.integrations.doctype.google_calendar.google_calendar.s..., method='frappe.core.doctype.scheduled_job_type.scheduled_job_type.run_scheduled_jo..., site='todo.local', user='Administrator') (todo.local::scheduled_job::frappe.integrations.doctype.google_calendar.google_calendar.sync)
2025-12-31 14:48:44,425 home-soundharya-todo:default: Job OK (todo.local::scheduled_job::frappe.integrations.doctype.google_calendar.google_calendar.sync)
2025-12-31 14:48:44,426 Result is kept for 600 seconds
2025-12-31 14:48:44,431 home-soundharya-todo:default: frappe.utils.background_jobs.execute_job(event=None, is_async=True, job_name='frappe.core.doctype.scheduled_job_type.scheduled_job_type.run_scheduled_jo..., kwargs={'job_type': 'frappe.email.queue.flush'}, method='frappe.core.doctype.scheduled_job_type.scheduled_job_type.run_scheduled_jo..., site='todo.local', user='Administrator') (todo.local::scheduled_job::frappe.email.queue.flush)
2025-12-31 14:48:44,672 home-soundharya-todo:default: Job OK (todo.local::scheduled_job::frappe.email.queue.flush)
2025-12-31 14:48:44,672 Result is kept for 600 seconds
2025-12-31 14:50:44,031 home-soundharya-todo:default: frappe.utils.background_jobs.execute_job(event=None, is_async=True, job_name='frappe.core.doctype.scheduled_job_type.scheduled_job_type.run_scheduled_jo..., kwargs={'job_type': 'frappe.email.doctype.email_account.email_account.pull'}, method='frappe.core.doctype.scheduled_job_type.scheduled_job_type.run_scheduled_jo..., site='todo.local', user='Administrator') (todo.local::scheduled_job::frappe.email.doctype.email_account.email_account.pull)
2025-12-31 14:50:44,264 home-soundharya-todo:default: Job OK (todo.local::scheduled_job::frappe.email.doctype.email_account.email_account.pull)
2025-12-31 14:50:44,264 Result is kept for 600 seconds
2025-12-31 14:52:44,298 home-soundharya-todo:default: frappe.utils.background_jobs.execute_job(event=None, is_async=True, job_name='frappe.core.doctype.scheduled_job_type.scheduled_job_type.run_scheduled_jo..., kwargs={'job_type': 'frappe.integrations.doctype.google_calendar.google_calendar.s..., method='frappe.core.doctype.scheduled_job_type.scheduled_job_type.run_scheduled_jo..., site='todo.local', user='Administrator') (todo.local::scheduled_job::frappe.integrations.doctype.google_calendar.google_calendar.sync)
2025-12-31 14:52:44,553 home-soundharya-todo:default: Job OK (todo.local::scheduled_job::frappe.integrations.doctype.google_calendar.google_calendar.sync)
2025-12-31 14:52:44,554 Result is kept for 600 seconds
2025-12-31 14:52:44,558 home-soundharya-todo:default: frappe.utils.background_jobs.execute_job(event=None, is_async=True, job_name='frappe.core.doctype.scheduled_job_type.scheduled_job_type.run_scheduled_jo..., kwargs={'job_type': 'frappe.email.queue.flush'}, method='frappe.core.doctype.scheduled_job_type.scheduled_job_type.run_scheduled_jo..., site='todo.local', user='Administrator') (todo.local::scheduled_job::frappe.email.queue.flush)
2025-12-31 14:52:44,782 home-soundharya-todo:default: Job OK (todo.local::scheduled_job::frappe.email.queue.flush)
2025-12-31 14:52:44,782 Result is kept for 600 seconds
2025-12-31 14:52:44,786 home-soundharya-todo:default: frappe.utils.background_jobs.execute_job(event=None, is_async=True, job_name='frappe.core.doctype.scheduled_job_type.scheduled_job_type.run_scheduled_jo..., kwargs={'job_type': 'frappe.monitor.flush'}, method='frappe.core.doctype.scheduled_job_type.scheduled_job_type.run_scheduled_jo..., site='todo.local', user='Administrator') (todo.local::scheduled_job::frappe.monitor.flush)
2025-12-31 14:52:44,960 home-soundharya-todo:default: Job OK (todo.local::scheduled_job::frappe.monitor.flush)
2025-12-31 14:52:44,960 Result is kept for 600 seconds
2025-12-31 14:52:44,964 home-soundharya-todo:default: frappe.utils.background_jobs.execute_job(event=None, is_async=True, job_name='frappe.core.doctype.scheduled_job_type.scheduled_job_type.run_scheduled_jo..., kwargs={'job_type': 'frappe.email.queue.retry_sending_emails'}, method='frappe.core.doctype.scheduled_job_type.scheduled_job_type.run_scheduled_jo..., site='todo.local', user='Administrator') (todo.local::scheduled_job::frappe.email.queue.retry_sending_emails)
2025-12-31 14:52:45,144 home-soundharya-todo:default: Job OK (todo.local::scheduled_job::frappe.email.queue.retry_sending_emails)
2025-12-31 14:52:45,144 Result is kept for 600 seconds
2025-12-31 14:56:44,937 home-soundharya-todo:default: frappe.utils.background_jobs.execute_job(event=None, is_async=True, job_name='frappe.core.doctype.scheduled_job_type.scheduled_job_type.run_scheduled_jo..., kwargs={'job_type': 'frappe.monitor.flush'}, method='frappe.core.doctype.scheduled_job_type.scheduled_job_type.run_scheduled_jo..., site='todo.local', user='Administrator') (todo.local::scheduled_job::frappe.monitor.flush)
2025-12-31 14:56:45,146 home-soundharya-todo:default: Job OK (todo.local::scheduled_job::frappe.monitor.flush)
2025-12-31 14:56:45,146 Result is kept for 600 seconds
2025-12-31 14:56:45,150 home-soundharya-todo:default: frappe.utils.background_jobs.execute_job(event=None, is_async=True, job_name='frappe.core.doctype.scheduled_job_type.scheduled_job_type.run_scheduled_jo..., kwargs={'job_type': 'frappe.email.queue.retry_sending_emails'}, method='frappe.core.doctype.scheduled_job_type.scheduled_job_type.run_scheduled_jo..., site='todo.local', user='Administrator') (todo.local::scheduled_job::frappe.email.queue.retry_sending_emails)
2025-12-31 14:56:45,356 home-soundharya-todo:default: Job OK (todo.local::scheduled_job::frappe.email.queue.retry_sending_emails)
2025-12-31 14:56:45,356 Result is kept for 600 seconds
2025-12-31 14:56:45,360 home-soundharya-todo:default: frappe.utils.background_jobs.execute_job(event=None, is_async=True, job_name='frappe.core.doctype.scheduled_job_type.scheduled_job_type.run_scheduled_jo..., kwargs={'job_type': 'frappe.email.queue.flush'}, method='frappe.core.doctype.scheduled_job_type.scheduled_job_type.run_scheduled_jo..., site='todo.local', user='Administrator') (todo.local::scheduled_job::frappe.email.queue.flush)
2025-12-31 14:56:45,613 home-soundharya-todo:default: Job OK (todo.local::scheduled_job::frappe.email.queue.flush)
2025-12-31 14:56:45,613 Result is kept for 600 seconds
2025-12-31 14:56:45,618 home-soundharya-todo:default: frappe.utils.background_jobs.execute_job(event=None, is_async=True, job_name='frappe.core.doctype.scheduled_job_type.scheduled_job_type.run_scheduled_jo..., kwargs={'job_type': 'frappe.integrations.doctype.google_calendar.google_calendar.s..., method='frappe.core.doctype.scheduled_job_type.scheduled_job_type.run_scheduled_jo..., site='todo.local', user='Administrator') (todo.local::scheduled_job::frappe.integrations.doctype.google_calendar.google_calendar.sync)
2025-12-31 14:56:45,910 home-soundharya-todo:default: Job OK (todo.local::scheduled_job::frappe.integrations.doctype.google_calendar.google_calendar.sync)
2025-12-31 14:56:45,910 Result is kept for 600 seconds
2025-12-31 15:00:45,589 home-soundharya-todo:default: frappe.utils.background_jobs.execute_job(event=None, is_async=True, job_name='frappe.core.doctype.scheduled_job_type.scheduled_job_type.run_scheduled_jo..., kwargs={'job_type': 'frappe.email.doctype.newsletter.newsletter.send_scheduled_ema..., method='frappe.core.doctype.scheduled_job_type.scheduled_job_type.run_scheduled_jo..., site='todo.local', user='Administrator') (todo.local::scheduled_job::frappe.email.doctype.newsletter.newsletter.send_scheduled_email)
2025-12-31 15:00:45,947 home-soundharya-todo:default: Job OK (todo.local::scheduled_job::frappe.email.doctype.newsletter.newsletter.send_scheduled_email)
2025-12-31 15:00:45,947 Result is kept for 600 seconds
2025-12-31 15:00:45,954 Cleaning registries for queue: home-soundharya-todo:short
2025-12-31 15:00:45,955 Cleaning registries for queue: home-soundharya-todo:default
2025-12-31 15:00:45,956 Cleaning registries for queue: home-soundharya-todo:long
2025-12-31 15:00:45,957 home-soundharya-todo:default: frappe.utils.background_jobs.execute_job(event=None, is_async=True, job_name='frappe.core.doctype.scheduled_job_type.scheduled_job_type.run_scheduled_jo..., kwargs={'job_type': 'frappe.model.utils.link_count.update_link_count'}, method='frappe.core.doctype.scheduled_job_type.scheduled_job_type.run_scheduled_jo..., site='todo.local', user='Administrator') (todo.local::scheduled_job::frappe.model.utils.link_count.update_link_count)
2025-12-31 15:00:46,252 home-soundharya-todo:default: Job OK (todo.local::scheduled_job::frappe.model.utils.link_count.update_link_count)
2025-12-31 15:00:46,252 Result is kept for 600 seconds
2025-12-31 15:00:46,257 home-soundharya-todo:default: frappe.utils.background_jobs.execute_job(event=None, is_async=True, job_name='frappe.core.doctype.scheduled_job_type.scheduled_job_type.run_scheduled_jo..., kwargs={'job_type': 'frappe.integrations.doctype.google_calendar.google_calendar.s..., method='frappe.core.doctype.scheduled_job_type.scheduled_job_type.run_scheduled_jo..., site='todo.local', user='Administrator') (todo.local::scheduled_job::frappe.integrations.doctype.google_calendar.google_calendar.sync)
2025-12-31 15:00:46,574 home-soundharya-todo:default: Job OK (todo.local::scheduled_job::frappe.integrations.doctype.google_calendar.google_calendar.sync)
2025-12-31 15:00:46,574 Result is kept for 600 seconds
2025-12-31 15:00:46,578 home-soundharya-todo:default: frappe.utils.background_jobs.execute_job(event=None, is_async=True, job_name='frappe.core.doctype.scheduled_job_type.scheduled_job_type.run_scheduled_jo..., kwargs={'job_type': 'frappe.email.queue.flush'}, method='frappe.core.doctype.scheduled_job_type.scheduled_job_type.run_scheduled_jo..., site='todo.local', user='Administrator') (todo.local::scheduled_job::frappe.email.queue.flush)
2025-12-31 15:00:46,855 home-soundharya-todo:default: Job OK (todo.local::scheduled_job::frappe.email.queue.flush)
2025-12-31 15:00:46,855 Result is kept for 600 seconds
2025-12-31 15:00:46,860 home-soundharya-todo:default: frappe.utils.background_jobs.execute_job(event=None, is_async=True, job_name='frappe.core.doctype.scheduled_job_type.scheduled_job_type.run_scheduled_jo..., kwargs={'job_type': 'frappe.search.sqlite_search.build_index_if_not_exists'}, method='frappe.core.doctype.scheduled_job_type.scheduled_job_type.run_scheduled_jo..., site='todo.local', user='Administrator') (todo.local::scheduled_job::frappe.search.sqlite_search.build_index_if_not_exists)
2025-12-31 15:00:47,100 home-soundharya-todo:default: Job OK (todo.local::scheduled_job::frappe.search.sqlite_search.build_index_if_not_exists)
2025-12-31 15:00:47,100 Result is kept for 600 seconds
2025-12-31 15:00:47,103 home-soundharya-todo:default: frappe.utils.background_jobs.execute_job(event=None, is_async=True, job_name='frappe.core.doctype.scheduled_job_type.scheduled_job_type.run_scheduled_jo..., kwargs={'job_type': 'frappe.email.doctype.email_account.email_account.pull'}, method='frappe.core.doctype.scheduled_job_type.scheduled_job_type.run_scheduled_jo..., site='todo.local', user='Administrator') (todo.local::scheduled_job::frappe.email.doctype.email_account.email_account.pull)
2025-12-31 15:00:47,349 home-soundharya-todo:default: Job OK (todo.local::scheduled_job::frappe.email.doctype.email_account.email_account.pull)
2025-12-31 15:00:47,350 Result is kept for 600 seconds
2025-12-31 15:00:47,355 home-soundharya-todo:default: frappe.utils.background_jobs.execute_job(event=None, is_async=True, job_name='frappe.core.doctype.scheduled_job_type.scheduled_job_type.run_scheduled_jo..., kwargs={'job_type': 'frappe.utils.global_search.sync_global_search'}, method='frappe.core.doctype.scheduled_job_type.scheduled_job_type.run_scheduled_jo..., site='todo.local', user='Administrator') (todo.local::scheduled_job::frappe.utils.global_search.sync_global_search)
2025-12-31 15:00:47,591 home-soundharya-todo:default: Job OK (todo.local::scheduled_job::frappe.utils.global_search.sync_global_search)
2025-12-31 15:00:47,591 Result is kept for 600 seconds
2025-12-31 15:00:47,595 home-soundharya-todo:default: frappe.utils.background_jobs.execute_job(event=None, is_async=True, job_name='frappe.core.doctype.scheduled_job_type.scheduled_job_type.run_scheduled_jo..., kwargs={'job_type': 'frappe.email.queue.retry_sending_emails'}, method='frappe.core.doctype.scheduled_job_type.scheduled_job_type.run_scheduled_jo..., site='todo.local', user='Administrator') (todo.local::scheduled_job::frappe.email.queue.retry_sending_emails)
2025-12-31 15:00:47,800 home-soundharya-todo:default: Job OK (todo.local::scheduled_job::frappe.email.queue.retry_sending_emails)
2025-12-31 15:00:47,801 Result is kept for 600 seconds
2025-12-31 15:00:47,804 home-soundharya-todo:default: frappe.utils.background_jobs.execute_job(event=None, is_async=True, job_name='frappe.core.doctype.scheduled_job_type.scheduled_job_type.run_scheduled_jo..., kwargs={'job_type': 'frappe.deferred_insert.save_to_db'}, method='frappe.core.doctype.scheduled_job_type.scheduled_job_type.run_scheduled_jo..., site='todo.local', user='Administrator') (todo.local::scheduled_job::frappe.deferred_insert.save_to_db)
2025-12-31 15:00:48,069 home-soundharya-todo:default: Job OK (todo.local::scheduled_job::frappe.deferred_insert.save_to_db)
2025-12-31 15:00:48,069 Result is kept for 600 seconds
2025-12-31 15:00:48,073 home-soundharya-todo:default: frappe.utils.background_jobs.execute_job(event=None, is_async=True, job_name='frappe.core.doctype.scheduled_job_type.scheduled_job_type.run_scheduled_jo..., kwargs={'job_type': 'frappe.pulse.client.send_queued_events'}, method='frappe.core.doctype.scheduled_job_type.scheduled_job_type.run_scheduled_jo..., site='todo.local', user='Administrator') (todo.local::scheduled_job::frappe.pulse.client.send_queued_events)
2025-12-31 15:00:48,313 home-soundharya-todo:default: Job OK (todo.local::scheduled_job::frappe.pulse.client.send_queued_events)
2025-12-31 15:00:48,313 Result is kept for 600 seconds
2025-12-31 15:00:48,317 home-soundharya-todo:default: frappe.utils.background_jobs.execute_job(event=None, is_async=True, job_name='frappe.core.doctype.scheduled_job_type.scheduled_job_type.run_scheduled_jo..., kwargs={'job_type': 'frappe.automation.doctype.reminder.reminder.send_reminders'}, method='frappe.core.doctype.scheduled_job_type.scheduled_job_type.run_scheduled_jo..., site='todo.local', user='Administrator') (todo.local::scheduled_job::frappe.automation.doctype.reminder.reminder.send_reminders)
2025-12-31 15:00:48,557 home-soundharya-todo:default: Job OK (todo.local::scheduled_job::frappe.automation.doctype.reminder.reminder.send_reminders)
2025-12-31 15:00:48,557 Result is kept for 600 seconds
2025-12-31 15:00:48,561 home-soundharya-todo:default: frappe.utils.background_jobs.execute_job(event=None, is_async=True, job_name='frappe.core.doctype.scheduled_job_type.scheduled_job_type.run_scheduled_jo..., kwargs={'job_type': 'frappe.email.doctype.email_account.email_account.notify_unrep..., method='frappe.core.doctype.scheduled_job_type.scheduled_job_type.run_scheduled_jo..., site='todo.local', user='Administrator') (todo.local::scheduled_job::frappe.email.doctype.email_account.email_account.notify_unreplied)
2025-12-31 15:00:48,812 home-soundharya-todo:default: Job OK (todo.local::scheduled_job::frappe.email.doctype.email_account.email_account.notify_unreplied)
2025-12-31 15:00:48,812 Result is kept for 600 seconds
2025-12-31 15:00:48,815 home-soundharya-todo:default: frappe.utils.background_jobs.execute_job(event=None, is_async=True, job_name='frappe.core.doctype.scheduled_job_type.scheduled_job_type.run_scheduled_jo..., kwargs={'job_type': 'frappe.monitor.flush'}, method='frappe.core.doctype.scheduled_job_type.scheduled_job_type.run_scheduled_jo..., site='todo.local', user='Administrator') (todo.local::scheduled_job::frappe.monitor.flush)
2025-12-31 15:00:49,019 home-soundharya-todo:default: Job OK (todo.local::scheduled_job::frappe.monitor.flush)
2025-12-31 15:00:49,019 Result is kept for 600 seconds
2025-12-31 15:00:49,022 home-soundharya-todo:long: frappe.utils.background_jobs.execute_job(event=None, is_async=True, job_name='frappe.core.doctype.scheduled_job_type.scheduled_job_type.run_scheduled_jo..., kwargs={'job_type': 'frappe.website.doctype.web_page.web_page.check_publish_status..., method='frappe.core.doctype.scheduled_job_type.scheduled_job_type.run_scheduled_jo..., site='todo.local', user='Administrator') (todo.local::scheduled_job::frappe.website.doctype.web_page.web_page.check_publish_status)
2025-12-31 15:00:49,275 home-soundharya-todo:long: Job OK (todo.local::scheduled_job::frappe.website.doctype.web_page.web_page.check_publish_status)
2025-12-31 15:00:49,275 Result is kept for 600 seconds
2025-12-31 15:00:49,281 home-soundharya-todo:long: frappe.utils.background_jobs.execute_job(event=None, is_async=True, job_name='frappe.core.doctype.scheduled_job_type.scheduled_job_type.run_scheduled_jo..., kwargs={'job_type': 'frappe.desk.utils.delete_old_exported_report_files'}, method='frappe.core.doctype.scheduled_job_type.scheduled_job_type.run_scheduled_jo..., site='todo.local', user='Administrator') (todo.local::scheduled_job::frappe.desk.utils.delete_old_exported_report_files)
2025-12-31 15:00:49,528 home-soundharya-todo:long: Job OK (todo.local::scheduled_job::frappe.desk.utils.delete_old_exported_report_files)
2025-12-31 15:00:49,528 Result is kept for 600 seconds
2025-12-31 15:00:49,532 home-soundharya-todo:long: frappe.utils.background_jobs.execute_job(event=None, is_async=True, job_name='frappe.core.doctype.scheduled_job_type.scheduled_job_type.run_scheduled_jo..., kwargs={'job_type': 'frappe.model.utils.user_settings.sync_user_settings'}, method='frappe.core.doctype.scheduled_job_type.scheduled_job_type.run_scheduled_jo..., site='todo.local', user='Administrator') (todo.local::scheduled_job::frappe.model.utils.user_settings.sync_user_settings)
2025-12-31 15:00:49,776 home-soundharya-todo:long: Job OK (todo.local::scheduled_job::frappe.model.utils.user_settings.sync_user_settings)
2025-12-31 15:00:49,776 Result is kept for 600 seconds
2025-12-31 15:00:49,780 home-soundharya-todo:long: frappe.utils.background_jobs.execute_job(event=None, is_async=True, job_name='frappe.core.doctype.scheduled_job_type.scheduled_job_type.run_scheduled_jo..., kwargs={'job_type': 'frappe.website.doctype.personal_data_deletion_request.persona..., method='frappe.core.doctype.scheduled_job_type.scheduled_job_type.run_scheduled_jo..., site='todo.local', user='Administrator') (todo.local::scheduled_job::frappe.website.doctype.personal_data_deletion_request.personal_data_deletion_request.process_data_deletion_request)
2025-12-31 15:00:50,036 home-soundharya-todo:long: Job OK (todo.local::scheduled_job::frappe.website.doctype.personal_data_deletion_request.personal_data_deletion_request.process_data_deletion_request)
2025-12-31 15:00:50,036 Result is kept for 600 seconds
2025-12-31 15:00:50,040 home-soundharya-todo:long: frappe.utils.background_jobs.execute_job(event=None, is_async=True, job_name='frappe.core.doctype.scheduled_job_type.scheduled_job_type.run_scheduled_jo..., kwargs={'job_type': 'frappe.desk.form.document_follow.send_hourly_updates'}, method='frappe.core.doctype.scheduled_job_type.scheduled_job_type.run_scheduled_jo..., site='todo.local', user='Administrator') (todo.local::scheduled_job::frappe.desk.form.document_follow.send_hourly_updates)
2025-12-31 15:00:50,312 home-soundharya-todo:long: Job OK (todo.local::scheduled_job::frappe.desk.form.document_follow.send_hourly_updates)
2025-12-31 15:00:50,312 Result is kept for 600 seconds
2025-12-31 15:00:50,317 home-soundharya-todo:long: frappe.utils.background_jobs.execute_job(event=None, is_async=True, job_name='frappe.core.doctype.scheduled_job_type.scheduled_job_type.run_scheduled_jo..., kwargs={'job_type': 'frappe.desk.page.backups.backups.delete_downloadable_backups'..., method='frappe.core.doctype.scheduled_job_type.scheduled_job_type.run_scheduled_jo..., site='todo.local', user='Administrator') (todo.local::scheduled_job::frappe.desk.page.backups.backups.delete_downloadable_backups)
2025-12-31 15:00:50,587 home-soundharya-todo:long: Job OK (todo.local::scheduled_job::frappe.desk.page.backups.backups.delete_downloadable_backups)
2025-12-31 15:00:50,588 Result is kept for 600 seconds
2025-12-31 15:00:50,591 home-soundharya-todo:long: frappe.utils.background_jobs.execute_job(event=None, is_async=True, job_name='frappe.core.doctype.scheduled_job_type.scheduled_job_type.run_scheduled_jo..., kwargs={'job_type': 'frappe.core.doctype.prepared_report.prepared_report.expire_st..., method='frappe.core.doctype.scheduled_job_type.scheduled_job_type.run_scheduled_jo..., site='todo.local', user='Administrator') (todo.local::scheduled_job::frappe.core.doctype.prepared_report.prepared_report.expire_stalled_report)
2025-12-31 15:00:50,862 home-soundharya-todo:long: Job OK (todo.local::scheduled_job::frappe.core.doctype.prepared_report.prepared_report.expire_stalled_report)
2025-12-31 15:00:50,862 Result is kept for 600 seconds
2025-12-31 15:00:50,868 home-soundharya-todo:long: frappe.utils.background_jobs.execute_job(event=None, is_async=True, job_name='frappe.core.doctype.scheduled_job_type.scheduled_job_type.run_scheduled_jo..., kwargs={'job_type': 'frappe.oauth.delete_oauth2_data'}, method='frappe.core.doctype.scheduled_job_type.scheduled_job_type.run_scheduled_jo..., site='todo.local', user='Administrator') (todo.local::scheduled_job::frappe.oauth.delete_oauth2_data)
2025-12-31 15:00:51,143 home-soundharya-todo:long: Job OK (todo.local::scheduled_job::frappe.oauth.delete_oauth2_data)
2025-12-31 15:00:51,143 Result is kept for 600 seconds
2025-12-31 15:00:51,178 home-soundharya-todo:long: frappe.utils.background_jobs.execute_job(event=None, is_async=True, job_name='frappe.core.doctype.scheduled_job_type.scheduled_job_type.run_scheduled_jo..., kwargs={'job_type': 'frappe.twofactor.delete_all_barcodes_for_users'}, method='frappe.core.doctype.scheduled_job_type.scheduled_job_type.run_scheduled_jo..., site='todo.local', user='Administrator') (todo.local::scheduled_job::frappe.twofactor.delete_all_barcodes_for_users)
2025-12-31 15:00:51,467 home-soundharya-todo:long: Job OK (todo.local::scheduled_job::frappe.twofactor.delete_all_barcodes_for_users)
2025-12-31 15:00:51,468 Result is kept for 600 seconds
2025-12-31 15:04:46,368 home-soundharya-todo:default: frappe.utils.background_jobs.execute_job(event=None, is_async=True, job_name='frappe.core.doctype.scheduled_job_type.scheduled_job_type.run_scheduled_jo..., kwargs={'job_type': 'frappe.monitor.flush'}, method='frappe.core.doctype.scheduled_job_type.scheduled_job_type.run_scheduled_jo..., site='todo.local', user='Administrator') (todo.local::scheduled_job::frappe.monitor.flush)
2025-12-31 15:04:46,663 home-soundharya-todo:default: Job OK (todo.local::scheduled_job::frappe.monitor.flush)
2025-12-31 15:04:46,663 Result is kept for 600 seconds
2025-12-31 15:04:46,669 home-soundharya-todo:default: frappe.utils.background_jobs.execute_job(event=None, is_async=True, job_name='frappe.core.doctype.scheduled_job_type.scheduled_job_type.run_scheduled_jo..., kwargs={'job_type': 'frappe.integrations.doctype.google_calendar.google_calendar.s..., method='frappe.core.doctype.scheduled_job_type.scheduled_job_type.run_scheduled_jo..., site='todo.local', user='Administrator') (todo.local::scheduled_job::frappe.integrations.doctype.google_calendar.google_calendar.sync)
2025-12-31 15:04:47,049 home-soundharya-todo:default: Job OK (todo.local::scheduled_job::frappe.integrations.doctype.google_calendar.google_calendar.sync)
2025-12-31 15:04:47,049 Result is kept for 600 seconds
2025-12-31 15:04:47,059 home-soundharya-todo:default: frappe.utils.background_jobs.execute_job(event=None, is_async=True, job_name='frappe.core.doctype.scheduled_job_type.scheduled_job_type.run_scheduled_jo..., kwargs={'job_type': 'frappe.email.queue.flush'}, method='frappe.core.doctype.scheduled_job_type.scheduled_job_type.run_scheduled_jo..., site='todo.local', user='Administrator') (todo.local::scheduled_job::frappe.email.queue.flush)
2025-12-31 15:04:47,407 home-soundharya-todo:default: Job OK (todo.local::scheduled_job::frappe.email.queue.flush)
2025-12-31 15:04:47,407 Result is kept for 600 seconds
2025-12-31 15:04:47,416 home-soundharya-todo:default: frappe.utils.background_jobs.execute_job(event=None, is_async=True, job_name='frappe.core.doctype.scheduled_job_type.scheduled_job_type.run_scheduled_jo..., kwargs={'job_type': 'frappe.email.queue.retry_sending_emails'}, method='frappe.core.doctype.scheduled_job_type.scheduled_job_type.run_scheduled_jo..., site='todo.local', user='Administrator') (todo.local::scheduled_job::frappe.email.queue.retry_sending_emails)
2025-12-31 15:04:47,769 home-soundharya-todo:default: Job OK (todo.local::scheduled_job::frappe.email.queue.retry_sending_emails)
2025-12-31 15:04:47,769 Result is kept for 600 seconds
2025-12-31 15:08:47,087 home-soundharya-todo:default: frappe.utils.background_jobs.execute_job(event=None, is_async=True, job_name='frappe.core.doctype.scheduled_job_type.scheduled_job_type.run_scheduled_jo..., kwargs={'job_type': 'frappe.email.queue.retry_sending_emails'}, method='frappe.core.doctype.scheduled_job_type.scheduled_job_type.run_scheduled_jo..., site='todo.local', user='Administrator') (todo.local::scheduled_job::frappe.email.queue.retry_sending_emails)
2025-12-31 15:08:47,317 home-soundharya-todo:default: Job OK (todo.local::scheduled_job::frappe.email.queue.retry_sending_emails)
2025-12-31 15:08:47,317 Result is kept for 600 seconds
2025-12-31 15:08:47,320 home-soundharya-todo:default: frappe.utils.background_jobs.execute_job(event=None, is_async=True, job_name='frappe.core.doctype.scheduled_job_type.scheduled_job_type.run_scheduled_jo..., kwargs={'job_type': 'frappe.monitor.flush'}, method='frappe.core.doctype.scheduled_job_type.scheduled_job_type.run_scheduled_jo..., site='todo.local', user='Administrator') (todo.local::scheduled_job::frappe.monitor.flush)
2025-12-31 15:08:47,524 home-soundharya-todo:default: Job OK (todo.local::scheduled_job::frappe.monitor.flush)
2025-12-31 15:08:47,524 Result is kept for 600 seconds
2025-12-31 15:08:47,527 home-soundharya-todo:default: frappe.utils.background_jobs.execute_job(event=None, is_async=True, job_name='frappe.core.doctype.scheduled_job_type.scheduled_job_type.run_scheduled_jo..., kwargs={'job_type': 'frappe.integrations.doctype.google_calendar.google_calendar.s..., method='frappe.core.doctype.scheduled_job_type.scheduled_job_type.run_scheduled_jo..., site='todo.local', user='Administrator') (todo.local::scheduled_job::frappe.integrations.doctype.google_calendar.google_calendar.sync)
2025-12-31 15:08:47,818 home-soundharya-todo:default: Job OK (todo.local::scheduled_job::frappe.integrations.doctype.google_calendar.google_calendar.sync)
2025-12-31 15:08:47,818 Result is kept for 600 seconds
2025-12-31 15:08:47,822 home-soundharya-todo:default: frappe.utils.background_jobs.execute_job(event=None, is_async=True, job_name='frappe.core.doctype.scheduled_job_type.scheduled_job_type.run_scheduled_jo..., kwargs={'job_type': 'frappe.email.queue.flush'}, method='frappe.core.doctype.scheduled_job_type.scheduled_job_type.run_scheduled_jo..., site='todo.local', user='Administrator') (todo.local::scheduled_job::frappe.email.queue.flush)
2025-12-31 15:08:48,100 home-soundharya-todo:default: Job OK (todo.local::scheduled_job::frappe.email.queue.flush)
2025-12-31 15:08:48,100 Result is kept for 600 seconds
2025-12-31 15:10:47,482 home-soundharya-todo:default: frappe.utils.background_jobs.execute_job(event=None, is_async=True, job_name='frappe.core.doctype.scheduled_job_type.scheduled_job_type.run_scheduled_jo..., kwargs={'job_type': 'frappe.email.doctype.email_account.email_account.pull'}, method='frappe.core.doctype.scheduled_job_type.scheduled_job_type.run_scheduled_jo..., site='todo.local', user='Administrator') (todo.local::scheduled_job::frappe.email.doctype.email_account.email_account.pull)
2025-12-31 15:10:47,774 home-soundharya-todo:default: Job OK (todo.local::scheduled_job::frappe.email.doctype.email_account.email_account.pull)
2025-12-31 15:10:47,774 Result is kept for 600 seconds
2025-12-31 15:12:47,822 home-soundharya-todo:default: frappe.utils.background_jobs.execute_job(event=None, is_async=True, job_name='frappe.core.doctype.scheduled_job_type.scheduled_job_type.run_scheduled_jo..., kwargs={'job_type': 'frappe.email.queue.flush'}, method='frappe.core.doctype.scheduled_job_type.scheduled_job_type.run_scheduled_jo..., site='todo.local', user='Administrator') (todo.local::scheduled_job::frappe.email.queue.flush)
2025-12-31 15:12:48,121 home-soundharya-todo:default: Job OK (todo.local::scheduled_job::frappe.email.queue.flush)
2025-12-31 15:12:48,121 Result is kept for 600 seconds
2025-12-31 15:12:48,125 home-soundharya-todo:default: frappe.utils.background_jobs.execute_job(event=None, is_async=True, job_name='frappe.core.doctype.scheduled_job_type.scheduled_job_type.run_scheduled_jo..., kwargs={'job_type': 'frappe.monitor.flush'}, method='frappe.core.doctype.scheduled_job_type.scheduled_job_type.run_scheduled_jo..., site='todo.local', user='Administrator') (todo.local::scheduled_job::frappe.monitor.flush)
2025-12-31 15:12:48,339 home-soundharya-todo:default: Job OK (todo.local::scheduled_job::frappe.monitor.flush)
2025-12-31 15:12:48,339 Result is kept for 600 seconds
2025-12-31 15:12:48,342 home-soundharya-todo:default: frappe.utils.background_jobs.execute_job(event=None, is_async=True, job_name='frappe.core.doctype.scheduled_job_type.scheduled_job_type.run_scheduled_jo..., kwargs={'job_type': 'frappe.email.queue.retry_sending_emails'}, method='frappe.core.doctype.scheduled_job_type.scheduled_job_type.run_scheduled_jo..., site='todo.local', user='Administrator') (todo.local::scheduled_job::frappe.email.queue.retry_sending_emails)
2025-12-31 15:12:48,557 home-soundharya-todo:default: Job OK (todo.local::scheduled_job::frappe.email.queue.retry_sending_emails)
2025-12-31 15:12:48,557 Result is kept for 600 seconds
2025-12-31 15:12:48,564 home-soundharya-todo:default: frappe.utils.background_jobs.execute_job(event=None, is_async=True, job_name='frappe.core.doctype.scheduled_job_type.scheduled_job_type.run_scheduled_jo..., kwargs={'job_type': 'frappe.integrations.doctype.google_calendar.google_calendar.s..., method='frappe.core.doctype.scheduled_job_type.scheduled_job_type.run_scheduled_jo..., site='todo.local', user='Administrator') (todo.local::scheduled_job::frappe.integrations.doctype.google_calendar.google_calendar.sync)
2025-12-31 15:12:48,905 home-soundharya-todo:default: Job OK (todo.local::scheduled_job::frappe.integrations.doctype.google_calendar.google_calendar.sync)
2025-12-31 15:12:48,905 Result is kept for 600 seconds
2025-12-31 15:15:48,398 home-soundharya-todo:default: frappe.utils.background_jobs.execute_job(event=None, is_async=True, job_name='frappe.core.doctype.scheduled_job_type.scheduled_job_type.run_scheduled_jo..., kwargs={'job_type': 'frappe.pulse.client.send_queued_events'}, method='frappe.core.doctype.scheduled_job_type.scheduled_job_type.run_scheduled_jo..., site='todo.local', user='Administrator') (todo.local::scheduled_job::frappe.pulse.client.send_queued_events)
2025-12-31 15:15:48,744 home-soundharya-todo:default: Job OK (todo.local::scheduled_job::frappe.pulse.client.send_queued_events)
2025-12-31 15:15:48,744 Result is kept for 600 seconds
2025-12-31 15:15:48,757 home-soundharya-todo:default: frappe.utils.background_jobs.execute_job(event=None, is_async=True, job_name='frappe.core.doctype.scheduled_job_type.scheduled_job_type.run_scheduled_jo..., kwargs={'job_type': 'frappe.search.sqlite_search.build_index_if_not_exists'}, method='frappe.core.doctype.scheduled_job_type.scheduled_job_type.run_scheduled_jo..., site='todo.local', user='Administrator') (todo.local::scheduled_job::frappe.search.sqlite_search.build_index_if_not_exists)
2025-12-31 15:15:49,045 home-soundharya-todo:default: Job OK (todo.local::scheduled_job::frappe.search.sqlite_search.build_index_if_not_exists)
2025-12-31 15:15:49,045 Result is kept for 600 seconds
2025-12-31 15:15:49,049 home-soundharya-todo:default: frappe.utils.background_jobs.execute_job(event=None, is_async=True, job_name='frappe.core.doctype.scheduled_job_type.scheduled_job_type.run_scheduled_jo..., kwargs={'job_type': 'frappe.deferred_insert.save_to_db'}, method='frappe.core.doctype.scheduled_job_type.scheduled_job_type.run_scheduled_jo..., site='todo.local', user='Administrator') (todo.local::scheduled_job::frappe.deferred_insert.save_to_db)
2025-12-31 15:15:49,409 home-soundharya-todo:default: Job OK (todo.local::scheduled_job::frappe.deferred_insert.save_to_db)
2025-12-31 15:15:49,409 Result is kept for 600 seconds
2025-12-31 15:15:49,415 home-soundharya-todo:default: frappe.utils.background_jobs.execute_job(event=None, is_async=True, job_name='frappe.core.doctype.scheduled_job_type.scheduled_job_type.run_scheduled_jo..., kwargs={'job_type': 'frappe.email.doctype.email_account.email_account.notify_unrep..., method='frappe.core.doctype.scheduled_job_type.scheduled_job_type.run_scheduled_jo..., site='todo.local', user='Administrator') (todo.local::scheduled_job::frappe.email.doctype.email_account.email_account.notify_unreplied)
2025-12-31 15:15:49,687 home-soundharya-todo:default: Job OK (todo.local::scheduled_job::frappe.email.doctype.email_account.email_account.notify_unreplied)
2025-12-31 15:15:49,687 Result is kept for 600 seconds
2025-12-31 15:15:49,691 home-soundharya-todo:default: frappe.utils.background_jobs.execute_job(event=None, is_async=True, job_name='frappe.core.doctype.scheduled_job_type.scheduled_job_type.run_scheduled_jo..., kwargs={'job_type': 'frappe.utils.global_search.sync_global_search'}, method='frappe.core.doctype.scheduled_job_type.scheduled_job_type.run_scheduled_jo..., site='todo.local', user='Administrator') (todo.local::scheduled_job::frappe.utils.global_search.sync_global_search)
2025-12-31 15:15:49,934 home-soundharya-todo:default: Job OK (todo.local::scheduled_job::frappe.utils.global_search.sync_global_search)
2025-12-31 15:15:49,934 Result is kept for 600 seconds
2025-12-31 15:15:49,938 home-soundharya-todo:default: frappe.utils.background_jobs.execute_job(event=None, is_async=True, job_name='frappe.core.doctype.scheduled_job_type.scheduled_job_type.run_scheduled_jo..., kwargs={'job_type': 'frappe.model.utils.link_count.update_link_count'}, method='frappe.core.doctype.scheduled_job_type.scheduled_job_type.run_scheduled_jo..., site='todo.local', user='Administrator') (todo.local::scheduled_job::frappe.model.utils.link_count.update_link_count)
2025-12-31 15:15:50,313 home-soundharya-todo:default: Job OK (todo.local::scheduled_job::frappe.model.utils.link_count.update_link_count)
2025-12-31 15:15:50,313 Result is kept for 600 seconds
2025-12-31 15:15:50,316 home-soundharya-todo:default: frappe.utils.background_jobs.execute_job(event=None, is_async=True, job_name='frappe.core.doctype.scheduled_job_type.scheduled_job_type.run_scheduled_jo..., kwargs={'job_type': 'frappe.automation.doctype.reminder.reminder.send_reminders'}, method='frappe.core.doctype.scheduled_job_type.scheduled_job_type.run_scheduled_jo..., site='todo.local', user='Administrator') (todo.local::scheduled_job::frappe.automation.doctype.reminder.reminder.send_reminders)
2025-12-31 15:15:50,574 home-soundharya-todo:default: Job OK (todo.local::scheduled_job::frappe.automation.doctype.reminder.reminder.send_reminders)
2025-12-31 15:15:50,574 Result is kept for 600 seconds
2025-12-31 15:16:48,628 home-soundharya-todo:default: frappe.utils.background_jobs.execute_job(event=None, is_async=True, job_name='frappe.core.doctype.scheduled_job_type.scheduled_job_type.run_scheduled_jo..., kwargs={'job_type': 'frappe.monitor.flush'}, method='frappe.core.doctype.scheduled_job_type.scheduled_job_type.run_scheduled_jo..., site='todo.local', user='Administrator') (todo.local::scheduled_job::frappe.monitor.flush)
2025-12-31 15:16:48,889 home-soundharya-todo:default: Job OK (todo.local::scheduled_job::frappe.monitor.flush)
2025-12-31 15:16:48,889 Result is kept for 600 seconds
2025-12-31 15:16:48,896 home-soundharya-todo:default: frappe.utils.background_jobs.execute_job(event=None, is_async=True, job_name='frappe.core.doctype.scheduled_job_type.scheduled_job_type.run_scheduled_jo..., kwargs={'job_type': 'frappe.email.queue.retry_sending_emails'}, method='frappe.core.doctype.scheduled_job_type.scheduled_job_type.run_scheduled_jo..., site='todo.local', user='Administrator') (todo.local::scheduled_job::frappe.email.queue.retry_sending_emails)
2025-12-31 15:16:49,217 home-soundharya-todo:default: Job OK (todo.local::scheduled_job::frappe.email.queue.retry_sending_emails)
2025-12-31 15:16:49,217 Result is kept for 600 seconds
2025-12-31 15:16:49,221 home-soundharya-todo:default: frappe.utils.background_jobs.execute_job(event=None, is_async=True, job_name='frappe.core.doctype.scheduled_job_type.scheduled_job_type.run_scheduled_jo..., kwargs={'job_type': 'frappe.email.queue.flush'}, method='frappe.core.doctype.scheduled_job_type.scheduled_job_type.run_scheduled_jo..., site='todo.local', user='Administrator') (todo.local::scheduled_job::frappe.email.queue.flush)
2025-12-31 15:16:49,527 home-soundharya-todo:default: Job OK (todo.local::scheduled_job::frappe.email.queue.flush)
2025-12-31 15:16:49,527 Result is kept for 600 seconds
2025-12-31 15:16:49,535 home-soundharya-todo:default: frappe.utils.background_jobs.execute_job(event=None, is_async=True, job_name='frappe.core.doctype.scheduled_job_type.scheduled_job_type.run_scheduled_jo..., kwargs={'job_type': 'frappe.integrations.doctype.google_calendar.google_calendar.s..., method='frappe.core.doctype.scheduled_job_type.scheduled_job_type.run_scheduled_jo..., site='todo.local', user='Administrator') (todo.local::scheduled_job::frappe.integrations.doctype.google_calendar.google_calendar.sync)
2025-12-31 15:16:49,919 home-soundharya-todo:default: Job OK (todo.local::scheduled_job::frappe.integrations.doctype.google_calendar.google_calendar.sync)
2025-12-31 15:16:49,919 Result is kept for 600 seconds
2025-12-31 15:20:49,235 home-soundharya-todo:default: frappe.utils.background_jobs.execute_job(event=None, is_async=True, job_name='frappe.core.doctype.scheduled_job_type.scheduled_job_type.run_scheduled_jo..., kwargs={'job_type': 'frappe.monitor.flush'}, method='frappe.core.doctype.scheduled_job_type.scheduled_job_type.run_scheduled_jo..., site='todo.local', user='Administrator') (todo.local::scheduled_job::frappe.monitor.flush)
2025-12-31 15:20:49,438 home-soundharya-todo:default: Job OK (todo.local::scheduled_job::frappe.monitor.flush)
2025-12-31 15:20:49,438 Result is kept for 600 seconds
2025-12-31 15:20:49,441 Cleaning registries for queue: home-soundharya-todo:short
2025-12-31 15:20:49,442 Cleaning registries for queue: home-soundharya-todo:default
2025-12-31 15:20:49,443 Cleaning registries for queue: home-soundharya-todo:long
2025-12-31 15:20:49,443 home-soundharya-todo:default: frappe.utils.background_jobs.execute_job(event=None, is_async=True, job_name='frappe.core.doctype.scheduled_job_type.scheduled_job_type.run_scheduled_jo..., kwargs={'job_type': 'frappe.integrations.doctype.google_calendar.google_calendar.s..., method='frappe.core.doctype.scheduled_job_type.scheduled_job_type.run_scheduled_jo..., site='todo.local', user='Administrator') (todo.local::scheduled_job::frappe.integrations.doctype.google_calendar.google_calendar.sync)
2025-12-31 15:20:49,705 home-soundharya-todo:default: Job OK (todo.local::scheduled_job::frappe.integrations.doctype.google_calendar.google_calendar.sync)
2025-12-31 15:20:49,705 Result is kept for 600 seconds
2025-12-31 15:20:49,709 home-soundharya-todo:default: frappe.utils.background_jobs.execute_job(event=None, is_async=True, job_name='frappe.core.doctype.scheduled_job_type.scheduled_job_type.run_scheduled_jo..., kwargs={'job_type': 'frappe.email.queue.retry_sending_emails'}, method='frappe.core.doctype.scheduled_job_type.scheduled_job_type.run_scheduled_jo..., site='todo.local', user='Administrator') (todo.local::scheduled_job::frappe.email.queue.retry_sending_emails)
2025-12-31 15:20:49,899 home-soundharya-todo:default: Job OK (todo.local::scheduled_job::frappe.email.queue.retry_sending_emails)
2025-12-31 15:20:49,899 Result is kept for 600 seconds
2025-12-31 15:20:49,903 home-soundharya-todo:default: frappe.utils.background_jobs.execute_job(event=None, is_async=True, job_name='frappe.core.doctype.scheduled_job_type.scheduled_job_type.run_scheduled_jo..., kwargs={'job_type': 'frappe.email.queue.flush'}, method='frappe.core.doctype.scheduled_job_type.scheduled_job_type.run_scheduled_jo..., site='todo.local', user='Administrator') (todo.local::scheduled_job::frappe.email.queue.flush)
2025-12-31 15:20:50,141 home-soundharya-todo:default: Job OK (todo.local::scheduled_job::frappe.email.queue.flush)
2025-12-31 15:20:50,141 Result is kept for 600 seconds
2025-12-31 15:20:50,145 home-soundharya-todo:default: frappe.utils.background_jobs.execute_job(event=None, is_async=True, job_name='frappe.core.doctype.scheduled_job_type.scheduled_job_type.run_scheduled_jo..., kwargs={'job_type': 'frappe.email.doctype.email_account.email_account.pull'}, method='frappe.core.doctype.scheduled_job_type.scheduled_job_type.run_scheduled_jo..., site='todo.local', user='Administrator') (todo.local::scheduled_job::frappe.email.doctype.email_account.email_account.pull)
2025-12-31 15:20:50,373 home-soundharya-todo:default: Job OK (todo.local::scheduled_job::frappe.email.doctype.email_account.email_account.pull)
2025-12-31 15:20:50,373 Result is kept for 600 seconds
2025-12-31 15:24:49,808 home-soundharya-todo:default: frappe.utils.background_jobs.execute_job(event=None, is_async=True, job_name='frappe.core.doctype.scheduled_job_type.scheduled_job_type.run_scheduled_jo..., kwargs={'job_type': 'frappe.email.queue.retry_sending_emails'}, method='frappe.core.doctype.scheduled_job_type.scheduled_job_type.run_scheduled_jo..., site='todo.local', user='Administrator') (todo.local::scheduled_job::frappe.email.queue.retry_sending_emails)
2025-12-31 15:24:50,039 home-soundharya-todo:default: Job OK (todo.local::scheduled_job::frappe.email.queue.retry_sending_emails)
2025-12-31 15:24:50,039 Result is kept for 600 seconds
2025-12-31 15:24:50,043 home-soundharya-todo:default: frappe.utils.background_jobs.execute_job(event=None, is_async=True, job_name='frappe.core.doctype.scheduled_job_type.scheduled_job_type.run_scheduled_jo..., kwargs={'job_type': 'frappe.monitor.flush'}, method='frappe.core.doctype.scheduled_job_type.scheduled_job_type.run_scheduled_jo..., site='todo.local', user='Administrator') (todo.local::scheduled_job::frappe.monitor.flush)
2025-12-31 15:24:50,219 home-soundharya-todo:default: Job OK (todo.local::scheduled_job::frappe.monitor.flush)
2025-12-31 15:24:50,219 Result is kept for 600 seconds
2025-12-31 15:24:50,222 home-soundharya-todo:default: frappe.utils.background_jobs.execute_job(event=None, is_async=True, job_name='frappe.core.doctype.scheduled_job_type.scheduled_job_type.run_scheduled_jo..., kwargs={'job_type': 'frappe.integrations.doctype.google_calendar.google_calendar.s..., method='frappe.core.doctype.scheduled_job_type.scheduled_job_type.run_scheduled_jo..., site='todo.local', user='Administrator') (todo.local::scheduled_job::frappe.integrations.doctype.google_calendar.google_calendar.sync)
2025-12-31 15:24:50,473 home-soundharya-todo:default: Job OK (todo.local::scheduled_job::frappe.integrations.doctype.google_calendar.google_calendar.sync)
2025-12-31 15:24:50,473 Result is kept for 600 seconds
2025-12-31 15:24:50,476 home-soundharya-todo:default: frappe.utils.background_jobs.execute_job(event=None, is_async=True, job_name='frappe.core.doctype.scheduled_job_type.scheduled_job_type.run_scheduled_jo..., kwargs={'job_type': 'frappe.email.queue.flush'}, method='frappe.core.doctype.scheduled_job_type.scheduled_job_type.run_scheduled_jo..., site='todo.local', user='Administrator') (todo.local::scheduled_job::frappe.email.queue.flush)
2025-12-31 15:24:50,702 home-soundharya-todo:default: Job OK (todo.local::scheduled_job::frappe.email.queue.flush)
2025-12-31 15:24:50,702 Result is kept for 600 seconds
2025-12-31 15:25:38,386 home-soundharya-todo:default: frappe.utils.background_jobs.execute_job(event=None, is_async=True, job_name='frappe.model.delete_doc.delete_dynamic_links', kwargs={'doctype': 'Comment', 'name': 'vnohhq3hbe'}, method='frappe.model.delete_doc.delete_dynamic_links', site='todo.local', user='Administrator') (todo.local::b1ec8598-7201-4ad0-a217-df27db098eb5)
2025-12-31 15:25:38,436 home-soundharya-todo:default: Job OK (todo.local::b1ec8598-7201-4ad0-a217-df27db098eb5)
2025-12-31 15:25:38,436 Result is kept for 600 seconds
2025-12-31 15:28:50,402 home-soundharya-todo:default: frappe.utils.background_jobs.execute_job(event=None, is_async=True, job_name='frappe.core.doctype.scheduled_job_type.scheduled_job_type.run_scheduled_jo..., kwargs={'job_type': 'frappe.email.queue.retry_sending_emails'}, method='frappe.core.doctype.scheduled_job_type.scheduled_job_type.run_scheduled_jo..., site='todo.local', user='Administrator') (todo.local::scheduled_job::frappe.email.queue.retry_sending_emails)
2025-12-31 15:28:50,605 home-soundharya-todo:default: Job OK (todo.local::scheduled_job::frappe.email.queue.retry_sending_emails)
2025-12-31 15:28:50,605 Result is kept for 600 seconds
2025-12-31 15:28:50,609 home-soundharya-todo:default: frappe.utils.background_jobs.execute_job(event=None, is_async=True, job_name='frappe.core.doctype.scheduled_job_type.scheduled_job_type.run_scheduled_jo..., kwargs={'job_type': 'frappe.integrations.doctype.google_calendar.google_calendar.s..., method='frappe.core.doctype.scheduled_job_type.scheduled_job_type.run_scheduled_jo..., site='todo.local', user='Administrator') (todo.local::scheduled_job::frappe.integrations.doctype.google_calendar.google_calendar.sync)
2025-12-31 15:28:50,873 home-soundharya-todo:default: Job OK (todo.local::scheduled_job::frappe.integrations.doctype.google_calendar.google_calendar.sync)
2025-12-31 15:28:50,873 Result is kept for 600 seconds
2025-12-31 15:28:50,877 home-soundharya-todo:default: frappe.utils.background_jobs.execute_job(event=None, is_async=True, job_name='frappe.core.doctype.scheduled_job_type.scheduled_job_type.run_scheduled_jo..., kwargs={'job_type': 'frappe.email.queue.flush'}, method='frappe.core.doctype.scheduled_job_type.scheduled_job_type.run_scheduled_jo..., site='todo.local', user='Administrator') (todo.local::scheduled_job::frappe.email.queue.flush)
2025-12-31 15:28:51,120 home-soundharya-todo:default: Job OK (todo.local::scheduled_job::frappe.email.queue.flush)
2025-12-31 15:28:51,120 Result is kept for 600 seconds
2025-12-31 15:28:51,124 home-soundharya-todo:default: frappe.utils.background_jobs.execute_job(event=None, is_async=True, job_name='frappe.core.doctype.scheduled_job_type.scheduled_job_type.run_scheduled_jo..., kwargs={'job_type': 'frappe.monitor.flush'}, method='frappe.core.doctype.scheduled_job_type.scheduled_job_type.run_scheduled_jo..., site='todo.local', user='Administrator') (todo.local::scheduled_job::frappe.monitor.flush)
2025-12-31 15:28:51,308 home-soundharya-todo:default: Job OK (todo.local::scheduled_job::frappe.monitor.flush)
2025-12-31 15:28:51,308 Result is kept for 600 seconds
2025-12-31 15:30:50,722 home-soundharya-todo:default: frappe.utils.background_jobs.execute_job(event=None, is_async=True, job_name='frappe.core.doctype.scheduled_job_type.scheduled_job_type.run_scheduled_jo..., kwargs={'job_type': 'frappe.model.utils.link_count.update_link_count'}, method='frappe.core.doctype.scheduled_job_type.scheduled_job_type.run_scheduled_jo..., site='todo.local', user='Administrator') (todo.local::scheduled_job::frappe.model.utils.link_count.update_link_count)
2025-12-31 15:30:50,966 home-soundharya-todo:default: Job OK (todo.local::scheduled_job::frappe.model.utils.link_count.update_link_count)
2025-12-31 15:30:50,966 Result is kept for 600 seconds
2025-12-31 15:30:50,971 home-soundharya-todo:default: frappe.utils.background_jobs.execute_job(event=None, is_async=True, job_name='frappe.core.doctype.scheduled_job_type.scheduled_job_type.run_scheduled_jo..., kwargs={'job_type': 'frappe.search.sqlite_search.build_index_if_not_exists'}, method='frappe.core.doctype.scheduled_job_type.scheduled_job_type.run_scheduled_jo..., site='todo.local', user='Administrator') (todo.local::scheduled_job::frappe.search.sqlite_search.build_index_if_not_exists)
2025-12-31 15:30:51,210 home-soundharya-todo:default: Job OK (todo.local::scheduled_job::frappe.search.sqlite_search.build_index_if_not_exists)
2025-12-31 15:30:51,210 Result is kept for 600 seconds
2025-12-31 15:30:51,216 home-soundharya-todo:default: frappe.utils.background_jobs.execute_job(event=None, is_async=True, job_name='frappe.core.doctype.scheduled_job_type.scheduled_job_type.run_scheduled_jo..., kwargs={'job_type': 'frappe.utils.global_search.sync_global_search'}, method='frappe.core.doctype.scheduled_job_type.scheduled_job_type.run_scheduled_jo..., site='todo.local', user='Administrator') (todo.local::scheduled_job::frappe.utils.global_search.sync_global_search)
2025-12-31 15:30:51,456 home-soundharya-todo:default: Job OK (todo.local::scheduled_job::frappe.utils.global_search.sync_global_search)
2025-12-31 15:30:51,456 Result is kept for 600 seconds
2025-12-31 15:30:51,460 home-soundharya-todo:default: frappe.utils.background_jobs.execute_job(event=None, is_async=True, job_name='frappe.core.doctype.scheduled_job_type.scheduled_job_type.run_scheduled_jo..., kwargs={'job_type': 'frappe.email.doctype.email_account.email_account.notify_unrep..., method='frappe.core.doctype.scheduled_job_type.scheduled_job_type.run_scheduled_jo..., site='todo.local', user='Administrator') (todo.local::scheduled_job::frappe.email.doctype.email_account.email_account.notify_unreplied)
2025-12-31 15:30:51,711 home-soundharya-todo:default: Job OK (todo.local::scheduled_job::frappe.email.doctype.email_account.email_account.notify_unreplied)
2025-12-31 15:30:51,711 Result is kept for 600 seconds
2025-12-31 15:30:51,715 home-soundharya-todo:default: frappe.utils.background_jobs.execute_job(event=None, is_async=True, job_name='frappe.core.doctype.scheduled_job_type.scheduled_job_type.run_scheduled_jo..., kwargs={'job_type': 'frappe.deferred_insert.save_to_db'}, method='frappe.core.doctype.scheduled_job_type.scheduled_job_type.run_scheduled_jo..., site='todo.local', user='Administrator') (todo.local::scheduled_job::frappe.deferred_insert.save_to_db)
2025-12-31 15:30:51,968 home-soundharya-todo:default: Job OK (todo.local::scheduled_job::frappe.deferred_insert.save_to_db)
2025-12-31 15:30:51,968 Result is kept for 600 seconds
2025-12-31 15:30:51,973 home-soundharya-todo:default: frappe.utils.background_jobs.execute_job(event=None, is_async=True, job_name='frappe.core.doctype.scheduled_job_type.scheduled_job_type.run_scheduled_jo..., kwargs={'job_type': 'frappe.pulse.client.send_queued_events'}, method='frappe.core.doctype.scheduled_job_type.scheduled_job_type.run_scheduled_jo..., site='todo.local', user='Administrator') (todo.local::scheduled_job::frappe.pulse.client.send_queued_events)
2025-12-31 15:30:52,211 home-soundharya-todo:default: Job OK (todo.local::scheduled_job::frappe.pulse.client.send_queued_events)
2025-12-31 15:30:52,212 Result is kept for 600 seconds
2025-12-31 15:30:52,217 home-soundharya-todo:default: frappe.utils.background_jobs.execute_job(event=None, is_async=True, job_name='frappe.core.doctype.scheduled_job_type.scheduled_job_type.run_scheduled_jo..., kwargs={'job_type': 'frappe.automation.doctype.reminder.reminder.send_reminders'}, method='frappe.core.doctype.scheduled_job_type.scheduled_job_type.run_scheduled_jo..., site='todo.local', user='Administrator') (todo.local::scheduled_job::frappe.automation.doctype.reminder.reminder.send_reminders)
2025-12-31 15:30:52,467 home-soundharya-todo:default: Job OK (todo.local::scheduled_job::frappe.automation.doctype.reminder.reminder.send_reminders)
2025-12-31 15:30:52,467 Result is kept for 600 seconds
2025-12-31 15:30:52,471 home-soundharya-todo:default: frappe.utils.background_jobs.execute_job(event=None, is_async=True, job_name='frappe.core.doctype.scheduled_job_type.scheduled_job_type.run_scheduled_jo..., kwargs={'job_type': 'frappe.email.doctype.email_account.email_account.pull'}, method='frappe.core.doctype.scheduled_job_type.scheduled_job_type.run_scheduled_jo..., site='todo.local', user='Administrator') (todo.local::scheduled_job::frappe.email.doctype.email_account.email_account.pull)
2025-12-31 15:30:52,724 home-soundharya-todo:default: Job OK (todo.local::scheduled_job::frappe.email.doctype.email_account.email_account.pull)
2025-12-31 15:30:52,724 Result is kept for 600 seconds
2025-12-31 15:32:51,052 home-soundharya-todo:default: frappe.utils.background_jobs.execute_job(event=None, is_async=True, job_name='frappe.core.doctype.scheduled_job_type.scheduled_job_type.run_scheduled_jo..., kwargs={'job_type': 'frappe.email.queue.retry_sending_emails'}, method='frappe.core.doctype.scheduled_job_type.scheduled_job_type.run_scheduled_jo..., site='todo.local', user='Administrator') (todo.local::scheduled_job::frappe.email.queue.retry_sending_emails)
2025-12-31 15:32:51,254 home-soundharya-todo:default: Job OK (todo.local::scheduled_job::frappe.email.queue.retry_sending_emails)
2025-12-31 15:32:51,254 Result is kept for 600 seconds
2025-12-31 15:32:51,258 home-soundharya-todo:default: frappe.utils.background_jobs.execute_job(event=None, is_async=True, job_name='frappe.core.doctype.scheduled_job_type.scheduled_job_type.run_scheduled_jo..., kwargs={'job_type': 'frappe.email.queue.flush'}, method='frappe.core.doctype.scheduled_job_type.scheduled_job_type.run_scheduled_jo..., site='todo.local', user='Administrator') (todo.local::scheduled_job::frappe.email.queue.flush)
2025-12-31 15:32:51,504 home-soundharya-todo:default: Job OK (todo.local::scheduled_job::frappe.email.queue.flush)
2025-12-31 15:32:51,504 Result is kept for 600 seconds
2025-12-31 15:32:51,508 home-soundharya-todo:default: frappe.utils.background_jobs.execute_job(event=None, is_async=True, job_name='frappe.core.doctype.scheduled_job_type.scheduled_job_type.run_scheduled_jo..., kwargs={'job_type': 'frappe.monitor.flush'}, method='frappe.core.doctype.scheduled_job_type.scheduled_job_type.run_scheduled_jo..., site='todo.local', user='Administrator') (todo.local::scheduled_job::frappe.monitor.flush)
2025-12-31 15:32:51,697 home-soundharya-todo:default: Job OK (todo.local::scheduled_job::frappe.monitor.flush)
2025-12-31 15:32:51,697 Result is kept for 600 seconds
2025-12-31 15:32:51,700 home-soundharya-todo:default: frappe.utils.background_jobs.execute_job(event=None, is_async=True, job_name='frappe.core.doctype.scheduled_job_type.scheduled_job_type.run_scheduled_jo..., kwargs={'job_type': 'frappe.integrations.doctype.google_calendar.google_calendar.s..., method='frappe.core.doctype.scheduled_job_type.scheduled_job_type.run_scheduled_jo..., site='todo.local', user='Administrator') (todo.local::scheduled_job::frappe.integrations.doctype.google_calendar.google_calendar.sync)
2025-12-31 15:32:51,964 home-soundharya-todo:default: Job OK (todo.local::scheduled_job::frappe.integrations.doctype.google_calendar.google_calendar.sync)
2025-12-31 15:32:51,964 Result is kept for 600 seconds
2025-12-31 15:36:51,593 home-soundharya-todo:default: frappe.utils.background_jobs.execute_job(event=None, is_async=True, job_name='frappe.core.doctype.scheduled_job_type.scheduled_job_type.run_scheduled_jo..., kwargs={'job_type': 'frappe.integrations.doctype.google_calendar.google_calendar.s..., method='frappe.core.doctype.scheduled_job_type.scheduled_job_type.run_scheduled_jo..., site='todo.local', user='Administrator') (todo.local::scheduled_job::frappe.integrations.doctype.google_calendar.google_calendar.sync)
2025-12-31 15:36:51,854 home-soundharya-todo:default: Job OK (todo.local::scheduled_job::frappe.integrations.doctype.google_calendar.google_calendar.sync)
2025-12-31 15:36:51,854 Result is kept for 600 seconds
2025-12-31 15:36:51,858 home-soundharya-todo:default: frappe.utils.background_jobs.execute_job(event=None, is_async=True, job_name='frappe.core.doctype.scheduled_job_type.scheduled_job_type.run_scheduled_jo..., kwargs={'job_type': 'frappe.email.queue.flush'}, method='frappe.core.doctype.scheduled_job_type.scheduled_job_type.run_scheduled_jo..., site='todo.local', user='Administrator') (todo.local::scheduled_job::frappe.email.queue.flush)
2025-12-31 15:36:52,086 home-soundharya-todo:default: Job OK (todo.local::scheduled_job::frappe.email.queue.flush)
2025-12-31 15:36:52,086 Result is kept for 600 seconds
2025-12-31 15:36:52,089 home-soundharya-todo:default: frappe.utils.background_jobs.execute_job(event=None, is_async=True, job_name='frappe.core.doctype.scheduled_job_type.scheduled_job_type.run_scheduled_jo..., kwargs={'job_type': 'frappe.email.queue.retry_sending_emails'}, method='frappe.core.doctype.scheduled_job_type.scheduled_job_type.run_scheduled_jo..., site='todo.local', user='Administrator') (todo.local::scheduled_job::frappe.email.queue.retry_sending_emails)
2025-12-31 15:36:52,271 home-soundharya-todo:default: Job OK (todo.local::scheduled_job::frappe.email.queue.retry_sending_emails)
2025-12-31 15:36:52,271 Result is kept for 600 seconds
2025-12-31 15:36:52,275 home-soundharya-todo:default: frappe.utils.background_jobs.execute_job(event=None, is_async=True, job_name='frappe.core.doctype.scheduled_job_type.scheduled_job_type.run_scheduled_jo..., kwargs={'job_type': 'frappe.monitor.flush'}, method='frappe.core.doctype.scheduled_job_type.scheduled_job_type.run_scheduled_jo..., site='todo.local', user='Administrator') (todo.local::scheduled_job::frappe.monitor.flush)
2025-12-31 15:36:52,452 home-soundharya-todo:default: Job OK (todo.local::scheduled_job::frappe.monitor.flush)
2025-12-31 15:36:52,452 Result is kept for 600 seconds
2025-12-31 15:40:52,181 home-soundharya-todo:default: frappe.utils.background_jobs.execute_job(event=None, is_async=True, job_name='frappe.core.doctype.scheduled_job_type.scheduled_job_type.run_scheduled_jo..., kwargs={'job_type': 'frappe.monitor.flush'}, method='frappe.core.doctype.scheduled_job_type.scheduled_job_type.run_scheduled_jo..., site='todo.local', user='Administrator') (todo.local::scheduled_job::frappe.monitor.flush)
2025-12-31 15:40:52,359 home-soundharya-todo:default: Job OK (todo.local::scheduled_job::frappe.monitor.flush)
2025-12-31 15:40:52,359 Result is kept for 600 seconds
2025-12-31 15:40:52,362 Cleaning registries for queue: home-soundharya-todo:short
2025-12-31 15:40:52,363 Cleaning registries for queue: home-soundharya-todo:default
2025-12-31 15:40:52,363 Cleaning registries for queue: home-soundharya-todo:long
2025-12-31 15:40:52,364 home-soundharya-todo:default: frappe.utils.background_jobs.execute_job(event=None, is_async=True, job_name='frappe.core.doctype.scheduled_job_type.scheduled_job_type.run_scheduled_jo..., kwargs={'job_type': 'frappe.email.queue.retry_sending_emails'}, method='frappe.core.doctype.scheduled_job_type.scheduled_job_type.run_scheduled_jo..., site='todo.local', user='Administrator') (todo.local::scheduled_job::frappe.email.queue.retry_sending_emails)
2025-12-31 15:40:52,545 home-soundharya-todo:default: Job OK (todo.local::scheduled_job::frappe.email.queue.retry_sending_emails)
2025-12-31 15:40:52,545 Result is kept for 600 seconds
2025-12-31 15:40:52,549 home-soundharya-todo:default: frappe.utils.background_jobs.execute_job(event=None, is_async=True, job_name='frappe.core.doctype.scheduled_job_type.scheduled_job_type.run_scheduled_jo..., kwargs={'job_type': 'frappe.integrations.doctype.google_calendar.google_calendar.s..., method='frappe.core.doctype.scheduled_job_type.scheduled_job_type.run_scheduled_jo..., site='todo.local', user='Administrator') (todo.local::scheduled_job::frappe.integrations.doctype.google_calendar.google_calendar.sync)
2025-12-31 15:40:52,821 home-soundharya-todo:default: Job OK (todo.local::scheduled_job::frappe.integrations.doctype.google_calendar.google_calendar.sync)
2025-12-31 15:40:52,821 Result is kept for 600 seconds
2025-12-31 15:40:52,825 home-soundharya-todo:default: frappe.utils.background_jobs.execute_job(event=None, is_async=True, job_name='frappe.core.doctype.scheduled_job_type.scheduled_job_type.run_scheduled_jo..., kwargs={'job_type': 'frappe.email.queue.flush'}, method='frappe.core.doctype.scheduled_job_type.scheduled_job_type.run_scheduled_jo..., site='todo.local', user='Administrator') (todo.local::scheduled_job::frappe.email.queue.flush)
2025-12-31 15:40:53,050 home-soundharya-todo:default: Job OK (todo.local::scheduled_job::frappe.email.queue.flush)
2025-12-31 15:40:53,050 Result is kept for 600 seconds
2025-12-31 15:41:52,338 home-soundharya-todo:default: frappe.utils.background_jobs.execute_job(event=None, is_async=True, job_name='frappe.core.doctype.scheduled_job_type.scheduled_job_type.run_scheduled_jo..., kwargs={'job_type': 'frappe.email.doctype.email_account.email_account.pull'}, method='frappe.core.doctype.scheduled_job_type.scheduled_job_type.run_scheduled_jo..., site='todo.local', user='Administrator') (todo.local::scheduled_job::frappe.email.doctype.email_account.email_account.pull)
2025-12-31 15:41:52,557 home-soundharya-todo:default: Job OK (todo.local::scheduled_job::frappe.email.doctype.email_account.email_account.pull)
2025-12-31 15:41:52,558 Result is kept for 600 seconds
2025-12-31 15:44:52,736 home-soundharya-todo:default: frappe.utils.background_jobs.execute_job(event=None, is_async=True, job_name='frappe.core.doctype.scheduled_job_type.scheduled_job_type.run_scheduled_jo..., kwargs={'job_type': 'frappe.email.queue.retry_sending_emails'}, method='frappe.core.doctype.scheduled_job_type.scheduled_job_type.run_scheduled_jo..., site='todo.local', user='Administrator') (todo.local::scheduled_job::frappe.email.queue.retry_sending_emails)
2025-12-31 15:44:52,955 home-soundharya-todo:default: Job OK (todo.local::scheduled_job::frappe.email.queue.retry_sending_emails)
2025-12-31 15:44:52,955 Result is kept for 600 seconds
2025-12-31 15:44:52,959 home-soundharya-todo:default: frappe.utils.background_jobs.execute_job(event=None, is_async=True, job_name='frappe.core.doctype.scheduled_job_type.scheduled_job_type.run_scheduled_jo..., kwargs={'job_type': 'frappe.monitor.flush'}, method='frappe.core.doctype.scheduled_job_type.scheduled_job_type.run_scheduled_jo..., site='todo.local', user='Administrator') (todo.local::scheduled_job::frappe.monitor.flush)
2025-12-31 15:44:53,133 home-soundharya-todo:default: Job OK (todo.local::scheduled_job::frappe.monitor.flush)
2025-12-31 15:44:53,133 Result is kept for 600 seconds
2025-12-31 15:44:53,137 home-soundharya-todo:default: frappe.utils.background_jobs.execute_job(event=None, is_async=True, job_name='frappe.core.doctype.scheduled_job_type.scheduled_job_type.run_scheduled_jo..., kwargs={'job_type': 'frappe.integrations.doctype.google_calendar.google_calendar.s..., method='frappe.core.doctype.scheduled_job_type.scheduled_job_type.run_scheduled_jo..., site='todo.local', user='Administrator') (todo.local::scheduled_job::frappe.integrations.doctype.google_calendar.google_calendar.sync)
2025-12-31 15:44:53,389 home-soundharya-todo:default: Job OK (todo.local::scheduled_job::frappe.integrations.doctype.google_calendar.google_calendar.sync)
2025-12-31 15:44:53,389 Result is kept for 600 seconds
2025-12-31 15:44:53,393 home-soundharya-todo:default: frappe.utils.background_jobs.execute_job(event=None, is_async=True, job_name='frappe.core.doctype.scheduled_job_type.scheduled_job_type.run_scheduled_jo..., kwargs={'job_type': 'frappe.email.queue.flush'}, method='frappe.core.doctype.scheduled_job_type.scheduled_job_type.run_scheduled_jo..., site='todo.local', user='Administrator') (todo.local::scheduled_job::frappe.email.queue.flush)
2025-12-31 15:44:53,620 home-soundharya-todo:default: Job OK (todo.local::scheduled_job::frappe.email.queue.flush)
2025-12-31 15:44:53,620 Result is kept for 600 seconds
2025-12-31 15:45:52,884 home-soundharya-todo:default: frappe.utils.background_jobs.execute_job(event=None, is_async=True, job_name='frappe.core.doctype.scheduled_job_type.scheduled_job_type.run_scheduled_jo..., kwargs={'job_type': 'frappe.email.doctype.email_account.email_account.notify_unrep..., method='frappe.core.doctype.scheduled_job_type.scheduled_job_type.run_scheduled_jo..., site='todo.local', user='Administrator') (todo.local::scheduled_job::frappe.email.doctype.email_account.email_account.notify_unreplied)
2025-12-31 15:45:53,179 home-soundharya-todo:default: Job OK (todo.local::scheduled_job::frappe.email.doctype.email_account.email_account.notify_unreplied)
2025-12-31 15:45:53,179 Result is kept for 600 seconds
2025-12-31 15:45:53,183 home-soundharya-todo:default: frappe.utils.background_jobs.execute_job(event=None, is_async=True, job_name='frappe.core.doctype.scheduled_job_type.scheduled_job_type.run_scheduled_jo..., kwargs={'job_type': 'frappe.automation.doctype.reminder.reminder.send_reminders'}, method='frappe.core.doctype.scheduled_job_type.scheduled_job_type.run_scheduled_jo..., site='todo.local', user='Administrator') (todo.local::scheduled_job::frappe.automation.doctype.reminder.reminder.send_reminders)
2025-12-31 15:45:53,397 home-soundharya-todo:default: Job OK (todo.local::scheduled_job::frappe.automation.doctype.reminder.reminder.send_reminders)
2025-12-31 15:45:53,397 Result is kept for 600 seconds
2025-12-31 15:45:53,400 home-soundharya-todo:default: frappe.utils.background_jobs.execute_job(event=None, is_async=True, job_name='frappe.core.doctype.scheduled_job_type.scheduled_job_type.run_scheduled_jo..., kwargs={'job_type': 'frappe.model.utils.link_count.update_link_count'}, method='frappe.core.doctype.scheduled_job_type.scheduled_job_type.run_scheduled_jo..., site='todo.local', user='Administrator') (todo.local::scheduled_job::frappe.model.utils.link_count.update_link_count)
2025-12-31 15:45:53,611 home-soundharya-todo:default: Job OK (todo.local::scheduled_job::frappe.model.utils.link_count.update_link_count)
2025-12-31 15:45:53,611 Result is kept for 600 seconds
2025-12-31 15:45:53,614 home-soundharya-todo:default: frappe.utils.background_jobs.execute_job(event=None, is_async=True, job_name='frappe.core.doctype.scheduled_job_type.scheduled_job_type.run_scheduled_jo..., kwargs={'job_type': 'frappe.deferred_insert.save_to_db'}, method='frappe.core.doctype.scheduled_job_type.scheduled_job_type.run_scheduled_jo..., site='todo.local', user='Administrator') (todo.local::scheduled_job::frappe.deferred_insert.save_to_db)
2025-12-31 15:45:53,846 home-soundharya-todo:default: Job OK (todo.local::scheduled_job::frappe.deferred_insert.save_to_db)
2025-12-31 15:45:53,846 Result is kept for 600 seconds
2025-12-31 15:45:53,851 home-soundharya-todo:default: frappe.utils.background_jobs.execute_job(event=None, is_async=True, job_name='frappe.core.doctype.scheduled_job_type.scheduled_job_type.run_scheduled_jo..., kwargs={'job_type': 'frappe.utils.global_search.sync_global_search'}, method='frappe.core.doctype.scheduled_job_type.scheduled_job_type.run_scheduled_jo..., site='todo.local', user='Administrator') (todo.local::scheduled_job::frappe.utils.global_search.sync_global_search)
2025-12-31 15:45:54,067 home-soundharya-todo:default: Job OK (todo.local::scheduled_job::frappe.utils.global_search.sync_global_search)
2025-12-31 15:45:54,067 Result is kept for 600 seconds
2025-12-31 15:45:54,070 home-soundharya-todo:default: frappe.utils.background_jobs.execute_job(event=None, is_async=True, job_name='frappe.core.doctype.scheduled_job_type.scheduled_job_type.run_scheduled_jo..., kwargs={'job_type': 'frappe.pulse.client.send_queued_events'}, method='frappe.core.doctype.scheduled_job_type.scheduled_job_type.run_scheduled_jo..., site='todo.local', user='Administrator') (todo.local::scheduled_job::frappe.pulse.client.send_queued_events)
2025-12-31 15:45:54,286 home-soundharya-todo:default: Job OK (todo.local::scheduled_job::frappe.pulse.client.send_queued_events)
2025-12-31 15:45:54,286 Result is kept for 600 seconds
2025-12-31 15:45:54,290 home-soundharya-todo:default: frappe.utils.background_jobs.execute_job(event=None, is_async=True, job_name='frappe.core.doctype.scheduled_job_type.scheduled_job_type.run_scheduled_jo..., kwargs={'job_type': 'frappe.search.sqlite_search.build_index_if_not_exists'}, method='frappe.core.doctype.scheduled_job_type.scheduled_job_type.run_scheduled_jo..., site='todo.local', user='Administrator') (todo.local::scheduled_job::frappe.search.sqlite_search.build_index_if_not_exists)
2025-12-31 15:45:54,504 home-soundharya-todo:default: Job OK (todo.local::scheduled_job::frappe.search.sqlite_search.build_index_if_not_exists)
2025-12-31 15:45:54,504 Result is kept for 600 seconds
2025-12-31 15:48:53,195 home-soundharya-todo:default: frappe.utils.background_jobs.execute_job(event=None, is_async=True, job_name='frappe.core.doctype.scheduled_job_type.scheduled_job_type.run_scheduled_jo..., kwargs={'job_type': 'frappe.integrations.doctype.google_calendar.google_calendar.s..., method='frappe.core.doctype.scheduled_job_type.scheduled_job_type.run_scheduled_jo..., site='todo.local', user='Administrator') (todo.local::scheduled_job::frappe.integrations.doctype.google_calendar.google_calendar.sync)
2025-12-31 15:48:53,477 home-soundharya-todo:default: Job OK (todo.local::scheduled_job::frappe.integrations.doctype.google_calendar.google_calendar.sync)
2025-12-31 15:48:53,477 Result is kept for 600 seconds
2025-12-31 15:48:53,481 home-soundharya-todo:default: frappe.utils.background_jobs.execute_job(event=None, is_async=True, job_name='frappe.core.doctype.scheduled_job_type.scheduled_job_type.run_scheduled_jo..., kwargs={'job_type': 'frappe.monitor.flush'}, method='frappe.core.doctype.scheduled_job_type.scheduled_job_type.run_scheduled_jo..., site='todo.local', user='Administrator') (todo.local::scheduled_job::frappe.monitor.flush)
2025-12-31 15:48:53,658 home-soundharya-todo:default: Job OK (todo.local::scheduled_job::frappe.monitor.flush)
2025-12-31 15:48:53,658 Result is kept for 600 seconds
2025-12-31 15:48:53,661 home-soundharya-todo:default: frappe.utils.background_jobs.execute_job(event=None, is_async=True, job_name='frappe.core.doctype.scheduled_job_type.scheduled_job_type.run_scheduled_jo..., kwargs={'job_type': 'frappe.email.queue.retry_sending_emails'}, method='frappe.core.doctype.scheduled_job_type.scheduled_job_type.run_scheduled_jo..., site='todo.local', user='Administrator') (todo.local::scheduled_job::frappe.email.queue.retry_sending_emails)
2025-12-31 15:48:53,842 home-soundharya-todo:default: Job OK (todo.local::scheduled_job::frappe.email.queue.retry_sending_emails)
2025-12-31 15:48:53,842 Result is kept for 600 seconds
2025-12-31 15:48:53,845 home-soundharya-todo:default: frappe.utils.background_jobs.execute_job(event=None, is_async=True, job_name='frappe.core.doctype.scheduled_job_type.scheduled_job_type.run_scheduled_jo..., kwargs={'job_type': 'frappe.email.queue.flush'}, method='frappe.core.doctype.scheduled_job_type.scheduled_job_type.run_scheduled_jo..., site='todo.local', user='Administrator') (todo.local::scheduled_job::frappe.email.queue.flush)
2025-12-31 15:48:54,071 home-soundharya-todo:default: Job OK (todo.local::scheduled_job::frappe.email.queue.flush)
2025-12-31 15:48:54,071 Result is kept for 600 seconds
2025-12-31 15:50:53,398 home-soundharya-todo:default: frappe.utils.background_jobs.execute_job(event=None, is_async=True, job_name='frappe.core.doctype.scheduled_job_type.scheduled_job_type.run_scheduled_jo..., kwargs={'job_type': 'frappe.email.doctype.email_account.email_account.pull'}, method='frappe.core.doctype.scheduled_job_type.scheduled_job_type.run_scheduled_jo..., site='todo.local', user='Administrator') (todo.local::scheduled_job::frappe.email.doctype.email_account.email_account.pull)
2025-12-31 15:50:53,659 home-soundharya-todo:default: Job OK (todo.local::scheduled_job::frappe.email.doctype.email_account.email_account.pull)
2025-12-31 15:50:53,659 Result is kept for 600 seconds
2025-12-31 15:52:53,689 home-soundharya-todo:default: frappe.utils.background_jobs.execute_job(event=None, is_async=True, job_name='frappe.core.doctype.scheduled_job_type.scheduled_job_type.run_scheduled_jo..., kwargs={'job_type': 'frappe.email.queue.flush'}, method='frappe.core.doctype.scheduled_job_type.scheduled_job_type.run_scheduled_jo..., site='todo.local', user='Administrator') (todo.local::scheduled_job::frappe.email.queue.flush)
2025-12-31 15:52:53,918 home-soundharya-todo:default: Job OK (todo.local::scheduled_job::frappe.email.queue.flush)
2025-12-31 15:52:53,918 Result is kept for 600 seconds
2025-12-31 15:52:53,922 home-soundharya-todo:default: frappe.utils.background_jobs.execute_job(event=None, is_async=True, job_name='frappe.core.doctype.scheduled_job_type.scheduled_job_type.run_scheduled_jo..., kwargs={'job_type': 'frappe.monitor.flush'}, method='frappe.core.doctype.scheduled_job_type.scheduled_job_type.run_scheduled_jo..., site='todo.local', user='Administrator') (todo.local::scheduled_job::frappe.monitor.flush)
2025-12-31 15:52:54,096 home-soundharya-todo:default: Job OK (todo.local::scheduled_job::frappe.monitor.flush)
2025-12-31 15:52:54,096 Result is kept for 600 seconds
2025-12-31 15:52:54,099 home-soundharya-todo:default: frappe.utils.background_jobs.execute_job(event=None, is_async=True, job_name='frappe.core.doctype.scheduled_job_type.scheduled_job_type.run_scheduled_jo..., kwargs={'job_type': 'frappe.integrations.doctype.google_calendar.google_calendar.s..., method='frappe.core.doctype.scheduled_job_type.scheduled_job_type.run_scheduled_jo..., site='todo.local', user='Administrator') (todo.local::scheduled_job::frappe.integrations.doctype.google_calendar.google_calendar.sync)
2025-12-31 15:52:54,351 home-soundharya-todo:default: Job OK (todo.local::scheduled_job::frappe.integrations.doctype.google_calendar.google_calendar.sync)
2025-12-31 15:52:54,351 Result is kept for 600 seconds
2025-12-31 15:52:54,354 home-soundharya-todo:default: frappe.utils.background_jobs.execute_job(event=None, is_async=True, job_name='frappe.core.doctype.scheduled_job_type.scheduled_job_type.run_scheduled_jo..., kwargs={'job_type': 'frappe.email.queue.retry_sending_emails'}, method='frappe.core.doctype.scheduled_job_type.scheduled_job_type.run_scheduled_jo..., site='todo.local', user='Administrator') (todo.local::scheduled_job::frappe.email.queue.retry_sending_emails)
2025-12-31 15:52:54,536 home-soundharya-todo:default: Job OK (todo.local::scheduled_job::frappe.email.queue.retry_sending_emails)
2025-12-31 15:52:54,536 Result is kept for 600 seconds
2025-12-31 15:56:54,285 home-soundharya-todo:default: frappe.utils.background_jobs.execute_job(event=None, is_async=True, job_name='frappe.core.doctype.scheduled_job_type.scheduled_job_type.run_scheduled_jo..., kwargs={'job_type': 'frappe.email.queue.flush'}, method='frappe.core.doctype.scheduled_job_type.scheduled_job_type.run_scheduled_jo..., site='todo.local', user='Administrator') (todo.local::scheduled_job::frappe.email.queue.flush)
2025-12-31 15:56:54,555 home-soundharya-todo:default: Job OK (todo.local::scheduled_job::frappe.email.queue.flush)
2025-12-31 15:56:54,555 Result is kept for 600 seconds
2025-12-31 15:56:54,559 home-soundharya-todo:default: frappe.utils.background_jobs.execute_job(event=None, is_async=True, job_name='frappe.core.doctype.scheduled_job_type.scheduled_job_type.run_scheduled_jo..., kwargs={'job_type': 'frappe.integrations.doctype.google_calendar.google_calendar.s..., method='frappe.core.doctype.scheduled_job_type.scheduled_job_type.run_scheduled_jo..., site='todo.local', user='Administrator') (todo.local::scheduled_job::frappe.integrations.doctype.google_calendar.google_calendar.sync)
2025-12-31 15:56:54,809 home-soundharya-todo:default: Job OK (todo.local::scheduled_job::frappe.integrations.doctype.google_calendar.google_calendar.sync)
2025-12-31 15:56:54,809 Result is kept for 600 seconds
2025-12-31 15:56:54,813 home-soundharya-todo:default: frappe.utils.background_jobs.execute_job(event=None, is_async=True, job_name='frappe.core.doctype.scheduled_job_type.scheduled_job_type.run_scheduled_jo..., kwargs={'job_type': 'frappe.email.queue.retry_sending_emails'}, method='frappe.core.doctype.scheduled_job_type.scheduled_job_type.run_scheduled_jo..., site='todo.local', user='Administrator') (todo.local::scheduled_job::frappe.email.queue.retry_sending_emails)
2025-12-31 15:56:54,994 home-soundharya-todo:default: Job OK (todo.local::scheduled_job::frappe.email.queue.retry_sending_emails)
2025-12-31 15:56:54,994 Result is kept for 600 seconds
2025-12-31 15:56:54,997 home-soundharya-todo:default: frappe.utils.background_jobs.execute_job(event=None, is_async=True, job_name='frappe.core.doctype.scheduled_job_type.scheduled_job_type.run_scheduled_jo..., kwargs={'job_type': 'frappe.monitor.flush'}, method='frappe.core.doctype.scheduled_job_type.scheduled_job_type.run_scheduled_jo..., site='todo.local', user='Administrator') (todo.local::scheduled_job::frappe.monitor.flush)
2025-12-31 15:56:55,171 home-soundharya-todo:default: Job OK (todo.local::scheduled_job::frappe.monitor.flush)
2025-12-31 15:56:55,171 Result is kept for 600 seconds
2025-12-31 16:00:54,711 home-soundharya-todo:default: frappe.utils.background_jobs.execute_job(event=None, is_async=True, job_name='frappe.core.doctype.scheduled_job_type.scheduled_job_type.run_scheduled_jo..., kwargs={'job_type': 'frappe.email.doctype.email_account.email_account.pull'}, method='frappe.core.doctype.scheduled_job_type.scheduled_job_type.run_scheduled_jo..., site='todo.local', user='Administrator') (todo.local::scheduled_job::frappe.email.doctype.email_account.email_account.pull)
2025-12-31 16:00:54,943 home-soundharya-todo:default: Job OK (todo.local::scheduled_job::frappe.email.doctype.email_account.email_account.pull)
2025-12-31 16:00:54,943 Result is kept for 600 seconds
2025-12-31 16:00:54,947 Cleaning registries for queue: home-soundharya-todo:short
2025-12-31 16:00:54,947 Cleaning registries for queue: home-soundharya-todo:default
2025-12-31 16:00:54,947 Cleaning registries for queue: home-soundharya-todo:long
2025-12-31 16:00:54,948 home-soundharya-todo:default: frappe.utils.background_jobs.execute_job(event=None, is_async=True, job_name='frappe.core.doctype.scheduled_job_type.scheduled_job_type.run_scheduled_jo..., kwargs={'job_type': 'frappe.model.utils.link_count.update_link_count'}, method='frappe.core.doctype.scheduled_job_type.scheduled_job_type.run_scheduled_jo..., site='todo.local', user='Administrator') (todo.local::scheduled_job::frappe.model.utils.link_count.update_link_count)
2025-12-31 16:00:55,146 home-soundharya-todo:default: Job OK (todo.local::scheduled_job::frappe.model.utils.link_count.update_link_count)
2025-12-31 16:00:55,146 Result is kept for 600 seconds
2025-12-31 16:00:55,150 home-soundharya-todo:default: frappe.utils.background_jobs.execute_job(event=None, is_async=True, job_name='frappe.core.doctype.scheduled_job_type.scheduled_job_type.run_scheduled_jo..., kwargs={'job_type': 'frappe.integrations.doctype.google_calendar.google_calendar.s..., method='frappe.core.doctype.scheduled_job_type.scheduled_job_type.run_scheduled_jo..., site='todo.local', user='Administrator') (todo.local::scheduled_job::frappe.integrations.doctype.google_calendar.google_calendar.sync)
2025-12-31 16:00:55,405 home-soundharya-todo:default: Job OK (todo.local::scheduled_job::frappe.integrations.doctype.google_calendar.google_calendar.sync)
2025-12-31 16:00:55,405 Result is kept for 600 seconds
2025-12-31 16:00:55,410 home-soundharya-todo:default: frappe.utils.background_jobs.execute_job(event=None, is_async=True, job_name='frappe.core.doctype.scheduled_job_type.scheduled_job_type.run_scheduled_jo..., kwargs={'job_type': 'frappe.email.queue.retry_sending_emails'}, method='frappe.core.doctype.scheduled_job_type.scheduled_job_type.run_scheduled_jo..., site='todo.local', user='Administrator') (todo.local::scheduled_job::frappe.email.queue.retry_sending_emails)
2025-12-31 16:00:55,594 home-soundharya-todo:default: Job OK (todo.local::scheduled_job::frappe.email.queue.retry_sending_emails)
2025-12-31 16:00:55,594 Result is kept for 600 seconds
2025-12-31 16:00:55,597 home-soundharya-todo:default: frappe.utils.background_jobs.execute_job(event=None, is_async=True, job_name='frappe.core.doctype.scheduled_job_type.scheduled_job_type.run_scheduled_jo..., kwargs={'job_type': 'frappe.deferred_insert.save_to_db'}, method='frappe.core.doctype.scheduled_job_type.scheduled_job_type.run_scheduled_jo..., site='todo.local', user='Administrator') (todo.local::scheduled_job::frappe.deferred_insert.save_to_db)
2025-12-31 16:00:55,812 home-soundharya-todo:default: Job OK (todo.local::scheduled_job::frappe.deferred_insert.save_to_db)
2025-12-31 16:00:55,812 Result is kept for 600 seconds
2025-12-31 16:00:55,816 home-soundharya-todo:default: frappe.utils.background_jobs.execute_job(event=None, is_async=True, job_name='frappe.core.doctype.scheduled_job_type.scheduled_job_type.run_scheduled_jo..., kwargs={'job_type': 'frappe.pulse.client.send_queued_events'}, method='frappe.core.doctype.scheduled_job_type.scheduled_job_type.run_scheduled_jo..., site='todo.local', user='Administrator') (todo.local::scheduled_job::frappe.pulse.client.send_queued_events)
2025-12-31 16:00:56,026 home-soundharya-todo:default: Job OK (todo.local::scheduled_job::frappe.pulse.client.send_queued_events)
2025-12-31 16:00:56,026 Result is kept for 600 seconds
2025-12-31 16:00:56,030 home-soundharya-todo:default: frappe.utils.background_jobs.execute_job(event=None, is_async=True, job_name='frappe.core.doctype.scheduled_job_type.scheduled_job_type.run_scheduled_jo..., kwargs={'job_type': 'frappe.email.doctype.email_account.email_account.notify_unrep..., method='frappe.core.doctype.scheduled_job_type.scheduled_job_type.run_scheduled_jo..., site='todo.local', user='Administrator') (todo.local::scheduled_job::frappe.email.doctype.email_account.email_account.notify_unreplied)
2025-12-31 16:00:56,249 home-soundharya-todo:default: Job OK (todo.local::scheduled_job::frappe.email.doctype.email_account.email_account.notify_unreplied)
2025-12-31 16:00:56,249 Result is kept for 600 seconds
2025-12-31 16:00:56,253 home-soundharya-todo:default: frappe.utils.background_jobs.execute_job(event=None, is_async=True, job_name='frappe.core.doctype.scheduled_job_type.scheduled_job_type.run_scheduled_jo..., kwargs={'job_type': 'frappe.automation.doctype.reminder.reminder.send_reminders'}, method='frappe.core.doctype.scheduled_job_type.scheduled_job_type.run_scheduled_jo..., site='todo.local', user='Administrator') (todo.local::scheduled_job::frappe.automation.doctype.reminder.reminder.send_reminders)
2025-12-31 16:00:56,466 home-soundharya-todo:default: Job OK (todo.local::scheduled_job::frappe.automation.doctype.reminder.reminder.send_reminders)
2025-12-31 16:00:56,466 Result is kept for 600 seconds
2025-12-31 16:00:56,470 home-soundharya-todo:default: frappe.utils.background_jobs.execute_job(event=None, is_async=True, job_name='frappe.core.doctype.scheduled_job_type.scheduled_job_type.run_scheduled_jo..., kwargs={'job_type': 'frappe.search.sqlite_search.build_index_if_not_exists'}, method='frappe.core.doctype.scheduled_job_type.scheduled_job_type.run_scheduled_jo..., site='todo.local', user='Administrator') (todo.local::scheduled_job::frappe.search.sqlite_search.build_index_if_not_exists)
2025-12-31 16:00:56,677 home-soundharya-todo:default: Job OK (todo.local::scheduled_job::frappe.search.sqlite_search.build_index_if_not_exists)
2025-12-31 16:00:56,677 Result is kept for 600 seconds
2025-12-31 16:00:56,680 home-soundharya-todo:default: frappe.utils.background_jobs.execute_job(event=None, is_async=True, job_name='frappe.core.doctype.scheduled_job_type.scheduled_job_type.run_scheduled_jo..., kwargs={'job_type': 'frappe.email.doctype.newsletter.newsletter.send_scheduled_ema..., method='frappe.core.doctype.scheduled_job_type.scheduled_job_type.run_scheduled_jo..., site='todo.local', user='Administrator') (todo.local::scheduled_job::frappe.email.doctype.newsletter.newsletter.send_scheduled_email)
2025-12-31 16:00:56,895 home-soundharya-todo:default: Job OK (todo.local::scheduled_job::frappe.email.doctype.newsletter.newsletter.send_scheduled_email)
2025-12-31 16:00:56,895 Result is kept for 600 seconds
2025-12-31 16:00:56,899 home-soundharya-todo:default: frappe.utils.background_jobs.execute_job(event=None, is_async=True, job_name='frappe.core.doctype.scheduled_job_type.scheduled_job_type.run_scheduled_jo..., kwargs={'job_type': 'frappe.monitor.flush'}, method='frappe.core.doctype.scheduled_job_type.scheduled_job_type.run_scheduled_jo..., site='todo.local', user='Administrator') (todo.local::scheduled_job::frappe.monitor.flush)
2025-12-31 16:00:57,076 home-soundharya-todo:default: Job OK (todo.local::scheduled_job::frappe.monitor.flush)
2025-12-31 16:00:57,077 Result is kept for 600 seconds
2025-12-31 16:00:57,081 home-soundharya-todo:default: frappe.utils.background_jobs.execute_job(event=None, is_async=True, job_name='frappe.core.doctype.scheduled_job_type.scheduled_job_type.run_scheduled_jo..., kwargs={'job_type': 'frappe.utils.global_search.sync_global_search'}, method='frappe.core.doctype.scheduled_job_type.scheduled_job_type.run_scheduled_jo..., site='todo.local', user='Administrator') (todo.local::scheduled_job::frappe.utils.global_search.sync_global_search)
2025-12-31 16:00:57,289 home-soundharya-todo:default: Job OK (todo.local::scheduled_job::frappe.utils.global_search.sync_global_search)
2025-12-31 16:00:57,289 Result is kept for 600 seconds
2025-12-31 16:00:57,292 home-soundharya-todo:default: frappe.utils.background_jobs.execute_job(event=None, is_async=True, job_name='frappe.core.doctype.scheduled_job_type.scheduled_job_type.run_scheduled_jo..., kwargs={'job_type': 'frappe.email.queue.flush'}, method='frappe.core.doctype.scheduled_job_type.scheduled_job_type.run_scheduled_jo..., site='todo.local', user='Administrator') (todo.local::scheduled_job::frappe.email.queue.flush)
2025-12-31 16:00:57,521 home-soundharya-todo:default: Job OK (todo.local::scheduled_job::frappe.email.queue.flush)
2025-12-31 16:00:57,521 Result is kept for 600 seconds
2025-12-31 16:00:57,525 home-soundharya-todo:long: frappe.utils.background_jobs.execute_job(event=None, is_async=True, job_name='frappe.core.doctype.scheduled_job_type.scheduled_job_type.run_scheduled_jo..., kwargs={'job_type': 'frappe.website.doctype.web_page.web_page.check_publish_status..., method='frappe.core.doctype.scheduled_job_type.scheduled_job_type.run_scheduled_jo..., site='todo.local', user='Administrator') (todo.local::scheduled_job::frappe.website.doctype.web_page.web_page.check_publish_status)
2025-12-31 16:00:57,750 home-soundharya-todo:long: Job OK (todo.local::scheduled_job::frappe.website.doctype.web_page.web_page.check_publish_status)
2025-12-31 16:00:57,750 Result is kept for 600 seconds
2025-12-31 16:00:57,753 home-soundharya-todo:long: frappe.utils.background_jobs.execute_job(event=None, is_async=True, job_name='frappe.core.doctype.scheduled_job_type.scheduled_job_type.run_scheduled_jo..., kwargs={'job_type': 'frappe.model.utils.user_settings.sync_user_settings'}, method='frappe.core.doctype.scheduled_job_type.scheduled_job_type.run_scheduled_jo..., site='todo.local', user='Administrator') (todo.local::scheduled_job::frappe.model.utils.user_settings.sync_user_settings)
2025-12-31 16:00:57,958 home-soundharya-todo:long: Job OK (todo.local::scheduled_job::frappe.model.utils.user_settings.sync_user_settings)
2025-12-31 16:00:57,958 Result is kept for 600 seconds
2025-12-31 16:00:57,962 home-soundharya-todo:long: frappe.utils.background_jobs.execute_job(event=None, is_async=True, job_name='frappe.core.doctype.scheduled_job_type.scheduled_job_type.run_scheduled_jo..., kwargs={'job_type': 'frappe.desk.utils.delete_old_exported_report_files'}, method='frappe.core.doctype.scheduled_job_type.scheduled_job_type.run_scheduled_jo..., site='todo.local', user='Administrator') (todo.local::scheduled_job::frappe.desk.utils.delete_old_exported_report_files)
2025-12-31 16:00:58,180 home-soundharya-todo:long: Job OK (todo.local::scheduled_job::frappe.desk.utils.delete_old_exported_report_files)
2025-12-31 16:00:58,180 Result is kept for 600 seconds
2025-12-31 16:00:58,184 home-soundharya-todo:long: frappe.utils.background_jobs.execute_job(event=None, is_async=True, job_name='frappe.core.doctype.scheduled_job_type.scheduled_job_type.run_scheduled_jo..., kwargs={'job_type': 'frappe.desk.form.document_follow.send_hourly_updates'}, method='frappe.core.doctype.scheduled_job_type.scheduled_job_type.run_scheduled_jo..., site='todo.local', user='Administrator') (todo.local::scheduled_job::frappe.desk.form.document_follow.send_hourly_updates)
2025-12-31 16:00:58,392 home-soundharya-todo:long: Job OK (todo.local::scheduled_job::frappe.desk.form.document_follow.send_hourly_updates)
2025-12-31 16:00:58,392 Result is kept for 600 seconds
2025-12-31 16:00:58,396 home-soundharya-todo:long: frappe.utils.background_jobs.execute_job(event=None, is_async=True, job_name='frappe.core.doctype.scheduled_job_type.scheduled_job_type.run_scheduled_jo..., kwargs={'job_type': 'frappe.oauth.delete_oauth2_data'}, method='frappe.core.doctype.scheduled_job_type.scheduled_job_type.run_scheduled_jo..., site='todo.local', user='Administrator') (todo.local::scheduled_job::frappe.oauth.delete_oauth2_data)
2025-12-31 16:00:58,611 home-soundharya-todo:long: Job OK (todo.local::scheduled_job::frappe.oauth.delete_oauth2_data)
2025-12-31 16:00:58,611 Result is kept for 600 seconds
2025-12-31 16:00:58,615 home-soundharya-todo:long: frappe.utils.background_jobs.execute_job(event=None, is_async=True, job_name='frappe.core.doctype.scheduled_job_type.scheduled_job_type.run_scheduled_jo..., kwargs={'job_type': 'frappe.desk.page.backups.backups.delete_downloadable_backups'..., method='frappe.core.doctype.scheduled_job_type.scheduled_job_type.run_scheduled_jo..., site='todo.local', user='Administrator') (todo.local::scheduled_job::frappe.desk.page.backups.backups.delete_downloadable_backups)
2025-12-31 16:00:58,825 home-soundharya-todo:long: Job OK (todo.local::scheduled_job::frappe.desk.page.backups.backups.delete_downloadable_backups)
2025-12-31 16:00:58,825 Result is kept for 600 seconds
2025-12-31 16:00:58,828 home-soundharya-todo:long: frappe.utils.background_jobs.execute_job(event=None, is_async=True, job_name='frappe.core.doctype.scheduled_job_type.scheduled_job_type.run_scheduled_jo..., kwargs={'job_type': 'frappe.website.doctype.personal_data_deletion_request.persona..., method='frappe.core.doctype.scheduled_job_type.scheduled_job_type.run_scheduled_jo..., site='todo.local', user='Administrator') (todo.local::scheduled_job::frappe.website.doctype.personal_data_deletion_request.personal_data_deletion_request.process_data_deletion_request)
2025-12-31 16:00:59,047 home-soundharya-todo:long: Job OK (todo.local::scheduled_job::frappe.website.doctype.personal_data_deletion_request.personal_data_deletion_request.process_data_deletion_request)
2025-12-31 16:00:59,047 Result is kept for 600 seconds
2025-12-31 16:00:59,050 home-soundharya-todo:long: frappe.utils.background_jobs.execute_job(event=None, is_async=True, job_name='frappe.core.doctype.scheduled_job_type.scheduled_job_type.run_scheduled_jo..., kwargs={'job_type': 'frappe.core.doctype.prepared_report.prepared_report.expire_st..., method='frappe.core.doctype.scheduled_job_type.scheduled_job_type.run_scheduled_jo..., site='todo.local', user='Administrator') (todo.local::scheduled_job::frappe.core.doctype.prepared_report.prepared_report.expire_stalled_report)
2025-12-31 16:00:59,260 home-soundharya-todo:long: Job OK (todo.local::scheduled_job::frappe.core.doctype.prepared_report.prepared_report.expire_stalled_report)
2025-12-31 16:00:59,260 Result is kept for 600 seconds
2025-12-31 16:00:59,264 home-soundharya-todo:long: frappe.utils.background_jobs.execute_job(event=None, is_async=True, job_name='frappe.core.doctype.scheduled_job_type.scheduled_job_type.run_scheduled_jo..., kwargs={'job_type': 'frappe.twofactor.delete_all_barcodes_for_users'}, method='frappe.core.doctype.scheduled_job_type.scheduled_job_type.run_scheduled_jo..., site='todo.local', user='Administrator') (todo.local::scheduled_job::frappe.twofactor.delete_all_barcodes_for_users)
2025-12-31 16:00:59,470 home-soundharya-todo:long: Job OK (todo.local::scheduled_job::frappe.twofactor.delete_all_barcodes_for_users)
2025-12-31 16:00:59,470 Result is kept for 600 seconds
2025-12-31 16:04:55,304 home-soundharya-todo:default: frappe.utils.background_jobs.execute_job(event=None, is_async=True, job_name='frappe.core.doctype.scheduled_job_type.scheduled_job_type.run_scheduled_jo..., kwargs={'job_type': 'frappe.email.queue.retry_sending_emails'}, method='frappe.core.doctype.scheduled_job_type.scheduled_job_type.run_scheduled_jo..., site='todo.local', user='Administrator') (todo.local::scheduled_job::frappe.email.queue.retry_sending_emails)
2025-12-31 16:04:55,498 home-soundharya-todo:default: Job OK (todo.local::scheduled_job::frappe.email.queue.retry_sending_emails)
2025-12-31 16:04:55,498 Result is kept for 600 seconds
2025-12-31 16:04:55,501 home-soundharya-todo:default: frappe.utils.background_jobs.execute_job(event=None, is_async=True, job_name='frappe.core.doctype.scheduled_job_type.scheduled_job_type.run_scheduled_jo..., kwargs={'job_type': 'frappe.monitor.flush'}, method='frappe.core.doctype.scheduled_job_type.scheduled_job_type.run_scheduled_jo..., site='todo.local', user='Administrator') (todo.local::scheduled_job::frappe.monitor.flush)
2025-12-31 16:04:55,678 home-soundharya-todo:default: Job OK (todo.local::scheduled_job::frappe.monitor.flush)
2025-12-31 16:04:55,678 Result is kept for 600 seconds
2025-12-31 16:04:55,681 home-soundharya-todo:default: frappe.utils.background_jobs.execute_job(event=None, is_async=True, job_name='frappe.core.doctype.scheduled_job_type.scheduled_job_type.run_scheduled_jo..., kwargs={'job_type': 'frappe.integrations.doctype.google_calendar.google_calendar.s..., method='frappe.core.doctype.scheduled_job_type.scheduled_job_type.run_scheduled_jo..., site='todo.local', user='Administrator') (todo.local::scheduled_job::frappe.integrations.doctype.google_calendar.google_calendar.sync)
2025-12-31 16:04:55,936 home-soundharya-todo:default: Job OK (todo.local::scheduled_job::frappe.integrations.doctype.google_calendar.google_calendar.sync)
2025-12-31 16:04:55,936 Result is kept for 600 seconds
2025-12-31 16:04:55,940 home-soundharya-todo:default: frappe.utils.background_jobs.execute_job(event=None, is_async=True, job_name='frappe.core.doctype.scheduled_job_type.scheduled_job_type.run_scheduled_jo..., kwargs={'job_type': 'frappe.email.queue.flush'}, method='frappe.core.doctype.scheduled_job_type.scheduled_job_type.run_scheduled_jo..., site='todo.local', user='Administrator') (todo.local::scheduled_job::frappe.email.queue.flush)
2025-12-31 16:04:56,172 home-soundharya-todo:default: Job OK (todo.local::scheduled_job::frappe.email.queue.flush)
2025-12-31 16:04:56,172 Result is kept for 600 seconds
2025-12-31 16:08:55,883 home-soundharya-todo:default: frappe.utils.background_jobs.execute_job(event=None, is_async=True, job_name='frappe.core.doctype.scheduled_job_type.scheduled_job_type.run_scheduled_jo..., kwargs={'job_type': 'frappe.email.queue.flush'}, method='frappe.core.doctype.scheduled_job_type.scheduled_job_type.run_scheduled_jo..., site='todo.local', user='Administrator') (todo.local::scheduled_job::frappe.email.queue.flush)
2025-12-31 16:08:56,113 home-soundharya-todo:default: Job OK (todo.local::scheduled_job::frappe.email.queue.flush)
2025-12-31 16:08:56,113 Result is kept for 600 seconds
2025-12-31 16:08:56,117 home-soundharya-todo:default: frappe.utils.background_jobs.execute_job(event=None, is_async=True, job_name='frappe.core.doctype.scheduled_job_type.scheduled_job_type.run_scheduled_jo..., kwargs={'job_type': 'frappe.monitor.flush'}, method='frappe.core.doctype.scheduled_job_type.scheduled_job_type.run_scheduled_jo..., site='todo.local', user='Administrator') (todo.local::scheduled_job::frappe.monitor.flush)
2025-12-31 16:08:56,291 home-soundharya-todo:default: Job OK (todo.local::scheduled_job::frappe.monitor.flush)
2025-12-31 16:08:56,291 Result is kept for 600 seconds
2025-12-31 16:08:56,294 home-soundharya-todo:default: frappe.utils.background_jobs.execute_job(event=None, is_async=True, job_name='frappe.core.doctype.scheduled_job_type.scheduled_job_type.run_scheduled_jo..., kwargs={'job_type': 'frappe.integrations.doctype.google_calendar.google_calendar.s..., method='frappe.core.doctype.scheduled_job_type.scheduled_job_type.run_scheduled_jo..., site='todo.local', user='Administrator') (todo.local::scheduled_job::frappe.integrations.doctype.google_calendar.google_calendar.sync)
2025-12-31 16:08:56,545 home-soundharya-todo:default: Job OK (todo.local::scheduled_job::frappe.integrations.doctype.google_calendar.google_calendar.sync)
2025-12-31 16:08:56,545 Result is kept for 600 seconds
2025-12-31 16:08:56,549 home-soundharya-todo:default: frappe.utils.background_jobs.execute_job(event=None, is_async=True, job_name='frappe.core.doctype.scheduled_job_type.scheduled_job_type.run_scheduled_jo..., kwargs={'job_type': 'frappe.email.queue.retry_sending_emails'}, method='frappe.core.doctype.scheduled_job_type.scheduled_job_type.run_scheduled_jo..., site='todo.local', user='Administrator') (todo.local::scheduled_job::frappe.email.queue.retry_sending_emails)
2025-12-31 16:08:56,737 home-soundharya-todo:default: Job OK (todo.local::scheduled_job::frappe.email.queue.retry_sending_emails)
2025-12-31 16:08:56,737 Result is kept for 600 seconds
2025-12-31 16:10:56,147 home-soundharya-todo:default: frappe.utils.background_jobs.execute_job(event=None, is_async=True, job_name='frappe.core.doctype.scheduled_job_type.scheduled_job_type.run_scheduled_jo..., kwargs={'job_type': 'frappe.email.doctype.email_account.email_account.pull'}, method='frappe.core.doctype.scheduled_job_type.scheduled_job_type.run_scheduled_jo..., site='todo.local', user='Administrator') (todo.local::scheduled_job::frappe.email.doctype.email_account.email_account.pull)
2025-12-31 16:10:56,366 home-soundharya-todo:default: Job OK (todo.local::scheduled_job::frappe.email.doctype.email_account.email_account.pull)
2025-12-31 16:10:56,366 Result is kept for 600 seconds
2025-12-31 16:12:56,449 home-soundharya-todo:default: frappe.utils.background_jobs.execute_job(event=None, is_async=True, job_name='frappe.core.doctype.scheduled_job_type.scheduled_job_type.run_scheduled_jo..., kwargs={'job_type': 'frappe.email.queue.flush'}, method='frappe.core.doctype.scheduled_job_type.scheduled_job_type.run_scheduled_jo..., site='todo.local', user='Administrator') (todo.local::scheduled_job::frappe.email.queue.flush)
2025-12-31 16:12:56,753 home-soundharya-todo:default: Job OK (todo.local::scheduled_job::frappe.email.queue.flush)
2025-12-31 16:12:56,753 Result is kept for 600 seconds
2025-12-31 16:12:56,757 home-soundharya-todo:default: frappe.utils.background_jobs.execute_job(event=None, is_async=True, job_name='frappe.core.doctype.scheduled_job_type.scheduled_job_type.run_scheduled_jo..., kwargs={'job_type': 'frappe.email.queue.retry_sending_emails'}, method='frappe.core.doctype.scheduled_job_type.scheduled_job_type.run_scheduled_jo..., site='todo.local', user='Administrator') (todo.local::scheduled_job::frappe.email.queue.retry_sending_emails)
2025-12-31 16:12:56,972 home-soundharya-todo:default: Job OK (todo.local::scheduled_job::frappe.email.queue.retry_sending_emails)
2025-12-31 16:12:56,972 Result is kept for 600 seconds
2025-12-31 16:12:56,976 home-soundharya-todo:default: frappe.utils.background_jobs.execute_job(event=None, is_async=True, job_name='frappe.core.doctype.scheduled_job_type.scheduled_job_type.run_scheduled_jo..., kwargs={'job_type': 'frappe.monitor.flush'}, method='frappe.core.doctype.scheduled_job_type.scheduled_job_type.run_scheduled_jo..., site='todo.local', user='Administrator') (todo.local::scheduled_job::frappe.monitor.flush)
2025-12-31 16:12:57,201 home-soundharya-todo:default: Job OK (todo.local::scheduled_job::frappe.monitor.flush)
2025-12-31 16:12:57,201 Result is kept for 600 seconds
2025-12-31 16:12:57,206 home-soundharya-todo:default: frappe.utils.background_jobs.execute_job(event=None, is_async=True, job_name='frappe.core.doctype.scheduled_job_type.scheduled_job_type.run_scheduled_jo..., kwargs={'job_type': 'frappe.integrations.doctype.google_calendar.google_calendar.s..., method='frappe.core.doctype.scheduled_job_type.scheduled_job_type.run_scheduled_jo..., site='todo.local', user='Administrator') (todo.local::scheduled_job::frappe.integrations.doctype.google_calendar.google_calendar.sync)
2025-12-31 16:12:57,579 home-soundharya-todo:default: Job OK (todo.local::scheduled_job::frappe.integrations.doctype.google_calendar.google_calendar.sync)
2025-12-31 16:12:57,579 Result is kept for 600 seconds
2025-12-31 16:15:56,939 home-soundharya-todo:default: frappe.utils.background_jobs.execute_job(event=None, is_async=True, job_name='frappe.core.doctype.scheduled_job_type.scheduled_job_type.run_scheduled_jo..., kwargs={'job_type': 'frappe.utils.global_search.sync_global_search'}, method='frappe.core.doctype.scheduled_job_type.scheduled_job_type.run_scheduled_jo..., site='todo.local', user='Administrator') (todo.local::scheduled_job::frappe.utils.global_search.sync_global_search)
2025-12-31 16:15:57,182 home-soundharya-todo:default: Job OK (todo.local::scheduled_job::frappe.utils.global_search.sync_global_search)
2025-12-31 16:15:57,182 Result is kept for 600 seconds
2025-12-31 16:15:57,186 home-soundharya-todo:default: frappe.utils.background_jobs.execute_job(event=None, is_async=True, job_name='frappe.core.doctype.scheduled_job_type.scheduled_job_type.run_scheduled_jo..., kwargs={'job_type': 'frappe.automation.doctype.reminder.reminder.send_reminders'}, method='frappe.core.doctype.scheduled_job_type.scheduled_job_type.run_scheduled_jo..., site='todo.local', user='Administrator') (todo.local::scheduled_job::frappe.automation.doctype.reminder.reminder.send_reminders)
2025-12-31 16:15:57,417 home-soundharya-todo:default: Job OK (todo.local::scheduled_job::frappe.automation.doctype.reminder.reminder.send_reminders)
2025-12-31 16:15:57,417 Result is kept for 600 seconds
2025-12-31 16:15:57,421 home-soundharya-todo:default: frappe.utils.background_jobs.execute_job(event=None, is_async=True, job_name='frappe.core.doctype.scheduled_job_type.scheduled_job_type.run_scheduled_jo..., kwargs={'job_type': 'frappe.email.doctype.email_account.email_account.notify_unrep..., method='frappe.core.doctype.scheduled_job_type.scheduled_job_type.run_scheduled_jo..., site='todo.local', user='Administrator') (todo.local::scheduled_job::frappe.email.doctype.email_account.email_account.notify_unreplied)
2025-12-31 16:15:57,661 home-soundharya-todo:default: Job OK (todo.local::scheduled_job::frappe.email.doctype.email_account.email_account.notify_unreplied)
2025-12-31 16:15:57,661 Result is kept for 600 seconds
2025-12-31 16:15:57,666 home-soundharya-todo:default: frappe.utils.background_jobs.execute_job(event=None, is_async=True, job_name='frappe.core.doctype.scheduled_job_type.scheduled_job_type.run_scheduled_jo..., kwargs={'job_type': 'frappe.pulse.client.send_queued_events'}, method='frappe.core.doctype.scheduled_job_type.scheduled_job_type.run_scheduled_jo..., site='todo.local', user='Administrator') (todo.local::scheduled_job::frappe.pulse.client.send_queued_events)
2025-12-31 16:15:57,895 home-soundharya-todo:default: Job OK (todo.local::scheduled_job::frappe.pulse.client.send_queued_events)
2025-12-31 16:15:57,895 Result is kept for 600 seconds
2025-12-31 16:15:57,901 home-soundharya-todo:default: frappe.utils.background_jobs.execute_job(event=None, is_async=True, job_name='frappe.core.doctype.scheduled_job_type.scheduled_job_type.run_scheduled_jo..., kwargs={'job_type': 'frappe.search.sqlite_search.build_index_if_not_exists'}, method='frappe.core.doctype.scheduled_job_type.scheduled_job_type.run_scheduled_jo..., site='todo.local', user='Administrator') (todo.local::scheduled_job::frappe.search.sqlite_search.build_index_if_not_exists)
2025-12-31 16:15:58,125 home-soundharya-todo:default: Job OK (todo.local::scheduled_job::frappe.search.sqlite_search.build_index_if_not_exists)
2025-12-31 16:15:58,125 Result is kept for 600 seconds
2025-12-31 16:15:58,130 home-soundharya-todo:default: frappe.utils.background_jobs.execute_job(event=None, is_async=True, job_name='frappe.core.doctype.scheduled_job_type.scheduled_job_type.run_scheduled_jo..., kwargs={'job_type': 'frappe.deferred_insert.save_to_db'}, method='frappe.core.doctype.scheduled_job_type.scheduled_job_type.run_scheduled_jo..., site='todo.local', user='Administrator') (todo.local::scheduled_job::frappe.deferred_insert.save_to_db)
2025-12-31 16:15:58,367 home-soundharya-todo:default: Job OK (todo.local::scheduled_job::frappe.deferred_insert.save_to_db)
2025-12-31 16:15:58,367 Result is kept for 600 seconds
2025-12-31 16:15:58,371 home-soundharya-todo:default: frappe.utils.background_jobs.execute_job(event=None, is_async=True, job_name='frappe.core.doctype.scheduled_job_type.scheduled_job_type.run_scheduled_jo..., kwargs={'job_type': 'frappe.model.utils.link_count.update_link_count'}, method='frappe.core.doctype.scheduled_job_type.scheduled_job_type.run_scheduled_jo..., site='todo.local', user='Administrator') (todo.local::scheduled_job::frappe.model.utils.link_count.update_link_count)
2025-12-31 16:15:58,598 home-soundharya-todo:default: Job OK (todo.local::scheduled_job::frappe.model.utils.link_count.update_link_count)
2025-12-31 16:15:58,598 Result is kept for 600 seconds
2025-12-31 16:16:57,111 home-soundharya-todo:default: frappe.utils.background_jobs.execute_job(event=None, is_async=True, job_name='frappe.core.doctype.scheduled_job_type.scheduled_job_type.run_scheduled_jo..., kwargs={'job_type': 'frappe.monitor.flush'}, method='frappe.core.doctype.scheduled_job_type.scheduled_job_type.run_scheduled_jo..., site='todo.local', user='Administrator') (todo.local::scheduled_job::frappe.monitor.flush)
2025-12-31 16:16:57,306 home-soundharya-todo:default: Job OK (todo.local::scheduled_job::frappe.monitor.flush)
2025-12-31 16:16:57,306 Result is kept for 600 seconds
2025-12-31 16:16:57,309 home-soundharya-todo:default: frappe.utils.background_jobs.execute_job(event=None, is_async=True, job_name='frappe.core.doctype.scheduled_job_type.scheduled_job_type.run_scheduled_jo..., kwargs={'job_type': 'frappe.email.queue.flush'}, method='frappe.core.doctype.scheduled_job_type.scheduled_job_type.run_scheduled_jo..., site='todo.local', user='Administrator') (todo.local::scheduled_job::frappe.email.queue.flush)
2025-12-31 16:16:57,551 home-soundharya-todo:default: Job OK (todo.local::scheduled_job::frappe.email.queue.flush)
2025-12-31 16:16:57,551 Result is kept for 600 seconds
2025-12-31 16:16:57,555 home-soundharya-todo:default: frappe.utils.background_jobs.execute_job(event=None, is_async=True, job_name='frappe.core.doctype.scheduled_job_type.scheduled_job_type.run_scheduled_jo..., kwargs={'job_type': 'frappe.email.queue.retry_sending_emails'}, method='frappe.core.doctype.scheduled_job_type.scheduled_job_type.run_scheduled_jo..., site='todo.local', user='Administrator') (todo.local::scheduled_job::frappe.email.queue.retry_sending_emails)
2025-12-31 16:16:57,752 home-soundharya-todo:default: Job OK (todo.local::scheduled_job::frappe.email.queue.retry_sending_emails)
2025-12-31 16:16:57,752 Result is kept for 600 seconds
2025-12-31 16:16:57,757 home-soundharya-todo:default: frappe.utils.background_jobs.execute_job(event=None, is_async=True, job_name='frappe.core.doctype.scheduled_job_type.scheduled_job_type.run_scheduled_jo..., kwargs={'job_type': 'frappe.integrations.doctype.google_calendar.google_calendar.s..., method='frappe.core.doctype.scheduled_job_type.scheduled_job_type.run_scheduled_jo..., site='todo.local', user='Administrator') (todo.local::scheduled_job::frappe.integrations.doctype.google_calendar.google_calendar.sync)
2025-12-31 16:16:58,033 home-soundharya-todo:default: Job OK (todo.local::scheduled_job::frappe.integrations.doctype.google_calendar.google_calendar.sync)
2025-12-31 16:16:58,034 Result is kept for 600 seconds
2025-12-31 16:20:57,701 home-soundharya-todo:default: frappe.utils.background_jobs.execute_job(event=None, is_async=True, job_name='frappe.core.doctype.scheduled_job_type.scheduled_job_type.run_scheduled_jo..., kwargs={'job_type': 'frappe.monitor.flush'}, method='frappe.core.doctype.scheduled_job_type.scheduled_job_type.run_scheduled_jo..., site='todo.local', user='Administrator') (todo.local::scheduled_job::frappe.monitor.flush)
2025-12-31 16:20:57,907 home-soundharya-todo:default: Job OK (todo.local::scheduled_job::frappe.monitor.flush)
2025-12-31 16:20:57,907 Result is kept for 600 seconds
2025-12-31 16:20:57,911 Cleaning registries for queue: home-soundharya-todo:short
2025-12-31 16:20:57,912 Cleaning registries for queue: home-soundharya-todo:default
2025-12-31 16:20:57,913 Cleaning registries for queue: home-soundharya-todo:long
2025-12-31 16:20:57,914 home-soundharya-todo:default: frappe.utils.background_jobs.execute_job(event=None, is_async=True, job_name='frappe.core.doctype.scheduled_job_type.scheduled_job_type.run_scheduled_jo..., kwargs={'job_type': 'frappe.email.doctype.email_account.email_account.pull'}, method='frappe.core.doctype.scheduled_job_type.scheduled_job_type.run_scheduled_jo..., site='todo.local', user='Administrator') (todo.local::scheduled_job::frappe.email.doctype.email_account.email_account.pull)
2025-12-31 16:20:58,157 home-soundharya-todo:default: Job OK (todo.local::scheduled_job::frappe.email.doctype.email_account.email_account.pull)
2025-12-31 16:20:58,157 Result is kept for 600 seconds
2025-12-31 16:20:58,161 home-soundharya-todo:default: frappe.utils.background_jobs.execute_job(event=None, is_async=True, job_name='frappe.core.doctype.scheduled_job_type.scheduled_job_type.run_scheduled_jo..., kwargs={'job_type': 'frappe.integrations.doctype.google_calendar.google_calendar.s..., method='frappe.core.doctype.scheduled_job_type.scheduled_job_type.run_scheduled_jo..., site='todo.local', user='Administrator') (todo.local::scheduled_job::frappe.integrations.doctype.google_calendar.google_calendar.sync)
2025-12-31 16:20:58,444 home-soundharya-todo:default: Job OK (todo.local::scheduled_job::frappe.integrations.doctype.google_calendar.google_calendar.sync)
2025-12-31 16:20:58,444 Result is kept for 600 seconds
2025-12-31 16:20:58,448 home-soundharya-todo:default: frappe.utils.background_jobs.execute_job(event=None, is_async=True, job_name='frappe.core.doctype.scheduled_job_type.scheduled_job_type.run_scheduled_jo..., kwargs={'job_type': 'frappe.email.queue.flush'}, method='frappe.core.doctype.scheduled_job_type.scheduled_job_type.run_scheduled_jo..., site='todo.local', user='Administrator') (todo.local::scheduled_job::frappe.email.queue.flush)
2025-12-31 16:20:58,697 home-soundharya-todo:default: Job OK (todo.local::scheduled_job::frappe.email.queue.flush)
2025-12-31 16:20:58,698 Result is kept for 600 seconds
2025-12-31 16:20:58,703 home-soundharya-todo:default: frappe.utils.background_jobs.execute_job(event=None, is_async=True, job_name='frappe.core.doctype.scheduled_job_type.scheduled_job_type.run_scheduled_jo..., kwargs={'job_type': 'frappe.email.queue.retry_sending_emails'}, method='frappe.core.doctype.scheduled_job_type.scheduled_job_type.run_scheduled_jo..., site='todo.local', user='Administrator') (todo.local::scheduled_job::frappe.email.queue.retry_sending_emails)
2025-12-31 16:20:58,905 home-soundharya-todo:default: Job OK (todo.local::scheduled_job::frappe.email.queue.retry_sending_emails)
2025-12-31 16:20:58,905 Result is kept for 600 seconds
2025-12-31 16:24:58,325 home-soundharya-todo:default: frappe.utils.background_jobs.execute_job(event=None, is_async=True, job_name='frappe.core.doctype.scheduled_job_type.scheduled_job_type.run_scheduled_jo..., kwargs={'job_type': 'frappe.email.queue.retry_sending_emails'}, method='frappe.core.doctype.scheduled_job_type.scheduled_job_type.run_scheduled_jo..., site='todo.local', user='Administrator') (todo.local::scheduled_job::frappe.email.queue.retry_sending_emails)
2025-12-31 16:24:58,573 home-soundharya-todo:default: Job OK (todo.local::scheduled_job::frappe.email.queue.retry_sending_emails)
2025-12-31 16:24:58,573 Result is kept for 600 seconds
2025-12-31 16:24:58,577 home-soundharya-todo:default: frappe.utils.background_jobs.execute_job(event=None, is_async=True, job_name='frappe.core.doctype.scheduled_job_type.scheduled_job_type.run_scheduled_jo..., kwargs={'job_type': 'frappe.email.queue.flush'}, method='frappe.core.doctype.scheduled_job_type.scheduled_job_type.run_scheduled_jo..., site='todo.local', user='Administrator') (todo.local::scheduled_job::frappe.email.queue.flush)
2025-12-31 16:24:58,812 home-soundharya-todo:default: Job OK (todo.local::scheduled_job::frappe.email.queue.flush)
2025-12-31 16:24:58,813 Result is kept for 600 seconds
2025-12-31 16:24:58,818 home-soundharya-todo:default: frappe.utils.background_jobs.execute_job(event=None, is_async=True, job_name='frappe.core.doctype.scheduled_job_type.scheduled_job_type.run_scheduled_jo..., kwargs={'job_type': 'frappe.integrations.doctype.google_calendar.google_calendar.s..., method='frappe.core.doctype.scheduled_job_type.scheduled_job_type.run_scheduled_jo..., site='todo.local', user='Administrator') (todo.local::scheduled_job::frappe.integrations.doctype.google_calendar.google_calendar.sync)
2025-12-31 16:24:59,082 home-soundharya-todo:default: Job OK (todo.local::scheduled_job::frappe.integrations.doctype.google_calendar.google_calendar.sync)
2025-12-31 16:24:59,082 Result is kept for 600 seconds
2025-12-31 16:24:59,086 home-soundharya-todo:default: frappe.utils.background_jobs.execute_job(event=None, is_async=True, job_name='frappe.core.doctype.scheduled_job_type.scheduled_job_type.run_scheduled_jo..., kwargs={'job_type': 'frappe.monitor.flush'}, method='frappe.core.doctype.scheduled_job_type.scheduled_job_type.run_scheduled_jo..., site='todo.local', user='Administrator') (todo.local::scheduled_job::frappe.monitor.flush)
2025-12-31 16:24:59,263 home-soundharya-todo:default: Job OK (todo.local::scheduled_job::frappe.monitor.flush)
2025-12-31 16:24:59,263 Result is kept for 600 seconds
2025-12-31 16:28:58,934 home-soundharya-todo:default: frappe.utils.background_jobs.execute_job(event=None, is_async=True, job_name='frappe.core.doctype.scheduled_job_type.scheduled_job_type.run_scheduled_jo..., kwargs={'job_type': 'frappe.email.queue.retry_sending_emails'}, method='frappe.core.doctype.scheduled_job_type.scheduled_job_type.run_scheduled_jo..., site='todo.local', user='Administrator') (todo.local::scheduled_job::frappe.email.queue.retry_sending_emails)
2025-12-31 16:28:59,175 home-soundharya-todo:default: Job OK (todo.local::scheduled_job::frappe.email.queue.retry_sending_emails)
2025-12-31 16:28:59,175 Result is kept for 600 seconds
2025-12-31 16:28:59,180 home-soundharya-todo:default: frappe.utils.background_jobs.execute_job(event=None, is_async=True, job_name='frappe.core.doctype.scheduled_job_type.scheduled_job_type.run_scheduled_jo..., kwargs={'job_type': 'frappe.monitor.flush'}, method='frappe.core.doctype.scheduled_job_type.scheduled_job_type.run_scheduled_jo..., site='todo.local', user='Administrator') (todo.local::scheduled_job::frappe.monitor.flush)
2025-12-31 16:28:59,366 home-soundharya-todo:default: Job OK (todo.local::scheduled_job::frappe.monitor.flush)
2025-12-31 16:28:59,366 Result is kept for 600 seconds
2025-12-31 16:28:59,370 home-soundharya-todo:default: frappe.utils.background_jobs.execute_job(event=None, is_async=True, job_name='frappe.core.doctype.scheduled_job_type.scheduled_job_type.run_scheduled_jo..., kwargs={'job_type': 'frappe.integrations.doctype.google_calendar.google_calendar.s..., method='frappe.core.doctype.scheduled_job_type.scheduled_job_type.run_scheduled_jo..., site='todo.local', user='Administrator') (todo.local::scheduled_job::frappe.integrations.doctype.google_calendar.google_calendar.sync)
2025-12-31 16:28:59,630 home-soundharya-todo:default: Job OK (todo.local::scheduled_job::frappe.integrations.doctype.google_calendar.google_calendar.sync)
2025-12-31 16:28:59,630 Result is kept for 600 seconds
2025-12-31 16:28:59,634 home-soundharya-todo:default: frappe.utils.background_jobs.execute_job(event=None, is_async=True, job_name='frappe.core.doctype.scheduled_job_type.scheduled_job_type.run_scheduled_jo..., kwargs={'job_type': 'frappe.email.queue.flush'}, method='frappe.core.doctype.scheduled_job_type.scheduled_job_type.run_scheduled_jo..., site='todo.local', user='Administrator') (todo.local::scheduled_job::frappe.email.queue.flush)
2025-12-31 16:28:59,867 home-soundharya-todo:default: Job OK (todo.local::scheduled_job::frappe.email.queue.flush)
2025-12-31 16:28:59,867 Result is kept for 600 seconds
2025-12-31 16:30:59,213 home-soundharya-todo:default: frappe.utils.background_jobs.execute_job(event=None, is_async=True, job_name='frappe.core.doctype.scheduled_job_type.scheduled_job_type.run_scheduled_jo..., kwargs={'job_type': 'frappe.deferred_insert.save_to_db'}, method='frappe.core.doctype.scheduled_job_type.scheduled_job_type.run_scheduled_jo..., site='todo.local', user='Administrator') (todo.local::scheduled_job::frappe.deferred_insert.save_to_db)
2025-12-31 16:30:59,470 home-soundharya-todo:default: Job OK (todo.local::scheduled_job::frappe.deferred_insert.save_to_db)
2025-12-31 16:30:59,471 Result is kept for 600 seconds
2025-12-31 16:30:59,474 home-soundharya-todo:default: frappe.utils.background_jobs.execute_job(event=None, is_async=True, job_name='frappe.core.doctype.scheduled_job_type.scheduled_job_type.run_scheduled_jo..., kwargs={'job_type': 'frappe.automation.doctype.reminder.reminder.send_reminders'}, method='frappe.core.doctype.scheduled_job_type.scheduled_job_type.run_scheduled_jo..., site='todo.local', user='Administrator') (todo.local::scheduled_job::frappe.automation.doctype.reminder.reminder.send_reminders)
2025-12-31 16:30:59,704 home-soundharya-todo:default: Job OK (todo.local::scheduled_job::frappe.automation.doctype.reminder.reminder.send_reminders)
2025-12-31 16:30:59,704 Result is kept for 600 seconds
2025-12-31 16:30:59,708 home-soundharya-todo:default: frappe.utils.background_jobs.execute_job(event=None, is_async=True, job_name='frappe.core.doctype.scheduled_job_type.scheduled_job_type.run_scheduled_jo..., kwargs={'job_type': 'frappe.email.doctype.email_account.email_account.notify_unrep..., method='frappe.core.doctype.scheduled_job_type.scheduled_job_type.run_scheduled_jo..., site='todo.local', user='Administrator') (todo.local::scheduled_job::frappe.email.doctype.email_account.email_account.notify_unreplied)
2025-12-31 16:30:59,940 home-soundharya-todo:default: Job OK (todo.local::scheduled_job::frappe.email.doctype.email_account.email_account.notify_unreplied)
2025-12-31 16:30:59,940 Result is kept for 600 seconds
2025-12-31 16:30:59,943 home-soundharya-todo:default: frappe.utils.background_jobs.execute_job(event=None, is_async=True, job_name='frappe.core.doctype.scheduled_job_type.scheduled_job_type.run_scheduled_jo..., kwargs={'job_type': 'frappe.pulse.client.send_queued_events'}, method='frappe.core.doctype.scheduled_job_type.scheduled_job_type.run_scheduled_jo..., site='todo.local', user='Administrator') (todo.local::scheduled_job::frappe.pulse.client.send_queued_events)
2025-12-31 16:31:00,158 home-soundharya-todo:default: Job OK (todo.local::scheduled_job::frappe.pulse.client.send_queued_events)
2025-12-31 16:31:00,158 Result is kept for 600 seconds
2025-12-31 16:31:00,163 home-soundharya-todo:default: frappe.utils.background_jobs.execute_job(event=None, is_async=True, job_name='frappe.core.doctype.scheduled_job_type.scheduled_job_type.run_scheduled_jo..., kwargs={'job_type': 'frappe.model.utils.link_count.update_link_count'}, method='frappe.core.doctype.scheduled_job_type.scheduled_job_type.run_scheduled_jo..., site='todo.local', user='Administrator') (todo.local::scheduled_job::frappe.model.utils.link_count.update_link_count)
2025-12-31 16:31:00,394 home-soundharya-todo:default: Job OK (todo.local::scheduled_job::frappe.model.utils.link_count.update_link_count)
2025-12-31 16:31:00,394 Result is kept for 600 seconds
2025-12-31 16:31:00,398 home-soundharya-todo:default: frappe.utils.background_jobs.execute_job(event=None, is_async=True, job_name='frappe.core.doctype.scheduled_job_type.scheduled_job_type.run_scheduled_jo..., kwargs={'job_type': 'frappe.search.sqlite_search.build_index_if_not_exists'}, method='frappe.core.doctype.scheduled_job_type.scheduled_job_type.run_scheduled_jo..., site='todo.local', user='Administrator') (todo.local::scheduled_job::frappe.search.sqlite_search.build_index_if_not_exists)
2025-12-31 16:31:00,688 home-soundharya-todo:default: Job OK (todo.local::scheduled_job::frappe.search.sqlite_search.build_index_if_not_exists)
2025-12-31 16:31:00,688 Result is kept for 600 seconds
2025-12-31 16:31:00,692 home-soundharya-todo:default: frappe.utils.background_jobs.execute_job(event=None, is_async=True, job_name='frappe.core.doctype.scheduled_job_type.scheduled_job_type.run_scheduled_jo..., kwargs={'job_type': 'frappe.utils.global_search.sync_global_search'}, method='frappe.core.doctype.scheduled_job_type.scheduled_job_type.run_scheduled_jo..., site='todo.local', user='Administrator') (todo.local::scheduled_job::frappe.utils.global_search.sync_global_search)
2025-12-31 16:31:00,920 home-soundharya-todo:default: Job OK (todo.local::scheduled_job::frappe.utils.global_search.sync_global_search)
2025-12-31 16:31:00,920 Result is kept for 600 seconds
2025-12-31 16:31:00,923 home-soundharya-todo:default: frappe.utils.background_jobs.execute_job(event=None, is_async=True, job_name='frappe.core.doctype.scheduled_job_type.scheduled_job_type.run_scheduled_jo..., kwargs={'job_type': 'frappe.email.doctype.email_account.email_account.pull'}, method='frappe.core.doctype.scheduled_job_type.scheduled_job_type.run_scheduled_jo..., site='todo.local', user='Administrator') (todo.local::scheduled_job::frappe.email.doctype.email_account.email_account.pull)
2025-12-31 16:31:01,168 home-soundharya-todo:default: Job OK (todo.local::scheduled_job::frappe.email.doctype.email_account.email_account.pull)
2025-12-31 16:31:01,168 Result is kept for 600 seconds
2025-12-31 16:32:59,530 home-soundharya-todo:default: frappe.utils.background_jobs.execute_job(event=None, is_async=True, job_name='frappe.core.doctype.scheduled_job_type.scheduled_job_type.run_scheduled_jo..., kwargs={'job_type': 'frappe.email.queue.retry_sending_emails'}, method='frappe.core.doctype.scheduled_job_type.scheduled_job_type.run_scheduled_jo..., site='todo.local', user='Administrator') (todo.local::scheduled_job::frappe.email.queue.retry_sending_emails)
2025-12-31 16:32:59,715 home-soundharya-todo:default: Job OK (todo.local::scheduled_job::frappe.email.queue.retry_sending_emails)
2025-12-31 16:32:59,715 Result is kept for 600 seconds
2025-12-31 16:32:59,719 home-soundharya-todo:default: frappe.utils.background_jobs.execute_job(event=None, is_async=True, job_name='frappe.core.doctype.scheduled_job_type.scheduled_job_type.run_scheduled_jo..., kwargs={'job_type': 'frappe.integrations.doctype.google_calendar.google_calendar.s..., method='frappe.core.doctype.scheduled_job_type.scheduled_job_type.run_scheduled_jo..., site='todo.local', user='Administrator') (todo.local::scheduled_job::frappe.integrations.doctype.google_calendar.google_calendar.sync)
2025-12-31 16:32:59,975 home-soundharya-todo:default: Job OK (todo.local::scheduled_job::frappe.integrations.doctype.google_calendar.google_calendar.sync)
2025-12-31 16:32:59,975 Result is kept for 600 seconds
2025-12-31 16:32:59,979 home-soundharya-todo:default: frappe.utils.background_jobs.execute_job(event=None, is_async=True, job_name='frappe.core.doctype.scheduled_job_type.scheduled_job_type.run_scheduled_jo..., kwargs={'job_type': 'frappe.monitor.flush'}, method='frappe.core.doctype.scheduled_job_type.scheduled_job_type.run_scheduled_jo..., site='todo.local', user='Administrator') (todo.local::scheduled_job::frappe.monitor.flush)
2025-12-31 16:33:00,156 home-soundharya-todo:default: Job OK (todo.local::scheduled_job::frappe.monitor.flush)
2025-12-31 16:33:00,156 Result is kept for 600 seconds
2025-12-31 16:33:00,161 home-soundharya-todo:default: frappe.utils.background_jobs.execute_job(event=None, is_async=True, job_name='frappe.core.doctype.scheduled_job_type.scheduled_job_type.run_scheduled_jo..., kwargs={'job_type': 'frappe.email.queue.flush'}, method='frappe.core.doctype.scheduled_job_type.scheduled_job_type.run_scheduled_jo..., site='todo.local', user='Administrator') (todo.local::scheduled_job::frappe.email.queue.flush)
2025-12-31 16:33:00,392 home-soundharya-todo:default: Job OK (todo.local::scheduled_job::frappe.email.queue.flush)
2025-12-31 16:33:00,392 Result is kept for 600 seconds
2025-12-31 16:37:00,113 home-soundharya-todo:default: frappe.utils.background_jobs.execute_job(event=None, is_async=True, job_name='frappe.core.doctype.scheduled_job_type.scheduled_job_type.run_scheduled_jo..., kwargs={'job_type': 'frappe.email.queue.flush'}, method='frappe.core.doctype.scheduled_job_type.scheduled_job_type.run_scheduled_jo..., site='todo.local', user='Administrator') (todo.local::scheduled_job::frappe.email.queue.flush)
2025-12-31 16:37:00,365 home-soundharya-todo:default: Job OK (todo.local::scheduled_job::frappe.email.queue.flush)
2025-12-31 16:37:00,365 Result is kept for 600 seconds
2025-12-31 16:37:00,369 home-soundharya-todo:default: frappe.utils.background_jobs.execute_job(event=None, is_async=True, job_name='frappe.core.doctype.scheduled_job_type.scheduled_job_type.run_scheduled_jo..., kwargs={'job_type': 'frappe.email.queue.retry_sending_emails'}, method='frappe.core.doctype.scheduled_job_type.scheduled_job_type.run_scheduled_jo..., site='todo.local', user='Administrator') (todo.local::scheduled_job::frappe.email.queue.retry_sending_emails)
2025-12-31 16:37:00,549 home-soundharya-todo:default: Job OK (todo.local::scheduled_job::frappe.email.queue.retry_sending_emails)
2025-12-31 16:37:00,549 Result is kept for 600 seconds
2025-12-31 16:37:00,552 home-soundharya-todo:default: frappe.utils.background_jobs.execute_job(event=None, is_async=True, job_name='frappe.core.doctype.scheduled_job_type.scheduled_job_type.run_scheduled_jo..., kwargs={'job_type': 'frappe.monitor.flush'}, method='frappe.core.doctype.scheduled_job_type.scheduled_job_type.run_scheduled_jo..., site='todo.local', user='Administrator') (todo.local::scheduled_job::frappe.monitor.flush)
2025-12-31 16:37:00,739 home-soundharya-todo:default: Job OK (todo.local::scheduled_job::frappe.monitor.flush)
2025-12-31 16:37:00,739 Result is kept for 600 seconds
2025-12-31 16:37:00,742 home-soundharya-todo:default: frappe.utils.background_jobs.execute_job(event=None, is_async=True, job_name='frappe.core.doctype.scheduled_job_type.scheduled_job_type.run_scheduled_jo..., kwargs={'job_type': 'frappe.integrations.doctype.google_calendar.google_calendar.s..., method='frappe.core.doctype.scheduled_job_type.scheduled_job_type.run_scheduled_jo..., site='todo.local', user='Administrator') (todo.local::scheduled_job::frappe.integrations.doctype.google_calendar.google_calendar.sync)
2025-12-31 16:37:01,005 home-soundharya-todo:default: Job OK (todo.local::scheduled_job::frappe.integrations.doctype.google_calendar.google_calendar.sync)
2025-12-31 16:37:01,005 Result is kept for 600 seconds
2025-12-31 16:40:00,569 home-soundharya-todo:default: frappe.utils.background_jobs.execute_job(event=None, is_async=True, job_name='frappe.core.doctype.scheduled_job_type.scheduled_job_type.run_scheduled_jo..., kwargs={'job_type': 'frappe.email.queue.flush'}, method='frappe.core.doctype.scheduled_job_type.scheduled_job_type.run_scheduled_jo..., site='todo.local', user='Administrator') (todo.local::scheduled_job::frappe.email.queue.flush)
2025-12-31 16:40:00,840 home-soundharya-todo:default: Job OK (todo.local::scheduled_job::frappe.email.queue.flush)
2025-12-31 16:40:00,840 Result is kept for 600 seconds
2025-12-31 16:40:00,844 home-soundharya-todo:default: frappe.utils.background_jobs.execute_job(event=None, is_async=True, job_name='frappe.core.doctype.scheduled_job_type.scheduled_job_type.run_scheduled_jo..., kwargs={'job_type': 'frappe.email.queue.retry_sending_emails'}, method='frappe.core.doctype.scheduled_job_type.scheduled_job_type.run_scheduled_jo..., site='todo.local', user='Administrator') (todo.local::scheduled_job::frappe.email.queue.retry_sending_emails)
2025-12-31 16:40:01,032 home-soundharya-todo:default: Job OK (todo.local::scheduled_job::frappe.email.queue.retry_sending_emails)
2025-12-31 16:40:01,032 Result is kept for 600 seconds
2025-12-31 16:40:01,035 home-soundharya-todo:default: frappe.utils.background_jobs.execute_job(event=None, is_async=True, job_name='frappe.core.doctype.scheduled_job_type.scheduled_job_type.run_scheduled_jo..., kwargs={'job_type': 'frappe.email.doctype.email_account.email_account.pull'}, method='frappe.core.doctype.scheduled_job_type.scheduled_job_type.run_scheduled_jo..., site='todo.local', user='Administrator') (todo.local::scheduled_job::frappe.email.doctype.email_account.email_account.pull)
2025-12-31 16:40:01,255 home-soundharya-todo:default: Job OK (todo.local::scheduled_job::frappe.email.doctype.email_account.email_account.pull)
2025-12-31 16:40:01,255 Result is kept for 600 seconds
2025-12-31 16:40:01,261 home-soundharya-todo:default: frappe.utils.background_jobs.execute_job(event=None, is_async=True, job_name='frappe.core.doctype.scheduled_job_type.scheduled_job_type.run_scheduled_jo..., kwargs={'job_type': 'frappe.integrations.doctype.google_calendar.google_calendar.s..., method='frappe.core.doctype.scheduled_job_type.scheduled_job_type.run_scheduled_jo..., site='todo.local', user='Administrator') (todo.local::scheduled_job::frappe.integrations.doctype.google_calendar.google_calendar.sync)
2025-12-31 16:40:01,518 home-soundharya-todo:default: Job OK (todo.local::scheduled_job::frappe.integrations.doctype.google_calendar.google_calendar.sync)
2025-12-31 16:40:01,518 Result is kept for 600 seconds
2025-12-31 16:40:01,522 home-soundharya-todo:default: frappe.utils.background_jobs.execute_job(event=None, is_async=True, job_name='frappe.core.doctype.scheduled_job_type.scheduled_job_type.run_scheduled_jo..., kwargs={'job_type': 'frappe.monitor.flush'}, method='frappe.core.doctype.scheduled_job_type.scheduled_job_type.run_scheduled_jo..., site='todo.local', user='Administrator') (todo.local::scheduled_job::frappe.monitor.flush)
2025-12-31 16:40:01,697 home-soundharya-todo:default: Job OK (todo.local::scheduled_job::frappe.monitor.flush)
2025-12-31 16:40:01,697 Result is kept for 600 seconds
2025-12-31 16:44:01,166 home-soundharya-todo:default: frappe.utils.background_jobs.execute_job(event=None, is_async=True, job_name='frappe.core.doctype.scheduled_job_type.scheduled_job_type.run_scheduled_jo..., kwargs={'job_type': 'frappe.integrations.doctype.google_calendar.google_calendar.s..., method='frappe.core.doctype.scheduled_job_type.scheduled_job_type.run_scheduled_jo..., site='todo.local', user='Administrator') (todo.local::scheduled_job::frappe.integrations.doctype.google_calendar.google_calendar.sync)
2025-12-31 16:44:01,454 home-soundharya-todo:default: Job OK (todo.local::scheduled_job::frappe.integrations.doctype.google_calendar.google_calendar.sync)
2025-12-31 16:44:01,454 Result is kept for 600 seconds
2025-12-31 16:44:01,457 Cleaning registries for queue: home-soundharya-todo:short
2025-12-31 16:44:01,458 Cleaning registries for queue: home-soundharya-todo:default
2025-12-31 16:44:01,458 Cleaning registries for queue: home-soundharya-todo:long
2025-12-31 16:44:01,459 home-soundharya-todo:default: frappe.utils.background_jobs.execute_job(event=None, is_async=True, job_name='frappe.core.doctype.scheduled_job_type.scheduled_job_type.run_scheduled_jo..., kwargs={'job_type': 'frappe.email.queue.flush'}, method='frappe.core.doctype.scheduled_job_type.scheduled_job_type.run_scheduled_jo..., site='todo.local', user='Administrator') (todo.local::scheduled_job::frappe.email.queue.flush)
2025-12-31 16:44:01,695 home-soundharya-todo:default: Job OK (todo.local::scheduled_job::frappe.email.queue.flush)
2025-12-31 16:44:01,696 Result is kept for 600 seconds
2025-12-31 16:44:01,699 home-soundharya-todo:default: frappe.utils.background_jobs.execute_job(event=None, is_async=True, job_name='frappe.core.doctype.scheduled_job_type.scheduled_job_type.run_scheduled_jo..., kwargs={'job_type': 'frappe.email.queue.retry_sending_emails'}, method='frappe.core.doctype.scheduled_job_type.scheduled_job_type.run_scheduled_jo..., site='todo.local', user='Administrator') (todo.local::scheduled_job::frappe.email.queue.retry_sending_emails)
2025-12-31 16:44:01,884 home-soundharya-todo:default: Job OK (todo.local::scheduled_job::frappe.email.queue.retry_sending_emails)
2025-12-31 16:44:01,884 Result is kept for 600 seconds
2025-12-31 16:44:01,887 home-soundharya-todo:default: frappe.utils.background_jobs.execute_job(event=None, is_async=True, job_name='frappe.core.doctype.scheduled_job_type.scheduled_job_type.run_scheduled_jo..., kwargs={'job_type': 'frappe.monitor.flush'}, method='frappe.core.doctype.scheduled_job_type.scheduled_job_type.run_scheduled_jo..., site='todo.local', user='Administrator') (todo.local::scheduled_job::frappe.monitor.flush)
2025-12-31 16:44:02,061 home-soundharya-todo:default: Job OK (todo.local::scheduled_job::frappe.monitor.flush)
2025-12-31 16:44:02,061 Result is kept for 600 seconds
2025-12-31 16:45:01,311 home-soundharya-todo:default: frappe.utils.background_jobs.execute_job(event=None, is_async=True, job_name='frappe.core.doctype.scheduled_job_type.scheduled_job_type.run_scheduled_jo..., kwargs={'job_type': 'frappe.automation.doctype.reminder.reminder.send_reminders'}, method='frappe.core.doctype.scheduled_job_type.scheduled_job_type.run_scheduled_jo..., site='todo.local', user='Administrator') (todo.local::scheduled_job::frappe.automation.doctype.reminder.reminder.send_reminders)
2025-12-31 16:45:01,544 home-soundharya-todo:default: Job OK (todo.local::scheduled_job::frappe.automation.doctype.reminder.reminder.send_reminders)
2025-12-31 16:45:01,544 Result is kept for 600 seconds
2025-12-31 16:45:01,547 home-soundharya-todo:default: frappe.utils.background_jobs.execute_job(event=None, is_async=True, job_name='frappe.core.doctype.scheduled_job_type.scheduled_job_type.run_scheduled_jo..., kwargs={'job_type': 'frappe.model.utils.link_count.update_link_count'}, method='frappe.core.doctype.scheduled_job_type.scheduled_job_type.run_scheduled_jo..., site='todo.local', user='Administrator') (todo.local::scheduled_job::frappe.model.utils.link_count.update_link_count)
2025-12-31 16:45:01,760 home-soundharya-todo:default: Job OK (todo.local::scheduled_job::frappe.model.utils.link_count.update_link_count)
2025-12-31 16:45:01,760 Result is kept for 600 seconds
2025-12-31 16:45:01,764 home-soundharya-todo:default: frappe.utils.background_jobs.execute_job(event=None, is_async=True, job_name='frappe.core.doctype.scheduled_job_type.scheduled_job_type.run_scheduled_jo..., kwargs={'job_type': 'frappe.utils.global_search.sync_global_search'}, method='frappe.core.doctype.scheduled_job_type.scheduled_job_type.run_scheduled_jo..., site='todo.local', user='Administrator') (todo.local::scheduled_job::frappe.utils.global_search.sync_global_search)
2025-12-31 16:45:01,979 home-soundharya-todo:default: Job OK (todo.local::scheduled_job::frappe.utils.global_search.sync_global_search)
2025-12-31 16:45:01,979 Result is kept for 600 seconds
2025-12-31 16:45:01,983 home-soundharya-todo:default: frappe.utils.background_jobs.execute_job(event=None, is_async=True, job_name='frappe.core.doctype.scheduled_job_type.scheduled_job_type.run_scheduled_jo..., kwargs={'job_type': 'frappe.pulse.client.send_queued_events'}, method='frappe.core.doctype.scheduled_job_type.scheduled_job_type.run_scheduled_jo..., site='todo.local', user='Administrator') (todo.local::scheduled_job::frappe.pulse.client.send_queued_events)
2025-12-31 16:45:02,186 home-soundharya-todo:default: Job OK (todo.local::scheduled_job::frappe.pulse.client.send_queued_events)
2025-12-31 16:45:02,187 Result is kept for 600 seconds
2025-12-31 16:45:02,190 home-soundharya-todo:default: frappe.utils.background_jobs.execute_job(event=None, is_async=True, job_name='frappe.core.doctype.scheduled_job_type.scheduled_job_type.run_scheduled_jo..., kwargs={'job_type': 'frappe.email.doctype.email_account.email_account.notify_unrep..., method='frappe.core.doctype.scheduled_job_type.scheduled_job_type.run_scheduled_jo..., site='todo.local', user='Administrator') (todo.local::scheduled_job::frappe.email.doctype.email_account.email_account.notify_unreplied)
2025-12-31 16:45:02,406 home-soundharya-todo:default: Job OK (todo.local::scheduled_job::frappe.email.doctype.email_account.email_account.notify_unreplied)
2025-12-31 16:45:02,406 Result is kept for 600 seconds
2025-12-31 16:45:02,410 home-soundharya-todo:default: frappe.utils.background_jobs.execute_job(event=None, is_async=True, job_name='frappe.core.doctype.scheduled_job_type.scheduled_job_type.run_scheduled_jo..., kwargs={'job_type': 'frappe.search.sqlite_search.build_index_if_not_exists'}, method='frappe.core.doctype.scheduled_job_type.scheduled_job_type.run_scheduled_jo..., site='todo.local', user='Administrator') (todo.local::scheduled_job::frappe.search.sqlite_search.build_index_if_not_exists)
2025-12-31 16:45:02,614 home-soundharya-todo:default: Job OK (todo.local::scheduled_job::frappe.search.sqlite_search.build_index_if_not_exists)
2025-12-31 16:45:02,614 Result is kept for 600 seconds
2025-12-31 16:45:02,618 home-soundharya-todo:default: frappe.utils.background_jobs.execute_job(event=None, is_async=True, job_name='frappe.core.doctype.scheduled_job_type.scheduled_job_type.run_scheduled_jo..., kwargs={'job_type': 'frappe.deferred_insert.save_to_db'}, method='frappe.core.doctype.scheduled_job_type.scheduled_job_type.run_scheduled_jo..., site='todo.local', user='Administrator') (todo.local::scheduled_job::frappe.deferred_insert.save_to_db)
2025-12-31 16:45:02,845 home-soundharya-todo:default: Job OK (todo.local::scheduled_job::frappe.deferred_insert.save_to_db)
2025-12-31 16:45:02,845 Result is kept for 600 seconds
2025-12-31 16:48:01,752 home-soundharya-todo:default: frappe.utils.background_jobs.execute_job(event=None, is_async=True, job_name='frappe.core.doctype.scheduled_job_type.scheduled_job_type.run_scheduled_jo..., kwargs={'job_type': 'frappe.email.queue.retry_sending_emails'}, method='frappe.core.doctype.scheduled_job_type.scheduled_job_type.run_scheduled_jo..., site='todo.local', user='Administrator') (todo.local::scheduled_job::frappe.email.queue.retry_sending_emails)
2025-12-31 16:48:01,945 home-soundharya-todo:default: Job OK (todo.local::scheduled_job::frappe.email.queue.retry_sending_emails)
2025-12-31 16:48:01,945 Result is kept for 600 seconds
2025-12-31 16:48:01,949 home-soundharya-todo:default: frappe.utils.background_jobs.execute_job(event=None, is_async=True, job_name='frappe.core.doctype.scheduled_job_type.scheduled_job_type.run_scheduled_jo..., kwargs={'job_type': 'frappe.integrations.doctype.google_calendar.google_calendar.s..., method='frappe.core.doctype.scheduled_job_type.scheduled_job_type.run_scheduled_jo..., site='todo.local', user='Administrator') (todo.local::scheduled_job::frappe.integrations.doctype.google_calendar.google_calendar.sync)
2025-12-31 16:48:02,205 home-soundharya-todo:default: Job OK (todo.local::scheduled_job::frappe.integrations.doctype.google_calendar.google_calendar.sync)
2025-12-31 16:48:02,205 Result is kept for 600 seconds
2025-12-31 16:48:02,209 home-soundharya-todo:default: frappe.utils.background_jobs.execute_job(event=None, is_async=True, job_name='frappe.core.doctype.scheduled_job_type.scheduled_job_type.run_scheduled_jo..., kwargs={'job_type': 'frappe.email.queue.flush'}, method='frappe.core.doctype.scheduled_job_type.scheduled_job_type.run_scheduled_jo..., site='todo.local', user='Administrator') (todo.local::scheduled_job::frappe.email.queue.flush)
2025-12-31 16:48:02,436 home-soundharya-todo:default: Job OK (todo.local::scheduled_job::frappe.email.queue.flush)
2025-12-31 16:48:02,436 Result is kept for 600 seconds
2025-12-31 16:48:02,439 home-soundharya-todo:default: frappe.utils.background_jobs.execute_job(event=None, is_async=True, job_name='frappe.core.doctype.scheduled_job_type.scheduled_job_type.run_scheduled_jo..., kwargs={'job_type': 'frappe.monitor.flush'}, method='frappe.core.doctype.scheduled_job_type.scheduled_job_type.run_scheduled_jo..., site='todo.local', user='Administrator') (todo.local::scheduled_job::frappe.monitor.flush)
2025-12-31 16:48:02,614 home-soundharya-todo:default: Job OK (todo.local::scheduled_job::frappe.monitor.flush)
2025-12-31 16:48:02,614 Result is kept for 600 seconds
2025-12-31 16:49:15,762 home-soundharya-todo:default: frappe.utils.background_jobs.execute_job(event=None, is_async=True, job_name='frappe.model.delete_doc.delete_dynamic_links', kwargs={'doctype': 'daily todo', 'name': 'fc288l8d0c'}, method='frappe.model.delete_doc.delete_dynamic_links', site='todo.local', user='Administrator') (todo.local::14e44c43-80c6-43af-a12d-551240384391)
2025-12-31 16:49:15,845 home-soundharya-todo:default: Job OK (todo.local::14e44c43-80c6-43af-a12d-551240384391)
2025-12-31 16:49:15,846 Result is kept for 600 seconds
2025-12-31 16:50:02,048 home-soundharya-todo:default: frappe.utils.background_jobs.execute_job(event=None, is_async=True, job_name='frappe.core.doctype.scheduled_job_type.scheduled_job_type.run_scheduled_jo..., kwargs={'job_type': 'frappe.email.doctype.email_account.email_account.pull'}, method='frappe.core.doctype.scheduled_job_type.scheduled_job_type.run_scheduled_jo..., site='todo.local', user='Administrator') (todo.local::scheduled_job::frappe.email.doctype.email_account.email_account.pull)
2025-12-31 16:50:02,275 home-soundharya-todo:default: Job OK (todo.local::scheduled_job::frappe.email.doctype.email_account.email_account.pull)
2025-12-31 16:50:02,275 Result is kept for 600 seconds
2025-12-31 16:52:02,322 home-soundharya-todo:default: frappe.utils.background_jobs.execute_job(event=None, is_async=True, job_name='frappe.core.doctype.scheduled_job_type.scheduled_job_type.run_scheduled_jo..., kwargs={'job_type': 'frappe.email.queue.flush'}, method='frappe.core.doctype.scheduled_job_type.scheduled_job_type.run_scheduled_jo..., site='todo.local', user='Administrator') (todo.local::scheduled_job::frappe.email.queue.flush)
2025-12-31 16:52:02,607 home-soundharya-todo:default: Job OK (todo.local::scheduled_job::frappe.email.queue.flush)
2025-12-31 16:52:02,607 Result is kept for 600 seconds
2025-12-31 16:52:02,611 home-soundharya-todo:default: frappe.utils.background_jobs.execute_job(event=None, is_async=True, job_name='frappe.core.doctype.scheduled_job_type.scheduled_job_type.run_scheduled_jo..., kwargs={'job_type': 'frappe.monitor.flush'}, method='frappe.core.doctype.scheduled_job_type.scheduled_job_type.run_scheduled_jo..., site='todo.local', user='Administrator') (todo.local::scheduled_job::frappe.monitor.flush)
2025-12-31 16:52:02,790 home-soundharya-todo:default: Job OK (todo.local::scheduled_job::frappe.monitor.flush)
2025-12-31 16:52:02,790 Result is kept for 600 seconds
2025-12-31 16:52:02,793 home-soundharya-todo:default: frappe.utils.background_jobs.execute_job(event=None, is_async=True, job_name='frappe.core.doctype.scheduled_job_type.scheduled_job_type.run_scheduled_jo..., kwargs={'job_type': 'frappe.email.queue.retry_sending_emails'}, method='frappe.core.doctype.scheduled_job_type.scheduled_job_type.run_scheduled_jo..., site='todo.local', user='Administrator') (todo.local::scheduled_job::frappe.email.queue.retry_sending_emails)
2025-12-31 16:52:02,975 home-soundharya-todo:default: Job OK (todo.local::scheduled_job::frappe.email.queue.retry_sending_emails)
2025-12-31 16:52:02,975 Result is kept for 600 seconds
2025-12-31 16:52:02,978 home-soundharya-todo:default: frappe.utils.background_jobs.execute_job(event=None, is_async=True, job_name='frappe.core.doctype.scheduled_job_type.scheduled_job_type.run_scheduled_jo..., kwargs={'job_type': 'frappe.integrations.doctype.google_calendar.google_calendar.s..., method='frappe.core.doctype.scheduled_job_type.scheduled_job_type.run_scheduled_jo..., site='todo.local', user='Administrator') (todo.local::scheduled_job::frappe.integrations.doctype.google_calendar.google_calendar.sync)
2025-12-31 16:52:03,232 home-soundharya-todo:default: Job OK (todo.local::scheduled_job::frappe.integrations.doctype.google_calendar.google_calendar.sync)
2025-12-31 16:52:03,232 Result is kept for 600 seconds
2025-12-31 16:56:02,908 home-soundharya-todo:default: frappe.utils.background_jobs.execute_job(event=None, is_async=True, job_name='frappe.core.doctype.scheduled_job_type.scheduled_job_type.run_scheduled_jo..., kwargs={'job_type': 'frappe.email.queue.flush'}, method='frappe.core.doctype.scheduled_job_type.scheduled_job_type.run_scheduled_jo..., site='todo.local', user='Administrator') (todo.local::scheduled_job::frappe.email.queue.flush)
2025-12-31 16:56:03,186 home-soundharya-todo:default: Job OK (todo.local::scheduled_job::frappe.email.queue.flush)
2025-12-31 16:56:03,187 Result is kept for 600 seconds
2025-12-31 16:56:03,190 home-soundharya-todo:default: frappe.utils.background_jobs.execute_job(event=None, is_async=True, job_name='frappe.core.doctype.scheduled_job_type.scheduled_job_type.run_scheduled_jo..., kwargs={'job_type': 'frappe.monitor.flush'}, method='frappe.core.doctype.scheduled_job_type.scheduled_job_type.run_scheduled_jo..., site='todo.local', user='Administrator') (todo.local::scheduled_job::frappe.monitor.flush)
2025-12-31 16:56:03,417 home-soundharya-todo:default: Job OK (todo.local::scheduled_job::frappe.monitor.flush)
2025-12-31 16:56:03,418 Result is kept for 600 seconds
2025-12-31 16:56:03,422 home-soundharya-todo:default: frappe.utils.background_jobs.execute_job(event=None, is_async=True, job_name='frappe.core.doctype.scheduled_job_type.scheduled_job_type.run_scheduled_jo..., kwargs={'job_type': 'frappe.email.queue.retry_sending_emails'}, method='frappe.core.doctype.scheduled_job_type.scheduled_job_type.run_scheduled_jo..., site='todo.local', user='Administrator') (todo.local::scheduled_job::frappe.email.queue.retry_sending_emails)
2025-12-31 16:56:03,617 home-soundharya-todo:default: Job OK (todo.local::scheduled_job::frappe.email.queue.retry_sending_emails)
2025-12-31 16:56:03,617 Result is kept for 600 seconds
2025-12-31 16:56:03,620 home-soundharya-todo:default: frappe.utils.background_jobs.execute_job(event=None, is_async=True, job_name='frappe.core.doctype.scheduled_job_type.scheduled_job_type.run_scheduled_jo..., kwargs={'job_type': 'frappe.integrations.doctype.google_calendar.google_calendar.s..., method='frappe.core.doctype.scheduled_job_type.scheduled_job_type.run_scheduled_jo..., site='todo.local', user='Administrator') (todo.local::scheduled_job::frappe.integrations.doctype.google_calendar.google_calendar.sync)
2025-12-31 16:56:03,884 home-soundharya-todo:default: Job OK (todo.local::scheduled_job::frappe.integrations.doctype.google_calendar.google_calendar.sync)
2025-12-31 16:56:03,884 Result is kept for 600 seconds
2025-12-31 17:00:03,450 home-soundharya-todo:default: frappe.utils.background_jobs.execute_job(event=None, is_async=True, job_name='frappe.core.doctype.scheduled_job_type.scheduled_job_type.run_scheduled_jo..., kwargs={'job_type': 'frappe.email.doctype.email_account.email_account.pull'}, method='frappe.core.doctype.scheduled_job_type.scheduled_job_type.run_scheduled_jo..., site='todo.local', user='Administrator') (todo.local::scheduled_job::frappe.email.doctype.email_account.email_account.pull)
2025-12-31 17:00:03,678 home-soundharya-todo:default: Job OK (todo.local::scheduled_job::frappe.email.doctype.email_account.email_account.pull)
2025-12-31 17:00:03,678 Result is kept for 600 seconds
2025-12-31 17:00:03,682 home-soundharya-todo:default: frappe.utils.background_jobs.execute_job(event=None, is_async=True, job_name='frappe.core.doctype.scheduled_job_type.scheduled_job_type.run_scheduled_jo..., kwargs={'job_type': 'frappe.integrations.doctype.google_calendar.google_calendar.s..., method='frappe.core.doctype.scheduled_job_type.scheduled_job_type.run_scheduled_jo..., site='todo.local', user='Administrator') (todo.local::scheduled_job::frappe.integrations.doctype.google_calendar.google_calendar.sync)
2025-12-31 17:00:03,931 home-soundharya-todo:default: Job OK (todo.local::scheduled_job::frappe.integrations.doctype.google_calendar.google_calendar.sync)
2025-12-31 17:00:03,931 Result is kept for 600 seconds
2025-12-31 17:00:03,934 home-soundharya-todo:default: frappe.utils.background_jobs.execute_job(event=None, is_async=True, job_name='frappe.core.doctype.scheduled_job_type.scheduled_job_type.run_scheduled_jo..., kwargs={'job_type': 'frappe.utils.global_search.sync_global_search'}, method='frappe.core.doctype.scheduled_job_type.scheduled_job_type.run_scheduled_jo..., site='todo.local', user='Administrator') (todo.local::scheduled_job::frappe.utils.global_search.sync_global_search)
2025-12-31 17:00:04,164 home-soundharya-todo:default: Job OK (todo.local::scheduled_job::frappe.utils.global_search.sync_global_search)
2025-12-31 17:00:04,164 Result is kept for 600 seconds
2025-12-31 17:00:04,168 home-soundharya-todo:default: frappe.utils.background_jobs.execute_job(event=None, is_async=True, job_name='frappe.core.doctype.scheduled_job_type.scheduled_job_type.run_scheduled_jo..., kwargs={'job_type': 'frappe.model.utils.link_count.update_link_count'}, method='frappe.core.doctype.scheduled_job_type.scheduled_job_type.run_scheduled_jo..., site='todo.local', user='Administrator') (todo.local::scheduled_job::frappe.model.utils.link_count.update_link_count)
2025-12-31 17:00:04,374 home-soundharya-todo:default: Job OK (todo.local::scheduled_job::frappe.model.utils.link_count.update_link_count)
2025-12-31 17:00:04,374 Result is kept for 600 seconds
2025-12-31 17:00:04,378 home-soundharya-todo:default: frappe.utils.background_jobs.execute_job(event=None, is_async=True, job_name='frappe.core.doctype.scheduled_job_type.scheduled_job_type.run_scheduled_jo..., kwargs={'job_type': 'frappe.email.queue.flush'}, method='frappe.core.doctype.scheduled_job_type.scheduled_job_type.run_scheduled_jo..., site='todo.local', user='Administrator') (todo.local::scheduled_job::frappe.email.queue.flush)
2025-12-31 17:00:04,605 home-soundharya-todo:default: Job OK (todo.local::scheduled_job::frappe.email.queue.flush)
2025-12-31 17:00:04,605 Result is kept for 600 seconds
2025-12-31 17:00:04,609 home-soundharya-todo:default: frappe.utils.background_jobs.execute_job(event=None, is_async=True, job_name='frappe.core.doctype.scheduled_job_type.scheduled_job_type.run_scheduled_jo..., kwargs={'job_type': 'frappe.pulse.client.send_queued_events'}, method='frappe.core.doctype.scheduled_job_type.scheduled_job_type.run_scheduled_jo..., site='todo.local', user='Administrator') (todo.local::scheduled_job::frappe.pulse.client.send_queued_events)
2025-12-31 17:00:04,814 home-soundharya-todo:default: Job OK (todo.local::scheduled_job::frappe.pulse.client.send_queued_events)
2025-12-31 17:00:04,814 Result is kept for 600 seconds
2025-12-31 17:00:04,817 home-soundharya-todo:default: frappe.utils.background_jobs.execute_job(event=None, is_async=True, job_name='frappe.core.doctype.scheduled_job_type.scheduled_job_type.run_scheduled_jo..., kwargs={'job_type': 'frappe.automation.doctype.reminder.reminder.send_reminders'}, method='frappe.core.doctype.scheduled_job_type.scheduled_job_type.run_scheduled_jo..., site='todo.local', user='Administrator') (todo.local::scheduled_job::frappe.automation.doctype.reminder.reminder.send_reminders)
2025-12-31 17:00:05,028 home-soundharya-todo:default: Job OK (todo.local::scheduled_job::frappe.automation.doctype.reminder.reminder.send_reminders)
2025-12-31 17:00:05,028 Result is kept for 600 seconds
2025-12-31 17:00:05,031 home-soundharya-todo:default: frappe.utils.background_jobs.execute_job(event=None, is_async=True, job_name='frappe.core.doctype.scheduled_job_type.scheduled_job_type.run_scheduled_jo..., kwargs={'job_type': 'frappe.email.queue.retry_sending_emails'}, method='frappe.core.doctype.scheduled_job_type.scheduled_job_type.run_scheduled_jo..., site='todo.local', user='Administrator') (todo.local::scheduled_job::frappe.email.queue.retry_sending_emails)
2025-12-31 17:00:05,213 home-soundharya-todo:default: Job OK (todo.local::scheduled_job::frappe.email.queue.retry_sending_emails)
2025-12-31 17:00:05,213 Result is kept for 600 seconds
2025-12-31 17:00:05,216 home-soundharya-todo:default: frappe.utils.background_jobs.execute_job(event=None, is_async=True, job_name='frappe.core.doctype.scheduled_job_type.scheduled_job_type.run_scheduled_jo..., kwargs={'job_type': 'frappe.email.doctype.email_account.email_account.notify_unrep..., method='frappe.core.doctype.scheduled_job_type.scheduled_job_type.run_scheduled_jo..., site='todo.local', user='Administrator') (todo.local::scheduled_job::frappe.email.doctype.email_account.email_account.notify_unreplied)
2025-12-31 17:00:05,432 home-soundharya-todo:default: Job OK (todo.local::scheduled_job::frappe.email.doctype.email_account.email_account.notify_unreplied)
2025-12-31 17:00:05,432 Result is kept for 600 seconds
2025-12-31 17:00:05,436 home-soundharya-todo:default: frappe.utils.background_jobs.execute_job(event=None, is_async=True, job_name='frappe.core.doctype.scheduled_job_type.scheduled_job_type.run_scheduled_jo..., kwargs={'job_type': 'frappe.deferred_insert.save_to_db'}, method='frappe.core.doctype.scheduled_job_type.scheduled_job_type.run_scheduled_jo..., site='todo.local', user='Administrator') (todo.local::scheduled_job::frappe.deferred_insert.save_to_db)
2025-12-31 17:00:05,648 home-soundharya-todo:default: Job OK (todo.local::scheduled_job::frappe.deferred_insert.save_to_db)
2025-12-31 17:00:05,648 Result is kept for 600 seconds
2025-12-31 17:00:05,652 home-soundharya-todo:default: frappe.utils.background_jobs.execute_job(event=None, is_async=True, job_name='frappe.core.doctype.scheduled_job_type.scheduled_job_type.run_scheduled_jo..., kwargs={'job_type': 'frappe.search.sqlite_search.build_index_if_not_exists'}, method='frappe.core.doctype.scheduled_job_type.scheduled_job_type.run_scheduled_jo..., site='todo.local', user='Administrator') (todo.local::scheduled_job::frappe.search.sqlite_search.build_index_if_not_exists)
2025-12-31 17:00:05,856 home-soundharya-todo:default: Job OK (todo.local::scheduled_job::frappe.search.sqlite_search.build_index_if_not_exists)
2025-12-31 17:00:05,856 Result is kept for 600 seconds
2025-12-31 17:00:05,860 home-soundharya-todo:default: frappe.utils.background_jobs.execute_job(event=None, is_async=True, job_name='frappe.core.doctype.scheduled_job_type.scheduled_job_type.run_scheduled_jo..., kwargs={'job_type': 'frappe.monitor.flush'}, method='frappe.core.doctype.scheduled_job_type.scheduled_job_type.run_scheduled_jo..., site='todo.local', user='Administrator') (todo.local::scheduled_job::frappe.monitor.flush)
2025-12-31 17:00:06,034 home-soundharya-todo:default: Job OK (todo.local::scheduled_job::frappe.monitor.flush)
2025-12-31 17:00:06,035 Result is kept for 600 seconds
2025-12-31 17:00:06,038 home-soundharya-todo:default: frappe.utils.background_jobs.execute_job(event=None, is_async=True, job_name='frappe.core.doctype.scheduled_job_type.scheduled_job_type.run_scheduled_jo..., kwargs={'job_type': 'frappe.email.doctype.newsletter.newsletter.send_scheduled_ema..., method='frappe.core.doctype.scheduled_job_type.scheduled_job_type.run_scheduled_jo..., site='todo.local', user='Administrator') (todo.local::scheduled_job::frappe.email.doctype.newsletter.newsletter.send_scheduled_email)
2025-12-31 17:00:06,252 home-soundharya-todo:default: Job OK (todo.local::scheduled_job::frappe.email.doctype.newsletter.newsletter.send_scheduled_email)
2025-12-31 17:00:06,252 Result is kept for 600 seconds
2025-12-31 17:00:06,256 home-soundharya-todo:long: frappe.utils.background_jobs.execute_job(event=None, is_async=True, job_name='frappe.core.doctype.scheduled_job_type.scheduled_job_type.run_scheduled_jo..., kwargs={'job_type': 'frappe.oauth.delete_oauth2_data'}, method='frappe.core.doctype.scheduled_job_type.scheduled_job_type.run_scheduled_jo..., site='todo.local', user='Administrator') (todo.local::scheduled_job::frappe.oauth.delete_oauth2_data)
2025-12-31 17:00:06,470 home-soundharya-todo:long: Job OK (todo.local::scheduled_job::frappe.oauth.delete_oauth2_data)
2025-12-31 17:00:06,470 Result is kept for 600 seconds
2025-12-31 17:00:06,474 home-soundharya-todo:long: frappe.utils.background_jobs.execute_job(event=None, is_async=True, job_name='frappe.core.doctype.scheduled_job_type.scheduled_job_type.run_scheduled_jo..., kwargs={'job_type': 'frappe.twofactor.delete_all_barcodes_for_users'}, method='frappe.core.doctype.scheduled_job_type.scheduled_job_type.run_scheduled_jo..., site='todo.local', user='Administrator') (todo.local::scheduled_job::frappe.twofactor.delete_all_barcodes_for_users)
2025-12-31 17:00:06,690 home-soundharya-todo:long: Job OK (todo.local::scheduled_job::frappe.twofactor.delete_all_barcodes_for_users)
2025-12-31 17:00:06,690 Result is kept for 600 seconds
2025-12-31 17:00:06,693 home-soundharya-todo:long: frappe.utils.background_jobs.execute_job(event=None, is_async=True, job_name='frappe.core.doctype.scheduled_job_type.scheduled_job_type.run_scheduled_jo..., kwargs={'job_type': 'frappe.desk.page.backups.backups.delete_downloadable_backups'..., method='frappe.core.doctype.scheduled_job_type.scheduled_job_type.run_scheduled_jo..., site='todo.local', user='Administrator') (todo.local::scheduled_job::frappe.desk.page.backups.backups.delete_downloadable_backups)
2025-12-31 17:00:06,898 home-soundharya-todo:long: Job OK (todo.local::scheduled_job::frappe.desk.page.backups.backups.delete_downloadable_backups)
2025-12-31 17:00:06,898 Result is kept for 600 seconds
2025-12-31 17:00:06,902 home-soundharya-todo:long: frappe.utils.background_jobs.execute_job(event=None, is_async=True, job_name='frappe.core.doctype.scheduled_job_type.scheduled_job_type.run_scheduled_jo..., kwargs={'job_type': 'frappe.core.doctype.prepared_report.prepared_report.expire_st..., method='frappe.core.doctype.scheduled_job_type.scheduled_job_type.run_scheduled_jo..., site='todo.local', user='Administrator') (todo.local::scheduled_job::frappe.core.doctype.prepared_report.prepared_report.expire_stalled_report)
2025-12-31 17:00:07,110 home-soundharya-todo:long: Job OK (todo.local::scheduled_job::frappe.core.doctype.prepared_report.prepared_report.expire_stalled_report)
2025-12-31 17:00:07,110 Result is kept for 600 seconds
2025-12-31 17:00:07,114 home-soundharya-todo:long: frappe.utils.background_jobs.execute_job(event=None, is_async=True, job_name='frappe.core.doctype.scheduled_job_type.scheduled_job_type.run_scheduled_jo..., kwargs={'job_type': 'frappe.website.doctype.personal_data_deletion_request.persona..., method='frappe.core.doctype.scheduled_job_type.scheduled_job_type.run_scheduled_jo..., site='todo.local', user='Administrator') (todo.local::scheduled_job::frappe.website.doctype.personal_data_deletion_request.personal_data_deletion_request.process_data_deletion_request)
2025-12-31 17:00:07,327 home-soundharya-todo:long: Job OK (todo.local::scheduled_job::frappe.website.doctype.personal_data_deletion_request.personal_data_deletion_request.process_data_deletion_request)
2025-12-31 17:00:07,327 Result is kept for 600 seconds
2025-12-31 17:00:07,330 home-soundharya-todo:long: frappe.utils.background_jobs.execute_job(event=None, is_async=True, job_name='frappe.core.doctype.scheduled_job_type.scheduled_job_type.run_scheduled_jo..., kwargs={'job_type': 'frappe.desk.utils.delete_old_exported_report_files'}, method='frappe.core.doctype.scheduled_job_type.scheduled_job_type.run_scheduled_jo..., site='todo.local', user='Administrator') (todo.local::scheduled_job::frappe.desk.utils.delete_old_exported_report_files)
2025-12-31 17:00:07,544 home-soundharya-todo:long: Job OK (todo.local::scheduled_job::frappe.desk.utils.delete_old_exported_report_files)
2025-12-31 17:00:07,544 Result is kept for 600 seconds
2025-12-31 17:00:07,548 home-soundharya-todo:long: frappe.utils.background_jobs.execute_job(event=None, is_async=True, job_name='frappe.core.doctype.scheduled_job_type.scheduled_job_type.run_scheduled_jo..., kwargs={'job_type': 'frappe.model.utils.user_settings.sync_user_settings'}, method='frappe.core.doctype.scheduled_job_type.scheduled_job_type.run_scheduled_jo..., site='todo.local', user='Administrator') (todo.local::scheduled_job::frappe.model.utils.user_settings.sync_user_settings)
2025-12-31 17:00:07,759 home-soundharya-todo:long: Job OK (todo.local::scheduled_job::frappe.model.utils.user_settings.sync_user_settings)
2025-12-31 17:00:07,759 Result is kept for 600 seconds
2025-12-31 17:00:07,763 home-soundharya-todo:long: frappe.utils.background_jobs.execute_job(event=None, is_async=True, job_name='frappe.core.doctype.scheduled_job_type.scheduled_job_type.run_scheduled_jo..., kwargs={'job_type': 'frappe.desk.form.document_follow.send_hourly_updates'}, method='frappe.core.doctype.scheduled_job_type.scheduled_job_type.run_scheduled_jo..., site='todo.local', user='Administrator') (todo.local::scheduled_job::frappe.desk.form.document_follow.send_hourly_updates)
2025-12-31 17:00:07,961 home-soundharya-todo:long: Job OK (todo.local::scheduled_job::frappe.desk.form.document_follow.send_hourly_updates)
2025-12-31 17:00:07,961 Result is kept for 600 seconds
2025-12-31 17:00:07,965 home-soundharya-todo:long: frappe.utils.background_jobs.execute_job(event=None, is_async=True, job_name='frappe.core.doctype.scheduled_job_type.scheduled_job_type.run_scheduled_jo..., kwargs={'job_type': 'frappe.website.doctype.web_page.web_page.check_publish_status..., method='frappe.core.doctype.scheduled_job_type.scheduled_job_type.run_scheduled_jo..., site='todo.local', user='Administrator') (todo.local::scheduled_job::frappe.website.doctype.web_page.web_page.check_publish_status)
2025-12-31 17:00:08,184 home-soundharya-todo:long: Job OK (todo.local::scheduled_job::frappe.website.doctype.web_page.web_page.check_publish_status)
2025-12-31 17:00:08,184 Result is kept for 600 seconds
2025-12-31 17:04:04,061 home-soundharya-todo:default: frappe.utils.background_jobs.execute_job(event=None, is_async=True, job_name='frappe.core.doctype.scheduled_job_type.scheduled_job_type.run_scheduled_jo..., kwargs={'job_type': 'frappe.monitor.flush'}, method='frappe.core.doctype.scheduled_job_type.scheduled_job_type.run_scheduled_jo..., site='todo.local', user='Administrator') (todo.local::scheduled_job::frappe.monitor.flush)
2025-12-31 17:04:04,238 home-soundharya-todo:default: Job OK (todo.local::scheduled_job::frappe.monitor.flush)
2025-12-31 17:04:04,238 Result is kept for 600 seconds
2025-12-31 17:04:04,241 home-soundharya-todo:default: frappe.utils.background_jobs.execute_job(event=None, is_async=True, job_name='frappe.core.doctype.scheduled_job_type.scheduled_job_type.run_scheduled_jo..., kwargs={'job_type': 'frappe.email.queue.flush'}, method='frappe.core.doctype.scheduled_job_type.scheduled_job_type.run_scheduled_jo..., site='todo.local', user='Administrator') (todo.local::scheduled_job::frappe.email.queue.flush)
2025-12-31 17:04:04,469 home-soundharya-todo:default: Job OK (todo.local::scheduled_job::frappe.email.queue.flush)
2025-12-31 17:04:04,469 Result is kept for 600 seconds
2025-12-31 17:04:04,472 home-soundharya-todo:default: frappe.utils.background_jobs.execute_job(event=None, is_async=True, job_name='frappe.core.doctype.scheduled_job_type.scheduled_job_type.run_scheduled_jo..., kwargs={'job_type': 'frappe.integrations.doctype.google_calendar.google_calendar.s..., method='frappe.core.doctype.scheduled_job_type.scheduled_job_type.run_scheduled_jo..., site='todo.local', user='Administrator') (todo.local::scheduled_job::frappe.integrations.doctype.google_calendar.google_calendar.sync)
2025-12-31 17:04:04,713 home-soundharya-todo:default: Job OK (todo.local::scheduled_job::frappe.integrations.doctype.google_calendar.google_calendar.sync)
2025-12-31 17:04:04,713 Result is kept for 600 seconds
2025-12-31 17:04:04,717 home-soundharya-todo:default: frappe.utils.background_jobs.execute_job(event=None, is_async=True, job_name='frappe.core.doctype.scheduled_job_type.scheduled_job_type.run_scheduled_jo..., kwargs={'job_type': 'frappe.email.queue.retry_sending_emails'}, method='frappe.core.doctype.scheduled_job_type.scheduled_job_type.run_scheduled_jo..., site='todo.local', user='Administrator') (todo.local::scheduled_job::frappe.email.queue.retry_sending_emails)
2025-12-31 17:04:04,897 home-soundharya-todo:default: Job OK (todo.local::scheduled_job::frappe.email.queue.retry_sending_emails)
2025-12-31 17:04:04,897 Result is kept for 600 seconds
2025-12-31 17:08:04,652 home-soundharya-todo:default: frappe.utils.background_jobs.execute_job(event=None, is_async=True, job_name='frappe.core.doctype.scheduled_job_type.scheduled_job_type.run_scheduled_jo..., kwargs={'job_type': 'frappe.email.queue.flush'}, method='frappe.core.doctype.scheduled_job_type.scheduled_job_type.run_scheduled_jo..., site='todo.local', user='Administrator') (todo.local::scheduled_job::frappe.email.queue.flush)
2025-12-31 17:08:04,999 home-soundharya-todo:default: Job OK (todo.local::scheduled_job::frappe.email.queue.flush)
2025-12-31 17:08:04,999 Result is kept for 600 seconds
2025-12-31 17:08:05,003 Cleaning registries for queue: home-soundharya-todo:short
2025-12-31 17:08:05,004 Cleaning registries for queue: home-soundharya-todo:default
2025-12-31 17:08:05,004 Cleaning registries for queue: home-soundharya-todo:long
2025-12-31 17:08:05,005 home-soundharya-todo:default: frappe.utils.background_jobs.execute_job(event=None, is_async=True, job_name='frappe.core.doctype.scheduled_job_type.scheduled_job_type.run_scheduled_jo..., kwargs={'job_type': 'frappe.monitor.flush'}, method='frappe.core.doctype.scheduled_job_type.scheduled_job_type.run_scheduled_jo..., site='todo.local', user='Administrator') (todo.local::scheduled_job::frappe.monitor.flush)
2025-12-31 17:08:05,219 home-soundharya-todo:default: Job OK (todo.local::scheduled_job::frappe.monitor.flush)
2025-12-31 17:08:05,219 Result is kept for 600 seconds
2025-12-31 17:08:05,222 home-soundharya-todo:default: frappe.utils.background_jobs.execute_job(event=None, is_async=True, job_name='frappe.core.doctype.scheduled_job_type.scheduled_job_type.run_scheduled_jo..., kwargs={'job_type': 'frappe.email.queue.retry_sending_emails'}, method='frappe.core.doctype.scheduled_job_type.scheduled_job_type.run_scheduled_jo..., site='todo.local', user='Administrator') (todo.local::scheduled_job::frappe.email.queue.retry_sending_emails)
2025-12-31 17:08:05,429 home-soundharya-todo:default: Job OK (todo.local::scheduled_job::frappe.email.queue.retry_sending_emails)
2025-12-31 17:08:05,430 Result is kept for 600 seconds
2025-12-31 17:08:05,433 home-soundharya-todo:default: frappe.utils.background_jobs.execute_job(event=None, is_async=True, job_name='frappe.core.doctype.scheduled_job_type.scheduled_job_type.run_scheduled_jo..., kwargs={'job_type': 'frappe.integrations.doctype.google_calendar.google_calendar.s..., method='frappe.core.doctype.scheduled_job_type.scheduled_job_type.run_scheduled_jo..., site='todo.local', user='Administrator') (todo.local::scheduled_job::frappe.integrations.doctype.google_calendar.google_calendar.sync)
2025-12-31 17:08:05,757 home-soundharya-todo:default: Job OK (todo.local::scheduled_job::frappe.integrations.doctype.google_calendar.google_calendar.sync)
2025-12-31 17:08:05,757 Result is kept for 600 seconds
2025-12-31 17:10:04,958 home-soundharya-todo:default: frappe.utils.background_jobs.execute_job(event=None, is_async=True, job_name='frappe.core.doctype.scheduled_job_type.scheduled_job_type.run_scheduled_jo..., kwargs={'job_type': 'frappe.email.doctype.email_account.email_account.pull'}, method='frappe.core.doctype.scheduled_job_type.scheduled_job_type.run_scheduled_jo..., site='todo.local', user='Administrator') (todo.local::scheduled_job::frappe.email.doctype.email_account.email_account.pull)
2025-12-31 17:10:05,281 home-soundharya-todo:default: Job OK (todo.local::scheduled_job::frappe.email.doctype.email_account.email_account.pull)
2025-12-31 17:10:05,281 Result is kept for 600 seconds
2025-12-31 17:12:00,681 home-soundharya-todo:default: frappe.utils.background_jobs.execute_job(event=None, is_async=True, job_name='frappe.model.delete_doc.delete_dynamic_links', kwargs={'doctype': 'daily todo', 'name': 'hrkqhs151m'}, method='frappe.model.delete_doc.delete_dynamic_links', site='todo.local', user='Administrator') (todo.local::f7c31e2d-e9f8-4fed-ac40-61127ac3a8d3)
2025-12-31 17:12:00,783 home-soundharya-todo:default: Job OK (todo.local::f7c31e2d-e9f8-4fed-ac40-61127ac3a8d3)
2025-12-31 17:12:00,783 Result is kept for 600 seconds
2025-12-31 17:12:05,249 home-soundharya-todo:default: frappe.utils.background_jobs.execute_job(event=None, is_async=True, job_name='frappe.core.doctype.scheduled_job_type.scheduled_job_type.run_scheduled_jo..., kwargs={'job_type': 'frappe.email.queue.flush'}, method='frappe.core.doctype.scheduled_job_type.scheduled_job_type.run_scheduled_jo..., site='todo.local', user='Administrator') (todo.local::scheduled_job::frappe.email.queue.flush)
2025-12-31 17:12:05,482 home-soundharya-todo:default: Job OK (todo.local::scheduled_job::frappe.email.queue.flush)
2025-12-31 17:12:05,482 Result is kept for 600 seconds
2025-12-31 17:12:05,485 home-soundharya-todo:default: frappe.utils.background_jobs.execute_job(event=None, is_async=True, job_name='frappe.core.doctype.scheduled_job_type.scheduled_job_type.run_scheduled_jo..., kwargs={'job_type': 'frappe.monitor.flush'}, method='frappe.core.doctype.scheduled_job_type.scheduled_job_type.run_scheduled_jo..., site='todo.local', user='Administrator') (todo.local::scheduled_job::frappe.monitor.flush)
2025-12-31 17:12:05,664 home-soundharya-todo:default: Job OK (todo.local::scheduled_job::frappe.monitor.flush)
2025-12-31 17:12:05,664 Result is kept for 600 seconds
2025-12-31 17:12:05,667 home-soundharya-todo:default: frappe.utils.background_jobs.execute_job(event=None, is_async=True, job_name='frappe.core.doctype.scheduled_job_type.scheduled_job_type.run_scheduled_jo..., kwargs={'job_type': 'frappe.email.queue.retry_sending_emails'}, method='frappe.core.doctype.scheduled_job_type.scheduled_job_type.run_scheduled_jo..., site='todo.local', user='Administrator') (todo.local::scheduled_job::frappe.email.queue.retry_sending_emails)
2025-12-31 17:12:05,864 home-soundharya-todo:default: Job OK (todo.local::scheduled_job::frappe.email.queue.retry_sending_emails)
2025-12-31 17:12:05,864 Result is kept for 600 seconds
2025-12-31 17:12:05,868 home-soundharya-todo:default: frappe.utils.background_jobs.execute_job(event=None, is_async=True, job_name='frappe.core.doctype.scheduled_job_type.scheduled_job_type.run_scheduled_jo..., kwargs={'job_type': 'frappe.integrations.doctype.google_calendar.google_calendar.s..., method='frappe.core.doctype.scheduled_job_type.scheduled_job_type.run_scheduled_jo..., site='todo.local', user='Administrator') (todo.local::scheduled_job::frappe.integrations.doctype.google_calendar.google_calendar.sync)
2025-12-31 17:12:06,140 home-soundharya-todo:default: Job OK (todo.local::scheduled_job::frappe.integrations.doctype.google_calendar.google_calendar.sync)
2025-12-31 17:12:06,140 Result is kept for 600 seconds
2025-12-31 17:12:08,406 home-soundharya-todo:default: frappe.utils.background_jobs.execute_job(event=None, is_async=True, job_name='frappe.model.delete_doc.delete_dynamic_links', kwargs={'doctype': 'daily todo', 'name': '0fkns0qm2b'}, method='frappe.model.delete_doc.delete_dynamic_links', site='todo.local', user='Administrator') (todo.local::ca53e437-5349-4b14-b7da-41bc38794299)
2025-12-31 17:12:08,609 home-soundharya-todo:default: Job OK (todo.local::ca53e437-5349-4b14-b7da-41bc38794299)
2025-12-31 17:12:08,609 Result is kept for 600 seconds
2025-12-31 17:12:15,792 home-soundharya-todo:default: frappe.utils.background_jobs.execute_job(event=None, is_async=True, job_name='frappe.model.delete_doc.delete_dynamic_links', kwargs={'doctype': 'daily todo', 'name': '2m95jgqksd'}, method='frappe.model.delete_doc.delete_dynamic_links', site='todo.local', user='Administrator') (todo.local::946f8b73-7d59-4af1-a739-057541f53bc1)
2025-12-31 17:12:15,911 home-soundharya-todo:default: Job OK (todo.local::946f8b73-7d59-4af1-a739-057541f53bc1)
2025-12-31 17:12:15,911 Result is kept for 600 seconds
2025-12-31 17:12:22,534 home-soundharya-todo:default: frappe.utils.background_jobs.execute_job(event=None, is_async=True, job_name='frappe.model.delete_doc.delete_dynamic_links', kwargs={'doctype': 'daily todo', 'name': 'pomd1vjspf'}, method='frappe.model.delete_doc.delete_dynamic_links', site='todo.local', user='Administrator') (todo.local::d1e9f658-167a-4aaf-84a1-7488033ac398)
2025-12-31 17:12:22,631 home-soundharya-todo:default: Job OK (todo.local::d1e9f658-167a-4aaf-84a1-7488033ac398)
2025-12-31 17:12:22,631 Result is kept for 600 seconds
2025-12-31 17:15:05,614 home-soundharya-todo:default: frappe.utils.background_jobs.execute_job(event=None, is_async=True, job_name='frappe.core.doctype.scheduled_job_type.scheduled_job_type.run_scheduled_jo..., kwargs={'job_type': 'frappe.deferred_insert.save_to_db'}, method='frappe.core.doctype.scheduled_job_type.scheduled_job_type.run_scheduled_jo..., site='todo.local', user='Administrator') (todo.local::scheduled_job::frappe.deferred_insert.save_to_db)
2025-12-31 17:15:05,861 home-soundharya-todo:default: Job OK (todo.local::scheduled_job::frappe.deferred_insert.save_to_db)
2025-12-31 17:15:05,861 Result is kept for 600 seconds
2025-12-31 17:15:05,865 home-soundharya-todo:default: frappe.utils.background_jobs.execute_job(event=None, is_async=True, job_name='frappe.core.doctype.scheduled_job_type.scheduled_job_type.run_scheduled_jo..., kwargs={'job_type': 'frappe.utils.global_search.sync_global_search'}, method='frappe.core.doctype.scheduled_job_type.scheduled_job_type.run_scheduled_jo..., site='todo.local', user='Administrator') (todo.local::scheduled_job::frappe.utils.global_search.sync_global_search)
2025-12-31 17:15:06,071 home-soundharya-todo:default: Job OK (todo.local::scheduled_job::frappe.utils.global_search.sync_global_search)
2025-12-31 17:15:06,071 Result is kept for 600 seconds
2025-12-31 17:15:06,075 home-soundharya-todo:default: frappe.utils.background_jobs.execute_job(event=None, is_async=True, job_name='frappe.core.doctype.scheduled_job_type.scheduled_job_type.run_scheduled_jo..., kwargs={'job_type': 'frappe.automation.doctype.reminder.reminder.send_reminders'}, method='frappe.core.doctype.scheduled_job_type.scheduled_job_type.run_scheduled_jo..., site='todo.local', user='Administrator') (todo.local::scheduled_job::frappe.automation.doctype.reminder.reminder.send_reminders)
2025-12-31 17:15:06,287 home-soundharya-todo:default: Job OK (todo.local::scheduled_job::frappe.automation.doctype.reminder.reminder.send_reminders)
2025-12-31 17:15:06,287 Result is kept for 600 seconds
2025-12-31 17:15:06,291 home-soundharya-todo:default: frappe.utils.background_jobs.execute_job(event=None, is_async=True, job_name='frappe.core.doctype.scheduled_job_type.scheduled_job_type.run_scheduled_jo..., kwargs={'job_type': 'frappe.search.sqlite_search.build_index_if_not_exists'}, method='frappe.core.doctype.scheduled_job_type.scheduled_job_type.run_scheduled_jo..., site='todo.local', user='Administrator') (todo.local::scheduled_job::frappe.search.sqlite_search.build_index_if_not_exists)
2025-12-31 17:15:06,496 home-soundharya-todo:default: Job OK (todo.local::scheduled_job::frappe.search.sqlite_search.build_index_if_not_exists)
2025-12-31 17:15:06,496 Result is kept for 600 seconds
2025-12-31 17:15:06,500 home-soundharya-todo:default: frappe.utils.background_jobs.execute_job(event=None, is_async=True, job_name='frappe.core.doctype.scheduled_job_type.scheduled_job_type.run_scheduled_jo..., kwargs={'job_type': 'frappe.model.utils.link_count.update_link_count'}, method='frappe.core.doctype.scheduled_job_type.scheduled_job_type.run_scheduled_jo..., site='todo.local', user='Administrator') (todo.local::scheduled_job::frappe.model.utils.link_count.update_link_count)
2025-12-31 17:15:06,706 home-soundharya-todo:default: Job OK (todo.local::scheduled_job::frappe.model.utils.link_count.update_link_count)
2025-12-31 17:15:06,706 Result is kept for 600 seconds
2025-12-31 17:15:06,710 home-soundharya-todo:default: frappe.utils.background_jobs.execute_job(event=None, is_async=True, job_name='frappe.core.doctype.scheduled_job_type.scheduled_job_type.run_scheduled_jo..., kwargs={'job_type': 'frappe.email.doctype.email_account.email_account.notify_unrep..., method='frappe.core.doctype.scheduled_job_type.scheduled_job_type.run_scheduled_jo..., site='todo.local', user='Administrator') (todo.local::scheduled_job::frappe.email.doctype.email_account.email_account.notify_unreplied)
2025-12-31 17:15:06,942 home-soundharya-todo:default: Job OK (todo.local::scheduled_job::frappe.email.doctype.email_account.email_account.notify_unreplied)
2025-12-31 17:15:06,942 Result is kept for 600 seconds
2025-12-31 17:15:06,946 home-soundharya-todo:default: frappe.utils.background_jobs.execute_job(event=None, is_async=True, job_name='frappe.core.doctype.scheduled_job_type.scheduled_job_type.run_scheduled_jo..., kwargs={'job_type': 'frappe.pulse.client.send_queued_events'}, method='frappe.core.doctype.scheduled_job_type.scheduled_job_type.run_scheduled_jo..., site='todo.local', user='Administrator') (todo.local::scheduled_job::frappe.pulse.client.send_queued_events)
2025-12-31 17:15:07,151 home-soundharya-todo:default: Job OK (todo.local::scheduled_job::frappe.pulse.client.send_queued_events)
2025-12-31 17:15:07,151 Result is kept for 600 seconds
2025-12-31 17:16:05,776 home-soundharya-todo:default: frappe.utils.background_jobs.execute_job(event=None, is_async=True, job_name='frappe.core.doctype.scheduled_job_type.scheduled_job_type.run_scheduled_jo..., kwargs={'job_type': 'frappe.email.queue.flush'}, method='frappe.core.doctype.scheduled_job_type.scheduled_job_type.run_scheduled_jo..., site='todo.local', user='Administrator') (todo.local::scheduled_job::frappe.email.queue.flush)
2025-12-31 17:16:06,005 home-soundharya-todo:default: Job OK (todo.local::scheduled_job::frappe.email.queue.flush)
2025-12-31 17:16:06,005 Result is kept for 600 seconds
2025-12-31 17:16:06,008 home-soundharya-todo:default: frappe.utils.background_jobs.execute_job(event=None, is_async=True, job_name='frappe.core.doctype.scheduled_job_type.scheduled_job_type.run_scheduled_jo..., kwargs={'job_type': 'frappe.monitor.flush'}, method='frappe.core.doctype.scheduled_job_type.scheduled_job_type.run_scheduled_jo..., site='todo.local', user='Administrator') (todo.local::scheduled_job::frappe.monitor.flush)
2025-12-31 17:16:06,183 home-soundharya-todo:default: Job OK (todo.local::scheduled_job::frappe.monitor.flush)
2025-12-31 17:16:06,183 Result is kept for 600 seconds
2025-12-31 17:16:06,186 home-soundharya-todo:default: frappe.utils.background_jobs.execute_job(event=None, is_async=True, job_name='frappe.core.doctype.scheduled_job_type.scheduled_job_type.run_scheduled_jo..., kwargs={'job_type': 'frappe.integrations.doctype.google_calendar.google_calendar.s..., method='frappe.core.doctype.scheduled_job_type.scheduled_job_type.run_scheduled_jo..., site='todo.local', user='Administrator') (todo.local::scheduled_job::frappe.integrations.doctype.google_calendar.google_calendar.sync)
2025-12-31 17:16:06,444 home-soundharya-todo:default: Job OK (todo.local::scheduled_job::frappe.integrations.doctype.google_calendar.google_calendar.sync)
2025-12-31 17:16:06,444 Result is kept for 600 seconds
2025-12-31 17:16:06,447 home-soundharya-todo:default: frappe.utils.background_jobs.execute_job(event=None, is_async=True, job_name='frappe.core.doctype.scheduled_job_type.scheduled_job_type.run_scheduled_jo..., kwargs={'job_type': 'frappe.email.queue.retry_sending_emails'}, method='frappe.core.doctype.scheduled_job_type.scheduled_job_type.run_scheduled_jo..., site='todo.local', user='Administrator') (todo.local::scheduled_job::frappe.email.queue.retry_sending_emails)
2025-12-31 17:16:06,632 home-soundharya-todo:default: Job OK (todo.local::scheduled_job::frappe.email.queue.retry_sending_emails)
2025-12-31 17:16:06,632 Result is kept for 600 seconds
2025-12-31 17:20:06,347 home-soundharya-todo:default: frappe.utils.background_jobs.execute_job(event=None, is_async=True, job_name='frappe.core.doctype.scheduled_job_type.scheduled_job_type.run_scheduled_jo..., kwargs={'job_type': 'frappe.email.queue.retry_sending_emails'}, method='frappe.core.doctype.scheduled_job_type.scheduled_job_type.run_scheduled_jo..., site='todo.local', user='Administrator') (todo.local::scheduled_job::frappe.email.queue.retry_sending_emails)
2025-12-31 17:20:06,567 home-soundharya-todo:default: Job OK (todo.local::scheduled_job::frappe.email.queue.retry_sending_emails)
2025-12-31 17:20:06,567 Result is kept for 600 seconds
2025-12-31 17:20:06,570 home-soundharya-todo:default: frappe.utils.background_jobs.execute_job(event=None, is_async=True, job_name='frappe.core.doctype.scheduled_job_type.scheduled_job_type.run_scheduled_jo..., kwargs={'job_type': 'frappe.email.doctype.email_account.email_account.pull'}, method='frappe.core.doctype.scheduled_job_type.scheduled_job_type.run_scheduled_jo..., site='todo.local', user='Administrator') (todo.local::scheduled_job::frappe.email.doctype.email_account.email_account.pull)
2025-12-31 17:20:06,788 home-soundharya-todo:default: Job OK (todo.local::scheduled_job::frappe.email.doctype.email_account.email_account.pull)
2025-12-31 17:20:06,788 Result is kept for 600 seconds
2025-12-31 17:20:06,792 home-soundharya-todo:default: frappe.utils.background_jobs.execute_job(event=None, is_async=True, job_name='frappe.core.doctype.scheduled_job_type.scheduled_job_type.run_scheduled_jo..., kwargs={'job_type': 'frappe.monitor.flush'}, method='frappe.core.doctype.scheduled_job_type.scheduled_job_type.run_scheduled_jo..., site='todo.local', user='Administrator') (todo.local::scheduled_job::frappe.monitor.flush)
2025-12-31 17:20:06,988 home-soundharya-todo:default: Job OK (todo.local::scheduled_job::frappe.monitor.flush)
2025-12-31 17:20:06,988 Result is kept for 600 seconds
2025-12-31 17:20:06,992 home-soundharya-todo:default: frappe.utils.background_jobs.execute_job(event=None, is_async=True, job_name='frappe.core.doctype.scheduled_job_type.scheduled_job_type.run_scheduled_jo..., kwargs={'job_type': 'frappe.integrations.doctype.google_calendar.google_calendar.s..., method='frappe.core.doctype.scheduled_job_type.scheduled_job_type.run_scheduled_jo..., site='todo.local', user='Administrator') (todo.local::scheduled_job::frappe.integrations.doctype.google_calendar.google_calendar.sync)
2025-12-31 17:20:07,244 home-soundharya-todo:default: Job OK (todo.local::scheduled_job::frappe.integrations.doctype.google_calendar.google_calendar.sync)
2025-12-31 17:20:07,244 Result is kept for 600 seconds
2025-12-31 17:20:07,248 home-soundharya-todo:default: frappe.utils.background_jobs.execute_job(event=None, is_async=True, job_name='frappe.core.doctype.scheduled_job_type.scheduled_job_type.run_scheduled_jo..., kwargs={'job_type': 'frappe.email.queue.flush'}, method='frappe.core.doctype.scheduled_job_type.scheduled_job_type.run_scheduled_jo..., site='todo.local', user='Administrator') (todo.local::scheduled_job::frappe.email.queue.flush)
2025-12-31 17:20:07,476 home-soundharya-todo:default: Job OK (todo.local::scheduled_job::frappe.email.queue.flush)
2025-12-31 17:20:07,476 Result is kept for 600 seconds
2025-12-31 17:24:06,845 home-soundharya-todo:default: frappe.utils.background_jobs.execute_job(event=None, is_async=True, job_name='frappe.core.doctype.scheduled_job_type.scheduled_job_type.run_scheduled_jo..., kwargs={'job_type': 'frappe.monitor.flush'}, method='frappe.core.doctype.scheduled_job_type.scheduled_job_type.run_scheduled_jo..., site='todo.local', user='Administrator') (todo.local::scheduled_job::frappe.monitor.flush)
2025-12-31 17:24:07,054 home-soundharya-todo:default: Job OK (todo.local::scheduled_job::frappe.monitor.flush)
2025-12-31 17:24:07,054 Result is kept for 600 seconds
2025-12-31 17:24:07,060 home-soundharya-todo:default: frappe.utils.background_jobs.execute_job(event=None, is_async=True, job_name='frappe.core.doctype.scheduled_job_type.scheduled_job_type.run_scheduled_jo..., kwargs={'job_type': 'frappe.email.queue.flush'}, method='frappe.core.doctype.scheduled_job_type.scheduled_job_type.run_scheduled_jo..., site='todo.local', user='Administrator') (todo.local::scheduled_job::frappe.email.queue.flush)
2025-12-31 17:24:07,290 home-soundharya-todo:default: Job OK (todo.local::scheduled_job::frappe.email.queue.flush)
2025-12-31 17:24:07,290 Result is kept for 600 seconds
2025-12-31 17:24:07,294 home-soundharya-todo:default: frappe.utils.background_jobs.execute_job(event=None, is_async=True, job_name='frappe.core.doctype.scheduled_job_type.scheduled_job_type.run_scheduled_jo..., kwargs={'job_type': 'frappe.email.queue.retry_sending_emails'}, method='frappe.core.doctype.scheduled_job_type.scheduled_job_type.run_scheduled_jo..., site='todo.local', user='Administrator') (todo.local::scheduled_job::frappe.email.queue.retry_sending_emails)
2025-12-31 17:24:07,476 home-soundharya-todo:default: Job OK (todo.local::scheduled_job::frappe.email.queue.retry_sending_emails)
2025-12-31 17:24:07,476 Result is kept for 600 seconds
2025-12-31 17:24:07,479 home-soundharya-todo:default: frappe.utils.background_jobs.execute_job(event=None, is_async=True, job_name='frappe.core.doctype.scheduled_job_type.scheduled_job_type.run_scheduled_jo..., kwargs={'job_type': 'frappe.integrations.doctype.google_calendar.google_calendar.s..., method='frappe.core.doctype.scheduled_job_type.scheduled_job_type.run_scheduled_jo..., site='todo.local', user='Administrator') (todo.local::scheduled_job::frappe.integrations.doctype.google_calendar.google_calendar.sync)
2025-12-31 17:24:07,732 home-soundharya-todo:default: Job OK (todo.local::scheduled_job::frappe.integrations.doctype.google_calendar.google_calendar.sync)
2025-12-31 17:24:07,732 Result is kept for 600 seconds
2025-12-31 17:28:07,359 home-soundharya-todo:default: frappe.utils.background_jobs.execute_job(event=None, is_async=True, job_name='frappe.core.doctype.scheduled_job_type.scheduled_job_type.run_scheduled_jo..., kwargs={'job_type': 'frappe.integrations.doctype.google_calendar.google_calendar.s..., method='frappe.core.doctype.scheduled_job_type.scheduled_job_type.run_scheduled_jo..., site='todo.local', user='Administrator') (todo.local::scheduled_job::frappe.integrations.doctype.google_calendar.google_calendar.sync)
2025-12-31 17:28:07,665 home-soundharya-todo:default: Job OK (todo.local::scheduled_job::frappe.integrations.doctype.google_calendar.google_calendar.sync)
2025-12-31 17:28:07,665 Result is kept for 600 seconds
2025-12-31 17:28:07,669 home-soundharya-todo:default: frappe.utils.background_jobs.execute_job(event=None, is_async=True, job_name='frappe.core.doctype.scheduled_job_type.scheduled_job_type.run_scheduled_jo..., kwargs={'job_type': 'frappe.monitor.flush'}, method='frappe.core.doctype.scheduled_job_type.scheduled_job_type.run_scheduled_jo..., site='todo.local', user='Administrator') (todo.local::scheduled_job::frappe.monitor.flush)
2025-12-31 17:28:07,845 home-soundharya-todo:default: Job OK (todo.local::scheduled_job::frappe.monitor.flush)
2025-12-31 17:28:07,845 Result is kept for 600 seconds
2025-12-31 17:28:07,848 home-soundharya-todo:default: frappe.utils.background_jobs.execute_job(event=None, is_async=True, job_name='frappe.core.doctype.scheduled_job_type.scheduled_job_type.run_scheduled_jo..., kwargs={'job_type': 'frappe.email.queue.retry_sending_emails'}, method='frappe.core.doctype.scheduled_job_type.scheduled_job_type.run_scheduled_jo..., site='todo.local', user='Administrator') (todo.local::scheduled_job::frappe.email.queue.retry_sending_emails)
2025-12-31 17:28:08,033 home-soundharya-todo:default: Job OK (todo.local::scheduled_job::frappe.email.queue.retry_sending_emails)
2025-12-31 17:28:08,033 Result is kept for 600 seconds
2025-12-31 17:28:08,037 home-soundharya-todo:default: frappe.utils.background_jobs.execute_job(event=None, is_async=True, job_name='frappe.core.doctype.scheduled_job_type.scheduled_job_type.run_scheduled_jo..., kwargs={'job_type': 'frappe.email.queue.flush'}, method='frappe.core.doctype.scheduled_job_type.scheduled_job_type.run_scheduled_jo..., site='todo.local', user='Administrator') (todo.local::scheduled_job::frappe.email.queue.flush)
2025-12-31 17:28:08,269 home-soundharya-todo:default: Job OK (todo.local::scheduled_job::frappe.email.queue.flush)
2025-12-31 17:28:08,269 Result is kept for 600 seconds
2025-12-31 17:30:07,699 home-soundharya-todo:default: frappe.utils.background_jobs.execute_job(event=None, is_async=True, job_name='frappe.core.doctype.scheduled_job_type.scheduled_job_type.run_scheduled_jo..., kwargs={'job_type': 'frappe.search.sqlite_search.build_index_if_not_exists'}, method='frappe.core.doctype.scheduled_job_type.scheduled_job_type.run_scheduled_jo..., site='todo.local', user='Administrator') (todo.local::scheduled_job::frappe.search.sqlite_search.build_index_if_not_exists)
2025-12-31 17:30:07,925 home-soundharya-todo:default: Job OK (todo.local::scheduled_job::frappe.search.sqlite_search.build_index_if_not_exists)
2025-12-31 17:30:07,926 Result is kept for 600 seconds
2025-12-31 17:30:07,928 Cleaning registries for queue: home-soundharya-todo:short
2025-12-31 17:30:07,929 Cleaning registries for queue: home-soundharya-todo:default
2025-12-31 17:30:07,929 Cleaning registries for queue: home-soundharya-todo:long
2025-12-31 17:30:07,930 home-soundharya-todo:default: frappe.utils.background_jobs.execute_job(event=None, is_async=True, job_name='frappe.core.doctype.scheduled_job_type.scheduled_job_type.run_scheduled_jo..., kwargs={'job_type': 'frappe.deferred_insert.save_to_db'}, method='frappe.core.doctype.scheduled_job_type.scheduled_job_type.run_scheduled_jo..., site='todo.local', user='Administrator') (todo.local::scheduled_job::frappe.deferred_insert.save_to_db)
2025-12-31 17:30:08,138 home-soundharya-todo:default: Job OK (todo.local::scheduled_job::frappe.deferred_insert.save_to_db)
2025-12-31 17:30:08,138 Result is kept for 600 seconds
2025-12-31 17:30:08,141 home-soundharya-todo:default: frappe.utils.background_jobs.execute_job(event=None, is_async=True, job_name='frappe.core.doctype.scheduled_job_type.scheduled_job_type.run_scheduled_jo..., kwargs={'job_type': 'frappe.pulse.client.send_queued_events'}, method='frappe.core.doctype.scheduled_job_type.scheduled_job_type.run_scheduled_jo..., site='todo.local', user='Administrator') (todo.local::scheduled_job::frappe.pulse.client.send_queued_events)
2025-12-31 17:30:08,350 home-soundharya-todo:default: Job OK (todo.local::scheduled_job::frappe.pulse.client.send_queued_events)
2025-12-31 17:30:08,350 Result is kept for 600 seconds
2025-12-31 17:30:08,353 home-soundharya-todo:default: frappe.utils.background_jobs.execute_job(event=None, is_async=True, job_name='frappe.core.doctype.scheduled_job_type.scheduled_job_type.run_scheduled_jo..., kwargs={'job_type': 'frappe.email.doctype.email_account.email_account.pull'}, method='frappe.core.doctype.scheduled_job_type.scheduled_job_type.run_scheduled_jo..., site='todo.local', user='Administrator') (todo.local::scheduled_job::frappe.email.doctype.email_account.email_account.pull)
2025-12-31 17:30:08,570 home-soundharya-todo:default: Job OK (todo.local::scheduled_job::frappe.email.doctype.email_account.email_account.pull)
2025-12-31 17:30:08,570 Result is kept for 600 seconds
2025-12-31 17:30:08,573 home-soundharya-todo:default: frappe.utils.background_jobs.execute_job(event=None, is_async=True, job_name='frappe.core.doctype.scheduled_job_type.scheduled_job_type.run_scheduled_jo..., kwargs={'job_type': 'frappe.automation.doctype.reminder.reminder.send_reminders'}, method='frappe.core.doctype.scheduled_job_type.scheduled_job_type.run_scheduled_jo..., site='todo.local', user='Administrator') (todo.local::scheduled_job::frappe.automation.doctype.reminder.reminder.send_reminders)
2025-12-31 17:30:08,783 home-soundharya-todo:default: Job OK (todo.local::scheduled_job::frappe.automation.doctype.reminder.reminder.send_reminders)
2025-12-31 17:30:08,783 Result is kept for 600 seconds
2025-12-31 17:30:08,787 home-soundharya-todo:default: frappe.utils.background_jobs.execute_job(event=None, is_async=True, job_name='frappe.core.doctype.scheduled_job_type.scheduled_job_type.run_scheduled_jo..., kwargs={'job_type': 'frappe.utils.global_search.sync_global_search'}, method='frappe.core.doctype.scheduled_job_type.scheduled_job_type.run_scheduled_jo..., site='todo.local', user='Administrator') (todo.local::scheduled_job::frappe.utils.global_search.sync_global_search)
2025-12-31 17:30:08,991 home-soundharya-todo:default: Job OK (todo.local::scheduled_job::frappe.utils.global_search.sync_global_search)
2025-12-31 17:30:08,991 Result is kept for 600 seconds
2025-12-31 17:30:08,995 home-soundharya-todo:default: frappe.utils.background_jobs.execute_job(event=None, is_async=True, job_name='frappe.core.doctype.scheduled_job_type.scheduled_job_type.run_scheduled_jo..., kwargs={'job_type': 'frappe.model.utils.link_count.update_link_count'}, method='frappe.core.doctype.scheduled_job_type.scheduled_job_type.run_scheduled_jo..., site='todo.local', user='Administrator') (todo.local::scheduled_job::frappe.model.utils.link_count.update_link_count)
2025-12-31 17:30:09,198 home-soundharya-todo:default: Job OK (todo.local::scheduled_job::frappe.model.utils.link_count.update_link_count)
2025-12-31 17:30:09,198 Result is kept for 600 seconds
2025-12-31 17:30:09,201 home-soundharya-todo:default: frappe.utils.background_jobs.execute_job(event=None, is_async=True, job_name='frappe.core.doctype.scheduled_job_type.scheduled_job_type.run_scheduled_jo..., kwargs={'job_type': 'frappe.email.doctype.email_account.email_account.notify_unrep..., method='frappe.core.doctype.scheduled_job_type.scheduled_job_type.run_scheduled_jo..., site='todo.local', user='Administrator') (todo.local::scheduled_job::frappe.email.doctype.email_account.email_account.notify_unreplied)
2025-12-31 17:30:09,427 home-soundharya-todo:default: Job OK (todo.local::scheduled_job::frappe.email.doctype.email_account.email_account.notify_unreplied)
2025-12-31 17:30:09,427 Result is kept for 600 seconds
2025-12-31 17:32:08,022 home-soundharya-todo:default: frappe.utils.background_jobs.execute_job(event=None, is_async=True, job_name='frappe.core.doctype.scheduled_job_type.scheduled_job_type.run_scheduled_jo..., kwargs={'job_type': 'frappe.integrations.doctype.google_calendar.google_calendar.s..., method='frappe.core.doctype.scheduled_job_type.scheduled_job_type.run_scheduled_jo..., site='todo.local', user='Administrator') (todo.local::scheduled_job::frappe.integrations.doctype.google_calendar.google_calendar.sync)
2025-12-31 17:32:08,297 home-soundharya-todo:default: Job OK (todo.local::scheduled_job::frappe.integrations.doctype.google_calendar.google_calendar.sync)
2025-12-31 17:32:08,298 Result is kept for 600 seconds
2025-12-31 17:32:08,302 home-soundharya-todo:default: frappe.utils.background_jobs.execute_job(event=None, is_async=True, job_name='frappe.core.doctype.scheduled_job_type.scheduled_job_type.run_scheduled_jo..., kwargs={'job_type': 'frappe.monitor.flush'}, method='frappe.core.doctype.scheduled_job_type.scheduled_job_type.run_scheduled_jo..., site='todo.local', user='Administrator') (todo.local::scheduled_job::frappe.monitor.flush)
2025-12-31 17:32:08,503 home-soundharya-todo:default: Job OK (todo.local::scheduled_job::frappe.monitor.flush)
2025-12-31 17:32:08,503 Result is kept for 600 seconds
2025-12-31 17:32:08,507 home-soundharya-todo:default: frappe.utils.background_jobs.execute_job(event=None, is_async=True, job_name='frappe.core.doctype.scheduled_job_type.scheduled_job_type.run_scheduled_jo..., kwargs={'job_type': 'frappe.email.queue.flush'}, method='frappe.core.doctype.scheduled_job_type.scheduled_job_type.run_scheduled_jo..., site='todo.local', user='Administrator') (todo.local::scheduled_job::frappe.email.queue.flush)
2025-12-31 17:32:08,731 home-soundharya-todo:default: Job OK (todo.local::scheduled_job::frappe.email.queue.flush)
2025-12-31 17:32:08,731 Result is kept for 600 seconds
2025-12-31 17:32:08,735 home-soundharya-todo:default: frappe.utils.background_jobs.execute_job(event=None, is_async=True, job_name='frappe.core.doctype.scheduled_job_type.scheduled_job_type.run_scheduled_jo..., kwargs={'job_type': 'frappe.email.queue.retry_sending_emails'}, method='frappe.core.doctype.scheduled_job_type.scheduled_job_type.run_scheduled_jo..., site='todo.local', user='Administrator') (todo.local::scheduled_job::frappe.email.queue.retry_sending_emails)
2025-12-31 17:32:08,925 home-soundharya-todo:default: Job OK (todo.local::scheduled_job::frappe.email.queue.retry_sending_emails)
2025-12-31 17:32:08,925 Result is kept for 600 seconds
2025-12-31 17:36:08,562 home-soundharya-todo:default: frappe.utils.background_jobs.execute_job(event=None, is_async=True, job_name='frappe.core.doctype.scheduled_job_type.scheduled_job_type.run_scheduled_jo..., kwargs={'job_type': 'frappe.email.queue.retry_sending_emails'}, method='frappe.core.doctype.scheduled_job_type.scheduled_job_type.run_scheduled_jo..., site='todo.local', user='Administrator') (todo.local::scheduled_job::frappe.email.queue.retry_sending_emails)
2025-12-31 17:36:08,742 home-soundharya-todo:default: Job OK (todo.local::scheduled_job::frappe.email.queue.retry_sending_emails)
2025-12-31 17:36:08,742 Result is kept for 600 seconds
2025-12-31 17:36:08,746 home-soundharya-todo:default: frappe.utils.background_jobs.execute_job(event=None, is_async=True, job_name='frappe.core.doctype.scheduled_job_type.scheduled_job_type.run_scheduled_jo..., kwargs={'job_type': 'frappe.monitor.flush'}, method='frappe.core.doctype.scheduled_job_type.scheduled_job_type.run_scheduled_jo..., site='todo.local', user='Administrator') (todo.local::scheduled_job::frappe.monitor.flush)
2025-12-31 17:36:08,921 home-soundharya-todo:default: Job OK (todo.local::scheduled_job::frappe.monitor.flush)
2025-12-31 17:36:08,921 Result is kept for 600 seconds
2025-12-31 17:36:08,924 home-soundharya-todo:default: frappe.utils.background_jobs.execute_job(event=None, is_async=True, job_name='frappe.core.doctype.scheduled_job_type.scheduled_job_type.run_scheduled_jo..., kwargs={'job_type': 'frappe.integrations.doctype.google_calendar.google_calendar.s..., method='frappe.core.doctype.scheduled_job_type.scheduled_job_type.run_scheduled_jo..., site='todo.local', user='Administrator') (todo.local::scheduled_job::frappe.integrations.doctype.google_calendar.google_calendar.sync)
2025-12-31 17:36:09,179 home-soundharya-todo:default: Job OK (todo.local::scheduled_job::frappe.integrations.doctype.google_calendar.google_calendar.sync)
2025-12-31 17:36:09,179 Result is kept for 600 seconds
2025-12-31 17:36:09,183 home-soundharya-todo:default: frappe.utils.background_jobs.execute_job(event=None, is_async=True, job_name='frappe.core.doctype.scheduled_job_type.scheduled_job_type.run_scheduled_jo..., kwargs={'job_type': 'frappe.email.queue.flush'}, method='frappe.core.doctype.scheduled_job_type.scheduled_job_type.run_scheduled_jo..., site='todo.local', user='Administrator') (todo.local::scheduled_job::frappe.email.queue.flush)
2025-12-31 17:36:09,409 home-soundharya-todo:default: Job OK (todo.local::scheduled_job::frappe.email.queue.flush)
2025-12-31 17:36:09,409 Result is kept for 600 seconds
2025-12-31 17:37:31,858 home-soundharya-todo:default: frappe.utils.background_jobs.execute_job(event=None, is_async=True, job_name='frappe.core.doctype.user.user.create_contact', kwargs={'user': <User: Administrator>, 'ignore_mandatory': True}, method='frappe.core.doctype.user.user.create_contact', site='todo.local', user='Administrator') (todo.local::e25375dc-74b3-4479-82b4-9f1160898a9c)
2025-12-31 17:37:32,087 home-soundharya-todo:default: Job OK (todo.local::e25375dc-74b3-4479-82b4-9f1160898a9c)
2025-12-31 17:37:32,088 Result is kept for 600 seconds
2025-12-31 17:37:54,836 home-soundharya-todo:default: frappe.utils.background_jobs.execute_job(event=None, is_async=True, job_name='frappe.core.doctype.user.user.create_contact', kwargs={'user': <User: Guest>, 'ignore_mandatory': True}, method='frappe.core.doctype.user.user.create_contact', site='todo.local', user='Administrator') (todo.local::7c661542-6ae4-4775-9a26-9ab0ec262ddc)
2025-12-31 17:37:55,048 home-soundharya-todo:default: Job OK (todo.local::7c661542-6ae4-4775-9a26-9ab0ec262ddc)
2025-12-31 17:37:55,048 Result is kept for 600 seconds
2025-12-31 17:40:09,167 home-soundharya-todo:default: frappe.utils.background_jobs.execute_job(event=None, is_async=True, job_name='frappe.core.doctype.scheduled_job_type.scheduled_job_type.run_scheduled_jo..., kwargs={'job_type': 'frappe.integrations.doctype.google_calendar.google_calendar.s..., method='frappe.core.doctype.scheduled_job_type.scheduled_job_type.run_scheduled_jo..., site='todo.local', user='Administrator') (todo.local::scheduled_job::frappe.integrations.doctype.google_calendar.google_calendar.sync)
2025-12-31 17:40:09,459 home-soundharya-todo:default: Job OK (todo.local::scheduled_job::frappe.integrations.doctype.google_calendar.google_calendar.sync)
2025-12-31 17:40:09,459 Result is kept for 600 seconds
2025-12-31 17:40:09,463 home-soundharya-todo:default: frappe.utils.background_jobs.execute_job(event=None, is_async=True, job_name='frappe.core.doctype.scheduled_job_type.scheduled_job_type.run_scheduled_jo..., kwargs={'job_type': 'frappe.email.doctype.email_account.email_account.pull'}, method='frappe.core.doctype.scheduled_job_type.scheduled_job_type.run_scheduled_jo..., site='todo.local', user='Administrator') (todo.local::scheduled_job::frappe.email.doctype.email_account.email_account.pull)
2025-12-31 17:40:09,679 home-soundharya-todo:default: Job OK (todo.local::scheduled_job::frappe.email.doctype.email_account.email_account.pull)
2025-12-31 17:40:09,679 Result is kept for 600 seconds
2025-12-31 17:40:09,683 home-soundharya-todo:default: frappe.utils.background_jobs.execute_job(event=None, is_async=True, job_name='frappe.core.doctype.scheduled_job_type.scheduled_job_type.run_scheduled_jo..., kwargs={'job_type': 'frappe.email.queue.flush'}, method='frappe.core.doctype.scheduled_job_type.scheduled_job_type.run_scheduled_jo..., site='todo.local', user='Administrator') (todo.local::scheduled_job::frappe.email.queue.flush)
2025-12-31 17:40:09,941 home-soundharya-todo:default: Job OK (todo.local::scheduled_job::frappe.email.queue.flush)
2025-12-31 17:40:09,941 Result is kept for 600 seconds
2025-12-31 17:40:09,945 home-soundharya-todo:default: frappe.utils.background_jobs.execute_job(event=None, is_async=True, job_name='frappe.core.doctype.scheduled_job_type.scheduled_job_type.run_scheduled_jo..., kwargs={'job_type': 'frappe.email.queue.retry_sending_emails'}, method='frappe.core.doctype.scheduled_job_type.scheduled_job_type.run_scheduled_jo..., site='todo.local', user='Administrator') (todo.local::scheduled_job::frappe.email.queue.retry_sending_emails)
2025-12-31 17:40:10,140 home-soundharya-todo:default: Job OK (todo.local::scheduled_job::frappe.email.queue.retry_sending_emails)
2025-12-31 17:40:10,141 Result is kept for 600 seconds
2025-12-31 17:40:10,144 home-soundharya-todo:default: frappe.utils.background_jobs.execute_job(event=None, is_async=True, job_name='frappe.core.doctype.scheduled_job_type.scheduled_job_type.run_scheduled_jo..., kwargs={'job_type': 'frappe.monitor.flush'}, method='frappe.core.doctype.scheduled_job_type.scheduled_job_type.run_scheduled_jo..., site='todo.local', user='Administrator') (todo.local::scheduled_job::frappe.monitor.flush)
2025-12-31 17:40:10,336 home-soundharya-todo:default: Job OK (todo.local::scheduled_job::frappe.monitor.flush)
2025-12-31 17:40:10,336 Result is kept for 600 seconds
2025-12-31 17:44:09,670 home-soundharya-todo:default: frappe.utils.background_jobs.execute_job(event=None, is_async=True, job_name='frappe.core.doctype.scheduled_job_type.scheduled_job_type.run_scheduled_jo..., kwargs={'job_type': 'frappe.email.queue.flush'}, method='frappe.core.doctype.scheduled_job_type.scheduled_job_type.run_scheduled_jo..., site='todo.local', user='Administrator') (todo.local::scheduled_job::frappe.email.queue.flush)
2025-12-31 17:44:09,925 home-soundharya-todo:default: Job OK (todo.local::scheduled_job::frappe.email.queue.flush)
2025-12-31 17:44:09,925 Result is kept for 600 seconds
2025-12-31 17:44:09,929 home-soundharya-todo:default: frappe.utils.background_jobs.execute_job(event=None, is_async=True, job_name='frappe.core.doctype.scheduled_job_type.scheduled_job_type.run_scheduled_jo..., kwargs={'job_type': 'frappe.integrations.doctype.google_calendar.google_calendar.s..., method='frappe.core.doctype.scheduled_job_type.scheduled_job_type.run_scheduled_jo..., site='todo.local', user='Administrator') (todo.local::scheduled_job::frappe.integrations.doctype.google_calendar.google_calendar.sync)
2025-12-31 17:44:10,187 home-soundharya-todo:default: Job OK (todo.local::scheduled_job::frappe.integrations.doctype.google_calendar.google_calendar.sync)
2025-12-31 17:44:10,187 Result is kept for 600 seconds
2025-12-31 17:44:10,191 home-soundharya-todo:default: frappe.utils.background_jobs.execute_job(event=None, is_async=True, job_name='frappe.core.doctype.scheduled_job_type.scheduled_job_type.run_scheduled_jo..., kwargs={'job_type': 'frappe.email.queue.retry_sending_emails'}, method='frappe.core.doctype.scheduled_job_type.scheduled_job_type.run_scheduled_jo..., site='todo.local', user='Administrator') (todo.local::scheduled_job::frappe.email.queue.retry_sending_emails)
2025-12-31 17:44:10,373 home-soundharya-todo:default: Job OK (todo.local::scheduled_job::frappe.email.queue.retry_sending_emails)
2025-12-31 17:44:10,373 Result is kept for 600 seconds
2025-12-31 17:44:10,377 home-soundharya-todo:default: frappe.utils.background_jobs.execute_job(event=None, is_async=True, job_name='frappe.core.doctype.scheduled_job_type.scheduled_job_type.run_scheduled_jo..., kwargs={'job_type': 'frappe.monitor.flush'}, method='frappe.core.doctype.scheduled_job_type.scheduled_job_type.run_scheduled_jo..., site='todo.local', user='Administrator') (todo.local::scheduled_job::frappe.monitor.flush)
2025-12-31 17:44:10,552 home-soundharya-todo:default: Job OK (todo.local::scheduled_job::frappe.monitor.flush)
2025-12-31 17:44:10,552 Result is kept for 600 seconds
2025-12-31 17:45:09,828 home-soundharya-todo:default: frappe.utils.background_jobs.execute_job(event=None, is_async=True, job_name='frappe.core.doctype.scheduled_job_type.scheduled_job_type.run_scheduled_jo..., kwargs={'job_type': 'frappe.pulse.client.send_queued_events'}, method='frappe.core.doctype.scheduled_job_type.scheduled_job_type.run_scheduled_jo..., site='todo.local', user='Administrator') (todo.local::scheduled_job::frappe.pulse.client.send_queued_events)
2025-12-31 17:45:10,071 home-soundharya-todo:default: Job OK (todo.local::scheduled_job::frappe.pulse.client.send_queued_events)
2025-12-31 17:45:10,071 Result is kept for 600 seconds
2025-12-31 17:45:10,077 home-soundharya-todo:default: frappe.utils.background_jobs.execute_job(event=None, is_async=True, job_name='frappe.core.doctype.scheduled_job_type.scheduled_job_type.run_scheduled_jo..., kwargs={'job_type': 'frappe.automation.doctype.reminder.reminder.send_reminders'}, method='frappe.core.doctype.scheduled_job_type.scheduled_job_type.run_scheduled_jo..., site='todo.local', user='Administrator') (todo.local::scheduled_job::frappe.automation.doctype.reminder.reminder.send_reminders)
2025-12-31 17:45:10,296 home-soundharya-todo:default: Job OK (todo.local::scheduled_job::frappe.automation.doctype.reminder.reminder.send_reminders)
2025-12-31 17:45:10,296 Result is kept for 600 seconds
2025-12-31 17:45:10,300 home-soundharya-todo:default: frappe.utils.background_jobs.execute_job(event=None, is_async=True, job_name='frappe.core.doctype.scheduled_job_type.scheduled_job_type.run_scheduled_jo..., kwargs={'job_type': 'frappe.model.utils.link_count.update_link_count'}, method='frappe.core.doctype.scheduled_job_type.scheduled_job_type.run_scheduled_jo..., site='todo.local', user='Administrator') (todo.local::scheduled_job::frappe.model.utils.link_count.update_link_count)
2025-12-31 17:45:10,504 home-soundharya-todo:default: Job OK (todo.local::scheduled_job::frappe.model.utils.link_count.update_link_count)
2025-12-31 17:45:10,504 Result is kept for 600 seconds
2025-12-31 17:45:10,507 home-soundharya-todo:default: frappe.utils.background_jobs.execute_job(event=None, is_async=True, job_name='frappe.core.doctype.scheduled_job_type.scheduled_job_type.run_scheduled_jo..., kwargs={'job_type': 'frappe.search.sqlite_search.build_index_if_not_exists'}, method='frappe.core.doctype.scheduled_job_type.scheduled_job_type.run_scheduled_jo..., site='todo.local', user='Administrator') (todo.local::scheduled_job::frappe.search.sqlite_search.build_index_if_not_exists)
2025-12-31 17:45:10,712 home-soundharya-todo:default: Job OK (todo.local::scheduled_job::frappe.search.sqlite_search.build_index_if_not_exists)
2025-12-31 17:45:10,712 Result is kept for 600 seconds
2025-12-31 17:45:10,716 home-soundharya-todo:default: frappe.utils.background_jobs.execute_job(event=None, is_async=True, job_name='frappe.core.doctype.scheduled_job_type.scheduled_job_type.run_scheduled_jo..., kwargs={'job_type': 'frappe.deferred_insert.save_to_db'}, method='frappe.core.doctype.scheduled_job_type.scheduled_job_type.run_scheduled_jo..., site='todo.local', user='Administrator') (todo.local::scheduled_job::frappe.deferred_insert.save_to_db)
2025-12-31 17:45:10,961 home-soundharya-todo:default: Job OK (todo.local::scheduled_job::frappe.deferred_insert.save_to_db)
2025-12-31 17:45:10,961 Result is kept for 600 seconds
2025-12-31 17:45:10,965 home-soundharya-todo:default: frappe.utils.background_jobs.execute_job(event=None, is_async=True, job_name='frappe.core.doctype.scheduled_job_type.scheduled_job_type.run_scheduled_jo..., kwargs={'job_type': 'frappe.utils.global_search.sync_global_search'}, method='frappe.core.doctype.scheduled_job_type.scheduled_job_type.run_scheduled_jo..., site='todo.local', user='Administrator') (todo.local::scheduled_job::frappe.utils.global_search.sync_global_search)
2025-12-31 17:45:11,169 home-soundharya-todo:default: Job OK (todo.local::scheduled_job::frappe.utils.global_search.sync_global_search)
2025-12-31 17:45:11,169 Result is kept for 600 seconds
2025-12-31 17:45:11,172 home-soundharya-todo:default: frappe.utils.background_jobs.execute_job(event=None, is_async=True, job_name='frappe.core.doctype.scheduled_job_type.scheduled_job_type.run_scheduled_jo..., kwargs={'job_type': 'frappe.email.doctype.email_account.email_account.notify_unrep..., method='frappe.core.doctype.scheduled_job_type.scheduled_job_type.run_scheduled_jo..., site='todo.local', user='Administrator') (todo.local::scheduled_job::frappe.email.doctype.email_account.email_account.notify_unreplied)
2025-12-31 17:45:11,426 home-soundharya-todo:default: Job OK (todo.local::scheduled_job::frappe.email.doctype.email_account.email_account.notify_unreplied)
2025-12-31 17:45:11,426 Result is kept for 600 seconds
2025-12-31 17:48:10,264 home-soundharya-todo:default: frappe.utils.background_jobs.execute_job(event=None, is_async=True, job_name='frappe.core.doctype.scheduled_job_type.scheduled_job_type.run_scheduled_jo..., kwargs={'job_type': 'frappe.monitor.flush'}, method='frappe.core.doctype.scheduled_job_type.scheduled_job_type.run_scheduled_jo..., site='todo.local', user='Administrator') (todo.local::scheduled_job::frappe.monitor.flush)
2025-12-31 17:48:10,476 home-soundharya-todo:default: Job OK (todo.local::scheduled_job::frappe.monitor.flush)
2025-12-31 17:48:10,476 Result is kept for 600 seconds
2025-12-31 17:48:10,480 home-soundharya-todo:default: frappe.utils.background_jobs.execute_job(event=None, is_async=True, job_name='frappe.core.doctype.scheduled_job_type.scheduled_job_type.run_scheduled_jo..., kwargs={'job_type': 'frappe.integrations.doctype.google_calendar.google_calendar.s..., method='frappe.core.doctype.scheduled_job_type.scheduled_job_type.run_scheduled_jo..., site='todo.local', user='Administrator') (todo.local::scheduled_job::frappe.integrations.doctype.google_calendar.google_calendar.sync)
2025-12-31 17:48:10,741 home-soundharya-todo:default: Job OK (todo.local::scheduled_job::frappe.integrations.doctype.google_calendar.google_calendar.sync)
2025-12-31 17:48:10,741 Result is kept for 600 seconds
2025-12-31 17:48:10,744 home-soundharya-todo:default: frappe.utils.background_jobs.execute_job(event=None, is_async=True, job_name='frappe.core.doctype.scheduled_job_type.scheduled_job_type.run_scheduled_jo..., kwargs={'job_type': 'frappe.email.queue.flush'}, method='frappe.core.doctype.scheduled_job_type.scheduled_job_type.run_scheduled_jo..., site='todo.local', user='Administrator') (todo.local::scheduled_job::frappe.email.queue.flush)
2025-12-31 17:48:10,974 home-soundharya-todo:default: Job OK (todo.local::scheduled_job::frappe.email.queue.flush)
2025-12-31 17:48:10,974 Result is kept for 600 seconds
2025-12-31 17:48:10,978 home-soundharya-todo:default: frappe.utils.background_jobs.execute_job(event=None, is_async=True, job_name='frappe.core.doctype.scheduled_job_type.scheduled_job_type.run_scheduled_jo..., kwargs={'job_type': 'frappe.email.queue.retry_sending_emails'}, method='frappe.core.doctype.scheduled_job_type.scheduled_job_type.run_scheduled_jo..., site='todo.local', user='Administrator') (todo.local::scheduled_job::frappe.email.queue.retry_sending_emails)
2025-12-31 17:48:11,166 home-soundharya-todo:default: Job OK (todo.local::scheduled_job::frappe.email.queue.retry_sending_emails)
2025-12-31 17:48:11,166 Result is kept for 600 seconds
2025-12-31 17:50:10,581 home-soundharya-todo:default: frappe.utils.background_jobs.execute_job(event=None, is_async=True, job_name='frappe.core.doctype.scheduled_job_type.scheduled_job_type.run_scheduled_jo..., kwargs={'job_type': 'frappe.email.doctype.email_account.email_account.pull'}, method='frappe.core.doctype.scheduled_job_type.scheduled_job_type.run_scheduled_jo..., site='todo.local', user='Administrator') (todo.local::scheduled_job::frappe.email.doctype.email_account.email_account.pull)
2025-12-31 17:50:10,838 home-soundharya-todo:default: Job OK (todo.local::scheduled_job::frappe.email.doctype.email_account.email_account.pull)
2025-12-31 17:50:10,838 Result is kept for 600 seconds
2025-12-31 17:50:10,841 Cleaning registries for queue: home-soundharya-todo:short
2025-12-31 17:50:10,841 Cleaning registries for queue: home-soundharya-todo:default
2025-12-31 17:50:10,842 Cleaning registries for queue: home-soundharya-todo:long
2025-12-31 17:52:10,831 home-soundharya-todo:default: frappe.utils.background_jobs.execute_job(event=None, is_async=True, job_name='frappe.core.doctype.scheduled_job_type.scheduled_job_type.run_scheduled_jo..., kwargs={'job_type': 'frappe.monitor.flush'}, method='frappe.core.doctype.scheduled_job_type.scheduled_job_type.run_scheduled_jo..., site='todo.local', user='Administrator') (todo.local::scheduled_job::frappe.monitor.flush)
2025-12-31 17:52:11,007 home-soundharya-todo:default: Job OK (todo.local::scheduled_job::frappe.monitor.flush)
2025-12-31 17:52:11,008 Result is kept for 600 seconds
2025-12-31 17:52:11,011 home-soundharya-todo:default: frappe.utils.background_jobs.execute_job(event=None, is_async=True, job_name='frappe.core.doctype.scheduled_job_type.scheduled_job_type.run_scheduled_jo..., kwargs={'job_type': 'frappe.email.queue.flush'}, method='frappe.core.doctype.scheduled_job_type.scheduled_job_type.run_scheduled_jo..., site='todo.local', user='Administrator') (todo.local::scheduled_job::frappe.email.queue.flush)
2025-12-31 17:52:11,237 home-soundharya-todo:default: Job OK (todo.local::scheduled_job::frappe.email.queue.flush)
2025-12-31 17:52:11,237 Result is kept for 600 seconds
2025-12-31 17:52:11,241 home-soundharya-todo:default: frappe.utils.background_jobs.execute_job(event=None, is_async=True, job_name='frappe.core.doctype.scheduled_job_type.scheduled_job_type.run_scheduled_jo..., kwargs={'job_type': 'frappe.integrations.doctype.google_calendar.google_calendar.s..., method='frappe.core.doctype.scheduled_job_type.scheduled_job_type.run_scheduled_jo..., site='todo.local', user='Administrator') (todo.local::scheduled_job::frappe.integrations.doctype.google_calendar.google_calendar.sync)
2025-12-31 17:52:11,524 home-soundharya-todo:default: Job OK (todo.local::scheduled_job::frappe.integrations.doctype.google_calendar.google_calendar.sync)
2025-12-31 17:52:11,524 Result is kept for 600 seconds
2025-12-31 17:52:11,528 home-soundharya-todo:default: frappe.utils.background_jobs.execute_job(event=None, is_async=True, job_name='frappe.core.doctype.scheduled_job_type.scheduled_job_type.run_scheduled_jo..., kwargs={'job_type': 'frappe.email.queue.retry_sending_emails'}, method='frappe.core.doctype.scheduled_job_type.scheduled_job_type.run_scheduled_jo..., site='todo.local', user='Administrator') (todo.local::scheduled_job::frappe.email.queue.retry_sending_emails)
2025-12-31 17:52:11,710 home-soundharya-todo:default: Job OK (todo.local::scheduled_job::frappe.email.queue.retry_sending_emails)
2025-12-31 17:52:11,710 Result is kept for 600 seconds
2025-12-31 17:56:11,399 home-soundharya-todo:default: frappe.utils.background_jobs.execute_job(event=None, is_async=True, job_name='frappe.core.doctype.scheduled_job_type.scheduled_job_type.run_scheduled_jo..., kwargs={'job_type': 'frappe.monitor.flush'}, method='frappe.core.doctype.scheduled_job_type.scheduled_job_type.run_scheduled_jo..., site='todo.local', user='Administrator') (todo.local::scheduled_job::frappe.monitor.flush)
2025-12-31 17:56:11,582 home-soundharya-todo:default: Job OK (todo.local::scheduled_job::frappe.monitor.flush)
2025-12-31 17:56:11,583 Result is kept for 600 seconds
2025-12-31 17:56:11,586 home-soundharya-todo:default: frappe.utils.background_jobs.execute_job(event=None, is_async=True, job_name='frappe.core.doctype.scheduled_job_type.scheduled_job_type.run_scheduled_jo..., kwargs={'job_type': 'frappe.email.queue.retry_sending_emails'}, method='frappe.core.doctype.scheduled_job_type.scheduled_job_type.run_scheduled_jo..., site='todo.local', user='Administrator') (todo.local::scheduled_job::frappe.email.queue.retry_sending_emails)
2025-12-31 17:56:11,768 home-soundharya-todo:default: Job OK (todo.local::scheduled_job::frappe.email.queue.retry_sending_emails)
2025-12-31 17:56:11,768 Result is kept for 600 seconds
2025-12-31 17:56:11,772 home-soundharya-todo:default: frappe.utils.background_jobs.execute_job(event=None, is_async=True, job_name='frappe.core.doctype.scheduled_job_type.scheduled_job_type.run_scheduled_jo..., kwargs={'job_type': 'frappe.email.queue.flush'}, method='frappe.core.doctype.scheduled_job_type.scheduled_job_type.run_scheduled_jo..., site='todo.local', user='Administrator') (todo.local::scheduled_job::frappe.email.queue.flush)
2025-12-31 17:56:12,002 home-soundharya-todo:default: Job OK (todo.local::scheduled_job::frappe.email.queue.flush)
2025-12-31 17:56:12,002 Result is kept for 600 seconds
2025-12-31 17:56:12,005 home-soundharya-todo:default: frappe.utils.background_jobs.execute_job(event=None, is_async=True, job_name='frappe.core.doctype.scheduled_job_type.scheduled_job_type.run_scheduled_jo..., kwargs={'job_type': 'frappe.integrations.doctype.google_calendar.google_calendar.s..., method='frappe.core.doctype.scheduled_job_type.scheduled_job_type.run_scheduled_jo..., site='todo.local', user='Administrator') (todo.local::scheduled_job::frappe.integrations.doctype.google_calendar.google_calendar.sync)
2025-12-31 17:56:12,257 home-soundharya-todo:default: Job OK (todo.local::scheduled_job::frappe.integrations.doctype.google_calendar.google_calendar.sync)
2025-12-31 17:56:12,257 Result is kept for 600 seconds
2025-12-31 18:00:11,986 home-soundharya-todo:long: frappe.utils.background_jobs.execute_job(event=None, is_async=True, job_name='frappe.core.doctype.scheduled_job_type.scheduled_job_type.run_scheduled_jo..., kwargs={'job_type': 'frappe.desk.utils.delete_old_exported_report_files'}, method='frappe.core.doctype.scheduled_job_type.scheduled_job_type.run_scheduled_jo..., site='todo.local', user='Administrator') (todo.local::scheduled_job::frappe.desk.utils.delete_old_exported_report_files)
2025-12-31 18:00:12,232 home-soundharya-todo:long: Job OK (todo.local::scheduled_job::frappe.desk.utils.delete_old_exported_report_files)
2025-12-31 18:00:12,232 Result is kept for 600 seconds
2025-12-31 18:00:12,235 home-soundharya-todo:default: frappe.utils.background_jobs.execute_job(event=None, is_async=True, job_name='frappe.core.doctype.scheduled_job_type.scheduled_job_type.run_scheduled_jo..., kwargs={'job_type': 'frappe.deferred_insert.save_to_db'}, method='frappe.core.doctype.scheduled_job_type.scheduled_job_type.run_scheduled_jo..., site='todo.local', user='Administrator') (todo.local::scheduled_job::frappe.deferred_insert.save_to_db)
2025-12-31 18:00:12,446 home-soundharya-todo:default: Job OK (todo.local::scheduled_job::frappe.deferred_insert.save_to_db)
2025-12-31 18:00:12,446 Result is kept for 600 seconds
2025-12-31 18:00:12,450 home-soundharya-todo:default: frappe.utils.background_jobs.execute_job(event=None, is_async=True, job_name='frappe.core.doctype.scheduled_job_type.scheduled_job_type.run_scheduled_jo..., kwargs={'job_type': 'frappe.model.utils.link_count.update_link_count'}, method='frappe.core.doctype.scheduled_job_type.scheduled_job_type.run_scheduled_jo..., site='todo.local', user='Administrator') (todo.local::scheduled_job::frappe.model.utils.link_count.update_link_count)
2025-12-31 18:00:12,664 home-soundharya-todo:default: Job OK (todo.local::scheduled_job::frappe.model.utils.link_count.update_link_count)
2025-12-31 18:00:12,665 Result is kept for 600 seconds
2025-12-31 18:00:12,668 home-soundharya-todo:default: frappe.utils.background_jobs.execute_job(event=None, is_async=True, job_name='frappe.core.doctype.scheduled_job_type.scheduled_job_type.run_scheduled_jo..., kwargs={'job_type': 'frappe.monitor.flush'}, method='frappe.core.doctype.scheduled_job_type.scheduled_job_type.run_scheduled_jo..., site='todo.local', user='Administrator') (todo.local::scheduled_job::frappe.monitor.flush)
2025-12-31 18:00:12,846 home-soundharya-todo:default: Job OK (todo.local::scheduled_job::frappe.monitor.flush)
2025-12-31 18:00:12,846 Result is kept for 600 seconds
2025-12-31 18:00:12,849 home-soundharya-todo:default: frappe.utils.background_jobs.execute_job(event=None, is_async=True, job_name='frappe.core.doctype.scheduled_job_type.scheduled_job_type.run_scheduled_jo..., kwargs={'job_type': 'frappe.automation.doctype.reminder.reminder.send_reminders'}, method='frappe.core.doctype.scheduled_job_type.scheduled_job_type.run_scheduled_jo..., site='todo.local', user='Administrator') (todo.local::scheduled_job::frappe.automation.doctype.reminder.reminder.send_reminders)
2025-12-31 18:00:13,065 home-soundharya-todo:default: Job OK (todo.local::scheduled_job::frappe.automation.doctype.reminder.reminder.send_reminders)
2025-12-31 18:00:13,065 Result is kept for 600 seconds
2025-12-31 18:00:13,069 home-soundharya-todo:default: frappe.utils.background_jobs.execute_job(event=None, is_async=True, job_name='frappe.core.doctype.scheduled_job_type.scheduled_job_type.run_scheduled_jo..., kwargs={'job_type': 'frappe.integrations.doctype.google_calendar.google_calendar.s..., method='frappe.core.doctype.scheduled_job_type.scheduled_job_type.run_scheduled_jo..., site='todo.local', user='Administrator') (todo.local::scheduled_job::frappe.integrations.doctype.google_calendar.google_calendar.sync)
2025-12-31 18:00:13,326 home-soundharya-todo:default: Job OK (todo.local::scheduled_job::frappe.integrations.doctype.google_calendar.google_calendar.sync)
2025-12-31 18:00:13,326 Result is kept for 600 seconds
2025-12-31 18:00:13,330 home-soundharya-todo:default: frappe.utils.background_jobs.execute_job(event=None, is_async=True, job_name='frappe.core.doctype.scheduled_job_type.scheduled_job_type.run_scheduled_jo..., kwargs={'job_type': 'frappe.utils.global_search.sync_global_search'}, method='frappe.core.doctype.scheduled_job_type.scheduled_job_type.run_scheduled_jo..., site='todo.local', user='Administrator') (todo.local::scheduled_job::frappe.utils.global_search.sync_global_search)
2025-12-31 18:00:13,539 home-soundharya-todo:default: Job OK (todo.local::scheduled_job::frappe.utils.global_search.sync_global_search)
2025-12-31 18:00:13,539 Result is kept for 600 seconds
2025-12-31 18:00:13,542 home-soundharya-todo:default: frappe.utils.background_jobs.execute_job(event=None, is_async=True, job_name='frappe.core.doctype.scheduled_job_type.scheduled_job_type.run_scheduled_jo..., kwargs={'job_type': 'frappe.email.queue.retry_sending_emails'}, method='frappe.core.doctype.scheduled_job_type.scheduled_job_type.run_scheduled_jo..., site='todo.local', user='Administrator') (todo.local::scheduled_job::frappe.email.queue.retry_sending_emails)
2025-12-31 18:00:13,727 home-soundharya-todo:default: Job OK (todo.local::scheduled_job::frappe.email.queue.retry_sending_emails)
2025-12-31 18:00:13,727 Result is kept for 600 seconds
2025-12-31 18:00:13,731 home-soundharya-todo:default: frappe.utils.background_jobs.execute_job(event=None, is_async=True, job_name='frappe.core.doctype.scheduled_job_type.scheduled_job_type.run_scheduled_jo..., kwargs={'job_type': 'frappe.search.sqlite_search.build_index_if_not_exists'}, method='frappe.core.doctype.scheduled_job_type.scheduled_job_type.run_scheduled_jo..., site='todo.local', user='Administrator') (todo.local::scheduled_job::frappe.search.sqlite_search.build_index_if_not_exists)
2025-12-31 18:00:13,940 home-soundharya-todo:default: Job OK (todo.local::scheduled_job::frappe.search.sqlite_search.build_index_if_not_exists)
2025-12-31 18:00:13,940 Result is kept for 600 seconds
2025-12-31 18:00:13,945 home-soundharya-todo:default: frappe.utils.background_jobs.execute_job(event=None, is_async=True, job_name='frappe.core.doctype.scheduled_job_type.scheduled_job_type.run_scheduled_jo..., kwargs={'job_type': 'frappe.pulse.client.send_queued_events'}, method='frappe.core.doctype.scheduled_job_type.scheduled_job_type.run_scheduled_jo..., site='todo.local', user='Administrator') (todo.local::scheduled_job::frappe.pulse.client.send_queued_events)
2025-12-31 18:00:14,168 home-soundharya-todo:default: Job OK (todo.local::scheduled_job::frappe.pulse.client.send_queued_events)
2025-12-31 18:00:14,168 Result is kept for 600 seconds
2025-12-31 18:00:14,173 home-soundharya-todo:default: frappe.utils.background_jobs.execute_job(event=None, is_async=True, job_name='frappe.core.doctype.scheduled_job_type.scheduled_job_type.run_scheduled_jo..., kwargs={'job_type': 'frappe.email.doctype.email_account.email_account.pull'}, method='frappe.core.doctype.scheduled_job_type.scheduled_job_type.run_scheduled_jo..., site='todo.local', user='Administrator') (todo.local::scheduled_job::frappe.email.doctype.email_account.email_account.pull)
2025-12-31 18:00:14,398 home-soundharya-todo:default: Job OK (todo.local::scheduled_job::frappe.email.doctype.email_account.email_account.pull)
2025-12-31 18:00:14,398 Result is kept for 600 seconds
2025-12-31 18:00:14,402 home-soundharya-todo:default: frappe.utils.background_jobs.execute_job(event=None, is_async=True, job_name='frappe.core.doctype.scheduled_job_type.scheduled_job_type.run_scheduled_jo..., kwargs={'job_type': 'frappe.email.queue.flush'}, method='frappe.core.doctype.scheduled_job_type.scheduled_job_type.run_scheduled_jo..., site='todo.local', user='Administrator') (todo.local::scheduled_job::frappe.email.queue.flush)
2025-12-31 18:00:14,633 home-soundharya-todo:default: Job OK (todo.local::scheduled_job::frappe.email.queue.flush)
2025-12-31 18:00:14,633 Result is kept for 600 seconds
2025-12-31 18:00:14,636 home-soundharya-todo:default: frappe.utils.background_jobs.execute_job(event=None, is_async=True, job_name='frappe.core.doctype.scheduled_job_type.scheduled_job_type.run_scheduled_jo..., kwargs={'job_type': 'frappe.email.doctype.newsletter.newsletter.send_scheduled_ema..., method='frappe.core.doctype.scheduled_job_type.scheduled_job_type.run_scheduled_jo..., site='todo.local', user='Administrator') (todo.local::scheduled_job::frappe.email.doctype.newsletter.newsletter.send_scheduled_email)
2025-12-31 18:00:14,871 home-soundharya-todo:default: Job OK (todo.local::scheduled_job::frappe.email.doctype.newsletter.newsletter.send_scheduled_email)
2025-12-31 18:00:14,871 Result is kept for 600 seconds
2025-12-31 18:00:14,874 home-soundharya-todo:default: frappe.utils.background_jobs.execute_job(event=None, is_async=True, job_name='frappe.core.doctype.scheduled_job_type.scheduled_job_type.run_scheduled_jo..., kwargs={'job_type': 'frappe.email.doctype.email_account.email_account.notify_unrep..., method='frappe.core.doctype.scheduled_job_type.scheduled_job_type.run_scheduled_jo..., site='todo.local', user='Administrator') (todo.local::scheduled_job::frappe.email.doctype.email_account.email_account.notify_unreplied)
2025-12-31 18:00:15,107 home-soundharya-todo:default: Job OK (todo.local::scheduled_job::frappe.email.doctype.email_account.email_account.notify_unreplied)
2025-12-31 18:00:15,107 Result is kept for 600 seconds
2025-12-31 18:00:15,110 home-soundharya-todo:long: frappe.utils.background_jobs.execute_job(event=None, is_async=True, job_name='frappe.core.doctype.scheduled_job_type.scheduled_job_type.run_scheduled_jo..., kwargs={'job_type': 'frappe.website.doctype.web_page.web_page.check_publish_status..., method='frappe.core.doctype.scheduled_job_type.scheduled_job_type.run_scheduled_jo..., site='todo.local', user='Administrator') (todo.local::scheduled_job::frappe.website.doctype.web_page.web_page.check_publish_status)
2025-12-31 18:00:15,356 home-soundharya-todo:long: Job OK (todo.local::scheduled_job::frappe.website.doctype.web_page.web_page.check_publish_status)
2025-12-31 18:00:15,356 Result is kept for 600 seconds
2025-12-31 18:00:15,359 home-soundharya-todo:long: frappe.utils.background_jobs.execute_job(event=None, is_async=True, job_name='frappe.core.doctype.scheduled_job_type.scheduled_job_type.run_scheduled_jo..., kwargs={'job_type': 'frappe.desk.form.document_follow.send_hourly_updates'}, method='frappe.core.doctype.scheduled_job_type.scheduled_job_type.run_scheduled_jo..., site='todo.local', user='Administrator') (todo.local::scheduled_job::frappe.desk.form.document_follow.send_hourly_updates)
2025-12-31 18:00:15,570 home-soundharya-todo:long: Job OK (todo.local::scheduled_job::frappe.desk.form.document_follow.send_hourly_updates)
2025-12-31 18:00:15,570 Result is kept for 600 seconds
2025-12-31 18:00:15,573 home-soundharya-todo:long: frappe.utils.background_jobs.execute_job(event=None, is_async=True, job_name='frappe.core.doctype.scheduled_job_type.scheduled_job_type.run_scheduled_jo..., kwargs={'job_type': 'frappe.desk.page.backups.backups.delete_downloadable_backups'..., method='frappe.core.doctype.scheduled_job_type.scheduled_job_type.run_scheduled_jo..., site='todo.local', user='Administrator') (todo.local::scheduled_job::frappe.desk.page.backups.backups.delete_downloadable_backups)
2025-12-31 18:00:15,786 home-soundharya-todo:long: Job OK (todo.local::scheduled_job::frappe.desk.page.backups.backups.delete_downloadable_backups)
2025-12-31 18:00:15,786 Result is kept for 600 seconds
2025-12-31 18:00:15,790 home-soundharya-todo:long: frappe.utils.background_jobs.execute_job(event=None, is_async=True, job_name='frappe.core.doctype.scheduled_job_type.scheduled_job_type.run_scheduled_jo..., kwargs={'job_type': 'frappe.oauth.delete_oauth2_data'}, method='frappe.core.doctype.scheduled_job_type.scheduled_job_type.run_scheduled_jo..., site='todo.local', user='Administrator') (todo.local::scheduled_job::frappe.oauth.delete_oauth2_data)
2025-12-31 18:00:16,013 home-soundharya-todo:long: Job OK (todo.local::scheduled_job::frappe.oauth.delete_oauth2_data)
2025-12-31 18:00:16,013 Result is kept for 600 seconds
2025-12-31 18:00:16,017 home-soundharya-todo:long: frappe.utils.background_jobs.execute_job(event=None, is_async=True, job_name='frappe.core.doctype.scheduled_job_type.scheduled_job_type.run_scheduled_jo..., kwargs={'job_type': 'frappe.core.doctype.prepared_report.prepared_report.expire_st..., method='frappe.core.doctype.scheduled_job_type.scheduled_job_type.run_scheduled_jo..., site='todo.local', user='Administrator') (todo.local::scheduled_job::frappe.core.doctype.prepared_report.prepared_report.expire_stalled_report)
2025-12-31 18:00:16,218 home-soundharya-todo:long: Job OK (todo.local::scheduled_job::frappe.core.doctype.prepared_report.prepared_report.expire_stalled_report)
2025-12-31 18:00:16,218 Result is kept for 600 seconds
2025-12-31 18:00:16,221 home-soundharya-todo:long: frappe.utils.background_jobs.execute_job(event=None, is_async=True, job_name='frappe.core.doctype.scheduled_job_type.scheduled_job_type.run_scheduled_jo..., kwargs={'job_type': 'frappe.website.doctype.personal_data_deletion_request.persona..., method='frappe.core.doctype.scheduled_job_type.scheduled_job_type.run_scheduled_jo..., site='todo.local', user='Administrator') (todo.local::scheduled_job::frappe.website.doctype.personal_data_deletion_request.personal_data_deletion_request.process_data_deletion_request)
2025-12-31 18:00:16,451 home-soundharya-todo:long: Job OK (todo.local::scheduled_job::frappe.website.doctype.personal_data_deletion_request.personal_data_deletion_request.process_data_deletion_request)
2025-12-31 18:00:16,451 Result is kept for 600 seconds
2025-12-31 18:00:16,454 home-soundharya-todo:long: frappe.utils.background_jobs.execute_job(event=None, is_async=True, job_name='frappe.core.doctype.scheduled_job_type.scheduled_job_type.run_scheduled_jo..., kwargs={'job_type': 'frappe.model.utils.user_settings.sync_user_settings'}, method='frappe.core.doctype.scheduled_job_type.scheduled_job_type.run_scheduled_jo..., site='todo.local', user='Administrator') (todo.local::scheduled_job::frappe.model.utils.user_settings.sync_user_settings)
2025-12-31 18:00:16,666 home-soundharya-todo:long: Job OK (todo.local::scheduled_job::frappe.model.utils.user_settings.sync_user_settings)
2025-12-31 18:00:16,666 Result is kept for 600 seconds
2025-12-31 18:00:16,670 home-soundharya-todo:long: frappe.utils.background_jobs.execute_job(event=None, is_async=True, job_name='frappe.core.doctype.scheduled_job_type.scheduled_job_type.run_scheduled_jo..., kwargs={'job_type': 'frappe.twofactor.delete_all_barcodes_for_users'}, method='frappe.core.doctype.scheduled_job_type.scheduled_job_type.run_scheduled_jo..., site='todo.local', user='Administrator') (todo.local::scheduled_job::frappe.twofactor.delete_all_barcodes_for_users)
2025-12-31 18:00:16,894 home-soundharya-todo:long: Job OK (todo.local::scheduled_job::frappe.twofactor.delete_all_barcodes_for_users)
2025-12-31 18:00:16,894 Result is kept for 600 seconds
2025-12-31 18:04:12,606 home-soundharya-todo:default: frappe.utils.background_jobs.execute_job(event=None, is_async=True, job_name='frappe.core.doctype.scheduled_job_type.scheduled_job_type.run_scheduled_jo..., kwargs={'job_type': 'frappe.email.queue.flush'}, method='frappe.core.doctype.scheduled_job_type.scheduled_job_type.run_scheduled_jo..., site='todo.local', user='Administrator') (todo.local::scheduled_job::frappe.email.queue.flush)
2025-12-31 18:04:12,855 home-soundharya-todo:default: Job OK (todo.local::scheduled_job::frappe.email.queue.flush)
2025-12-31 18:04:12,855 Result is kept for 600 seconds
2025-12-31 18:04:12,860 home-soundharya-todo:default: frappe.utils.background_jobs.execute_job(event=None, is_async=True, job_name='frappe.core.doctype.scheduled_job_type.scheduled_job_type.run_scheduled_jo..., kwargs={'job_type': 'frappe.monitor.flush'}, method='frappe.core.doctype.scheduled_job_type.scheduled_job_type.run_scheduled_jo..., site='todo.local', user='Administrator') (todo.local::scheduled_job::frappe.monitor.flush)
2025-12-31 18:04:13,060 home-soundharya-todo:default: Job OK (todo.local::scheduled_job::frappe.monitor.flush)
2025-12-31 18:04:13,060 Result is kept for 600 seconds
2025-12-31 18:04:13,064 home-soundharya-todo:default: frappe.utils.background_jobs.execute_job(event=None, is_async=True, job_name='frappe.core.doctype.scheduled_job_type.scheduled_job_type.run_scheduled_jo..., kwargs={'job_type': 'frappe.integrations.doctype.google_calendar.google_calendar.s..., method='frappe.core.doctype.scheduled_job_type.scheduled_job_type.run_scheduled_jo..., site='todo.local', user='Administrator') (todo.local::scheduled_job::frappe.integrations.doctype.google_calendar.google_calendar.sync)
2025-12-31 18:04:13,325 home-soundharya-todo:default: Job OK (todo.local::scheduled_job::frappe.integrations.doctype.google_calendar.google_calendar.sync)
2025-12-31 18:04:13,325 Result is kept for 600 seconds
2025-12-31 18:04:13,330 home-soundharya-todo:default: frappe.utils.background_jobs.execute_job(event=None, is_async=True, job_name='frappe.core.doctype.scheduled_job_type.scheduled_job_type.run_scheduled_jo..., kwargs={'job_type': 'frappe.email.queue.retry_sending_emails'}, method='frappe.core.doctype.scheduled_job_type.scheduled_job_type.run_scheduled_jo..., site='todo.local', user='Administrator') (todo.local::scheduled_job::frappe.email.queue.retry_sending_emails)
2025-12-31 18:04:13,517 home-soundharya-todo:default: Job OK (todo.local::scheduled_job::frappe.email.queue.retry_sending_emails)
2025-12-31 18:04:13,517 Result is kept for 600 seconds
2025-12-31 18:08:13,207 home-soundharya-todo:default: frappe.utils.background_jobs.execute_job(event=None, is_async=True, job_name='frappe.core.doctype.scheduled_job_type.scheduled_job_type.run_scheduled_jo..., kwargs={'job_type': 'frappe.email.queue.retry_sending_emails'}, method='frappe.core.doctype.scheduled_job_type.scheduled_job_type.run_scheduled_jo..., site='todo.local', user='Administrator') (todo.local::scheduled_job::frappe.email.queue.retry_sending_emails)
2025-12-31 18:08:13,460 home-soundharya-todo:default: Job OK (todo.local::scheduled_job::frappe.email.queue.retry_sending_emails)
2025-12-31 18:08:13,461 Result is kept for 600 seconds
2025-12-31 18:08:13,465 home-soundharya-todo:default: frappe.utils.background_jobs.execute_job(event=None, is_async=True, job_name='frappe.core.doctype.scheduled_job_type.scheduled_job_type.run_scheduled_jo..., kwargs={'job_type': 'frappe.email.queue.flush'}, method='frappe.core.doctype.scheduled_job_type.scheduled_job_type.run_scheduled_jo..., site='todo.local', user='Administrator') (todo.local::scheduled_job::frappe.email.queue.flush)
2025-12-31 18:08:13,725 home-soundharya-todo:default: Job OK (todo.local::scheduled_job::frappe.email.queue.flush)
2025-12-31 18:08:13,725 Result is kept for 600 seconds
2025-12-31 18:08:13,731 home-soundharya-todo:default: frappe.utils.background_jobs.execute_job(event=None, is_async=True, job_name='frappe.core.doctype.scheduled_job_type.scheduled_job_type.run_scheduled_jo..., kwargs={'job_type': 'frappe.monitor.flush'}, method='frappe.core.doctype.scheduled_job_type.scheduled_job_type.run_scheduled_jo..., site='todo.local', user='Administrator') (todo.local::scheduled_job::frappe.monitor.flush)
2025-12-31 18:08:13,927 home-soundharya-todo:default: Job OK (todo.local::scheduled_job::frappe.monitor.flush)
2025-12-31 18:08:13,927 Result is kept for 600 seconds
2025-12-31 18:08:13,932 home-soundharya-todo:default: frappe.utils.background_jobs.execute_job(event=None, is_async=True, job_name='frappe.core.doctype.scheduled_job_type.scheduled_job_type.run_scheduled_jo..., kwargs={'job_type': 'frappe.integrations.doctype.google_calendar.google_calendar.s..., method='frappe.core.doctype.scheduled_job_type.scheduled_job_type.run_scheduled_jo..., site='todo.local', user='Administrator') (todo.local::scheduled_job::frappe.integrations.doctype.google_calendar.google_calendar.sync)
2025-12-31 18:08:14,219 home-soundharya-todo:default: Job OK (todo.local::scheduled_job::frappe.integrations.doctype.google_calendar.google_calendar.sync)
2025-12-31 18:08:14,220 Result is kept for 600 seconds
2025-12-31 18:10:13,530 home-soundharya-todo:default: frappe.utils.background_jobs.execute_job(event=None, is_async=True, job_name='frappe.core.doctype.scheduled_job_type.scheduled_job_type.run_scheduled_jo..., kwargs={'job_type': 'frappe.email.doctype.email_account.email_account.pull'}, method='frappe.core.doctype.scheduled_job_type.scheduled_job_type.run_scheduled_jo..., site='todo.local', user='Administrator') (todo.local::scheduled_job::frappe.email.doctype.email_account.email_account.pull)
2025-12-31 18:10:13,762 home-soundharya-todo:default: Job OK (todo.local::scheduled_job::frappe.email.doctype.email_account.email_account.pull)
2025-12-31 18:10:13,762 Result is kept for 600 seconds
2025-12-31 18:10:13,766 Cleaning registries for queue: home-soundharya-todo:short
2025-12-31 18:10:13,766 Cleaning registries for queue: home-soundharya-todo:default
2025-12-31 18:10:13,767 Cleaning registries for queue: home-soundharya-todo:long
2025-12-31 18:12:13,820 home-soundharya-todo:default: frappe.utils.background_jobs.execute_job(event=None, is_async=True, job_name='frappe.core.doctype.scheduled_job_type.scheduled_job_type.run_scheduled_jo..., kwargs={'job_type': 'frappe.integrations.doctype.google_calendar.google_calendar.s..., method='frappe.core.doctype.scheduled_job_type.scheduled_job_type.run_scheduled_jo..., site='todo.local', user='Administrator') (todo.local::scheduled_job::frappe.integrations.doctype.google_calendar.google_calendar.sync)
2025-12-31 18:12:14,110 home-soundharya-todo:default: Job OK (todo.local::scheduled_job::frappe.integrations.doctype.google_calendar.google_calendar.sync)
2025-12-31 18:12:14,110 Result is kept for 600 seconds
2025-12-31 18:12:14,114 home-soundharya-todo:default: frappe.utils.background_jobs.execute_job(event=None, is_async=True, job_name='frappe.core.doctype.scheduled_job_type.scheduled_job_type.run_scheduled_jo..., kwargs={'job_type': 'frappe.email.queue.retry_sending_emails'}, method='frappe.core.doctype.scheduled_job_type.scheduled_job_type.run_scheduled_jo..., site='todo.local', user='Administrator') (todo.local::scheduled_job::frappe.email.queue.retry_sending_emails)
2025-12-31 18:12:14,324 home-soundharya-todo:default: Job OK (todo.local::scheduled_job::frappe.email.queue.retry_sending_emails)
2025-12-31 18:12:14,324 Result is kept for 600 seconds
2025-12-31 18:12:14,329 home-soundharya-todo:default: frappe.utils.background_jobs.execute_job(event=None, is_async=True, job_name='frappe.core.doctype.scheduled_job_type.scheduled_job_type.run_scheduled_jo..., kwargs={'job_type': 'frappe.monitor.flush'}, method='frappe.core.doctype.scheduled_job_type.scheduled_job_type.run_scheduled_jo..., site='todo.local', user='Administrator') (todo.local::scheduled_job::frappe.monitor.flush)
2025-12-31 18:12:14,518 home-soundharya-todo:default: Job OK (todo.local::scheduled_job::frappe.monitor.flush)
2025-12-31 18:12:14,518 Result is kept for 600 seconds
2025-12-31 18:12:14,521 home-soundharya-todo:default: frappe.utils.background_jobs.execute_job(event=None, is_async=True, job_name='frappe.core.doctype.scheduled_job_type.scheduled_job_type.run_scheduled_jo..., kwargs={'job_type': 'frappe.email.queue.flush'}, method='frappe.core.doctype.scheduled_job_type.scheduled_job_type.run_scheduled_jo..., site='todo.local', user='Administrator') (todo.local::scheduled_job::frappe.email.queue.flush)
2025-12-31 18:12:14,763 home-soundharya-todo:default: Job OK (todo.local::scheduled_job::frappe.email.queue.flush)
2025-12-31 18:12:14,763 Result is kept for 600 seconds
2025-12-31 18:15:14,151 home-soundharya-todo:default: frappe.utils.background_jobs.execute_job(event=None, is_async=True, job_name='frappe.core.doctype.scheduled_job_type.scheduled_job_type.run_scheduled_jo..., kwargs={'job_type': 'frappe.model.utils.link_count.update_link_count'}, method='frappe.core.doctype.scheduled_job_type.scheduled_job_type.run_scheduled_jo..., site='todo.local', user='Administrator') (todo.local::scheduled_job::frappe.model.utils.link_count.update_link_count)
2025-12-31 18:15:14,417 home-soundharya-todo:default: Job OK (todo.local::scheduled_job::frappe.model.utils.link_count.update_link_count)
2025-12-31 18:15:14,417 Result is kept for 600 seconds
2025-12-31 18:15:14,421 home-soundharya-todo:default: frappe.utils.background_jobs.execute_job(event=None, is_async=True, job_name='frappe.core.doctype.scheduled_job_type.scheduled_job_type.run_scheduled_jo..., kwargs={'job_type': 'frappe.utils.global_search.sync_global_search'}, method='frappe.core.doctype.scheduled_job_type.scheduled_job_type.run_scheduled_jo..., site='todo.local', user='Administrator') (todo.local::scheduled_job::frappe.utils.global_search.sync_global_search)
2025-12-31 18:15:14,639 home-soundharya-todo:default: Job OK (todo.local::scheduled_job::frappe.utils.global_search.sync_global_search)
2025-12-31 18:15:14,639 Result is kept for 600 seconds
2025-12-31 18:15:14,643 home-soundharya-todo:default: frappe.utils.background_jobs.execute_job(event=None, is_async=True, job_name='frappe.core.doctype.scheduled_job_type.scheduled_job_type.run_scheduled_jo..., kwargs={'job_type': 'frappe.automation.doctype.reminder.reminder.send_reminders'}, method='frappe.core.doctype.scheduled_job_type.scheduled_job_type.run_scheduled_jo..., site='todo.local', user='Administrator') (todo.local::scheduled_job::frappe.automation.doctype.reminder.reminder.send_reminders)
2025-12-31 18:15:14,864 home-soundharya-todo:default: Job OK (todo.local::scheduled_job::frappe.automation.doctype.reminder.reminder.send_reminders)
2025-12-31 18:15:14,864 Result is kept for 600 seconds
2025-12-31 18:15:14,868 home-soundharya-todo:default: frappe.utils.background_jobs.execute_job(event=None, is_async=True, job_name='frappe.core.doctype.scheduled_job_type.scheduled_job_type.run_scheduled_jo..., kwargs={'job_type': 'frappe.email.doctype.email_account.email_account.notify_unrep..., method='frappe.core.doctype.scheduled_job_type.scheduled_job_type.run_scheduled_jo..., site='todo.local', user='Administrator') (todo.local::scheduled_job::frappe.email.doctype.email_account.email_account.notify_unreplied)
2025-12-31 18:15:15,088 home-soundharya-todo:default: Job OK (todo.local::scheduled_job::frappe.email.doctype.email_account.email_account.notify_unreplied)
2025-12-31 18:15:15,088 Result is kept for 600 seconds
2025-12-31 18:15:15,092 home-soundharya-todo:default: frappe.utils.background_jobs.execute_job(event=None, is_async=True, job_name='frappe.core.doctype.scheduled_job_type.scheduled_job_type.run_scheduled_jo..., kwargs={'job_type': 'frappe.pulse.client.send_queued_events'}, method='frappe.core.doctype.scheduled_job_type.scheduled_job_type.run_scheduled_jo..., site='todo.local', user='Administrator') (todo.local::scheduled_job::frappe.pulse.client.send_queued_events)
2025-12-31 18:15:15,296 home-soundharya-todo:default: Job OK (todo.local::scheduled_job::frappe.pulse.client.send_queued_events)
2025-12-31 18:15:15,296 Result is kept for 600 seconds
2025-12-31 18:15:15,301 home-soundharya-todo:default: frappe.utils.background_jobs.execute_job(event=None, is_async=True, job_name='frappe.core.doctype.scheduled_job_type.scheduled_job_type.run_scheduled_jo..., kwargs={'job_type': 'frappe.deferred_insert.save_to_db'}, method='frappe.core.doctype.scheduled_job_type.scheduled_job_type.run_scheduled_jo..., site='todo.local', user='Administrator') (todo.local::scheduled_job::frappe.deferred_insert.save_to_db)
2025-12-31 18:15:15,506 home-soundharya-todo:default: Job OK (todo.local::scheduled_job::frappe.deferred_insert.save_to_db)
2025-12-31 18:15:15,506 Result is kept for 600 seconds
2025-12-31 18:15:15,509 home-soundharya-todo:default: frappe.utils.background_jobs.execute_job(event=None, is_async=True, job_name='frappe.core.doctype.scheduled_job_type.scheduled_job_type.run_scheduled_jo..., kwargs={'job_type': 'frappe.search.sqlite_search.build_index_if_not_exists'}, method='frappe.core.doctype.scheduled_job_type.scheduled_job_type.run_scheduled_jo..., site='todo.local', user='Administrator') (todo.local::scheduled_job::frappe.search.sqlite_search.build_index_if_not_exists)
2025-12-31 18:15:15,714 home-soundharya-todo:default: Job OK (todo.local::scheduled_job::frappe.search.sqlite_search.build_index_if_not_exists)
2025-12-31 18:15:15,714 Result is kept for 600 seconds
2025-12-31 18:16:14,322 home-soundharya-todo:default: frappe.utils.background_jobs.execute_job(event=None, is_async=True, job_name='frappe.core.doctype.scheduled_job_type.scheduled_job_type.run_scheduled_jo..., kwargs={'job_type': 'frappe.email.queue.retry_sending_emails'}, method='frappe.core.doctype.scheduled_job_type.scheduled_job_type.run_scheduled_jo..., site='todo.local', user='Administrator') (todo.local::scheduled_job::frappe.email.queue.retry_sending_emails)
2025-12-31 18:16:14,520 home-soundharya-todo:default: Job OK (todo.local::scheduled_job::frappe.email.queue.retry_sending_emails)
2025-12-31 18:16:14,521 Result is kept for 600 seconds
2025-12-31 18:16:14,524 home-soundharya-todo:default: frappe.utils.background_jobs.execute_job(event=None, is_async=True, job_name='frappe.core.doctype.scheduled_job_type.scheduled_job_type.run_scheduled_jo..., kwargs={'job_type': 'frappe.integrations.doctype.google_calendar.google_calendar.s..., method='frappe.core.doctype.scheduled_job_type.scheduled_job_type.run_scheduled_jo..., site='todo.local', user='Administrator') (todo.local::scheduled_job::frappe.integrations.doctype.google_calendar.google_calendar.sync)
2025-12-31 18:16:14,765 home-soundharya-todo:default: Job OK (todo.local::scheduled_job::frappe.integrations.doctype.google_calendar.google_calendar.sync)
2025-12-31 18:16:14,765 Result is kept for 600 seconds
2025-12-31 18:16:14,769 home-soundharya-todo:default: frappe.utils.background_jobs.execute_job(event=None, is_async=True, job_name='frappe.core.doctype.scheduled_job_type.scheduled_job_type.run_scheduled_jo..., kwargs={'job_type': 'frappe.email.queue.flush'}, method='frappe.core.doctype.scheduled_job_type.scheduled_job_type.run_scheduled_jo..., site='todo.local', user='Administrator') (todo.local::scheduled_job::frappe.email.queue.flush)
2025-12-31 18:16:14,994 home-soundharya-todo:default: Job OK (todo.local::scheduled_job::frappe.email.queue.flush)
2025-12-31 18:16:14,994 Result is kept for 600 seconds
2025-12-31 18:16:14,998 home-soundharya-todo:default: frappe.utils.background_jobs.execute_job(event=None, is_async=True, job_name='frappe.core.doctype.scheduled_job_type.scheduled_job_type.run_scheduled_jo..., kwargs={'job_type': 'frappe.monitor.flush'}, method='frappe.core.doctype.scheduled_job_type.scheduled_job_type.run_scheduled_jo..., site='todo.local', user='Administrator') (todo.local::scheduled_job::frappe.monitor.flush)
2025-12-31 18:16:15,165 home-soundharya-todo:default: Job OK (todo.local::scheduled_job::frappe.monitor.flush)
2025-12-31 18:16:15,165 Result is kept for 600 seconds
2025-12-31 18:20:15,004 home-soundharya-todo:default: frappe.utils.background_jobs.execute_job(event=None, is_async=True, job_name='frappe.core.doctype.scheduled_job_type.scheduled_job_type.run_scheduled_jo..., kwargs={'job_type': 'frappe.email.queue.flush'}, method='frappe.core.doctype.scheduled_job_type.scheduled_job_type.run_scheduled_jo..., site='todo.local', user='Administrator') (todo.local::scheduled_job::frappe.email.queue.flush)
2025-12-31 18:20:15,299 home-soundharya-todo:default: Job OK (todo.local::scheduled_job::frappe.email.queue.flush)
2025-12-31 18:20:15,299 Result is kept for 600 seconds
2025-12-31 18:20:15,304 home-soundharya-todo:default: frappe.utils.background_jobs.execute_job(event=None, is_async=True, job_name='frappe.core.doctype.scheduled_job_type.scheduled_job_type.run_scheduled_jo..., kwargs={'job_type': 'frappe.monitor.flush'}, method='frappe.core.doctype.scheduled_job_type.scheduled_job_type.run_scheduled_jo..., site='todo.local', user='Administrator') (todo.local::scheduled_job::frappe.monitor.flush)
2025-12-31 18:20:15,479 home-soundharya-todo:default: Job OK (todo.local::scheduled_job::frappe.monitor.flush)
2025-12-31 18:20:15,479 Result is kept for 600 seconds
2025-12-31 18:20:15,483 home-soundharya-todo:default: frappe.utils.background_jobs.execute_job(event=None, is_async=True, job_name='frappe.core.doctype.scheduled_job_type.scheduled_job_type.run_scheduled_jo..., kwargs={'job_type': 'frappe.email.queue.retry_sending_emails'}, method='frappe.core.doctype.scheduled_job_type.scheduled_job_type.run_scheduled_jo..., site='todo.local', user='Administrator') (todo.local::scheduled_job::frappe.email.queue.retry_sending_emails)
2025-12-31 18:20:15,682 home-soundharya-todo:default: Job OK (todo.local::scheduled_job::frappe.email.queue.retry_sending_emails)
2025-12-31 18:20:15,683 Result is kept for 600 seconds
2025-12-31 18:20:15,686 home-soundharya-todo:default: frappe.utils.background_jobs.execute_job(event=None, is_async=True, job_name='frappe.core.doctype.scheduled_job_type.scheduled_job_type.run_scheduled_jo..., kwargs={'job_type': 'frappe.email.doctype.email_account.email_account.pull'}, method='frappe.core.doctype.scheduled_job_type.scheduled_job_type.run_scheduled_jo..., site='todo.local', user='Administrator') (todo.local::scheduled_job::frappe.email.doctype.email_account.email_account.pull)
2025-12-31 18:20:15,964 home-soundharya-todo:default: Job OK (todo.local::scheduled_job::frappe.email.doctype.email_account.email_account.pull)
2025-12-31 18:20:15,964 Result is kept for 600 seconds
2025-12-31 18:20:15,968 home-soundharya-todo:default: frappe.utils.background_jobs.execute_job(event=None, is_async=True, job_name='frappe.core.doctype.scheduled_job_type.scheduled_job_type.run_scheduled_jo..., kwargs={'job_type': 'frappe.integrations.doctype.google_calendar.google_calendar.s..., method='frappe.core.doctype.scheduled_job_type.scheduled_job_type.run_scheduled_jo..., site='todo.local', user='Administrator') (todo.local::scheduled_job::frappe.integrations.doctype.google_calendar.google_calendar.sync)
2025-12-31 18:20:16,307 home-soundharya-todo:default: Job OK (todo.local::scheduled_job::frappe.integrations.doctype.google_calendar.google_calendar.sync)
2025-12-31 18:20:16,307 Result is kept for 600 seconds
2025-12-31 18:24:15,768 home-soundharya-todo:default: frappe.utils.background_jobs.execute_job(event=None, is_async=True, job_name='frappe.core.doctype.scheduled_job_type.scheduled_job_type.run_scheduled_jo..., kwargs={'job_type': 'frappe.monitor.flush'}, method='frappe.core.doctype.scheduled_job_type.scheduled_job_type.run_scheduled_jo..., site='todo.local', user='Administrator') (todo.local::scheduled_job::frappe.monitor.flush)
2025-12-31 18:24:16,040 home-soundharya-todo:default: Job OK (todo.local::scheduled_job::frappe.monitor.flush)
2025-12-31 18:24:16,040 Result is kept for 600 seconds
2025-12-31 18:24:16,045 home-soundharya-todo:default: frappe.utils.background_jobs.execute_job(event=None, is_async=True, job_name='frappe.core.doctype.scheduled_job_type.scheduled_job_type.run_scheduled_jo..., kwargs={'job_type': 'frappe.email.queue.flush'}, method='frappe.core.doctype.scheduled_job_type.scheduled_job_type.run_scheduled_jo..., site='todo.local', user='Administrator') (todo.local::scheduled_job::frappe.email.queue.flush)
2025-12-31 18:24:16,320 home-soundharya-todo:default: Job OK (todo.local::scheduled_job::frappe.email.queue.flush)
2025-12-31 18:24:16,320 Result is kept for 600 seconds
2025-12-31 18:24:16,325 home-soundharya-todo:default: frappe.utils.background_jobs.execute_job(event=None, is_async=True, job_name='frappe.core.doctype.scheduled_job_type.scheduled_job_type.run_scheduled_jo..., kwargs={'job_type': 'frappe.integrations.doctype.google_calendar.google_calendar.s..., method='frappe.core.doctype.scheduled_job_type.scheduled_job_type.run_scheduled_jo..., site='todo.local', user='Administrator') (todo.local::scheduled_job::frappe.integrations.doctype.google_calendar.google_calendar.sync)
2025-12-31 18:24:16,674 home-soundharya-todo:default: Job OK (todo.local::scheduled_job::frappe.integrations.doctype.google_calendar.google_calendar.sync)
2025-12-31 18:24:16,675 Result is kept for 600 seconds
2025-12-31 18:24:16,680 home-soundharya-todo:default: frappe.utils.background_jobs.execute_job(event=None, is_async=True, job_name='frappe.core.doctype.scheduled_job_type.scheduled_job_type.run_scheduled_jo..., kwargs={'job_type': 'frappe.email.queue.retry_sending_emails'}, method='frappe.core.doctype.scheduled_job_type.scheduled_job_type.run_scheduled_jo..., site='todo.local', user='Administrator') (todo.local::scheduled_job::frappe.email.queue.retry_sending_emails)
2025-12-31 18:24:16,907 home-soundharya-todo:default: Job OK (todo.local::scheduled_job::frappe.email.queue.retry_sending_emails)
2025-12-31 18:24:16,907 Result is kept for 600 seconds
2025-12-31 18:28:16,371 home-soundharya-todo:default: frappe.utils.background_jobs.execute_job(event=None, is_async=True, job_name='frappe.core.doctype.scheduled_job_type.scheduled_job_type.run_scheduled_jo..., kwargs={'job_type': 'frappe.integrations.doctype.google_calendar.google_calendar.s..., method='frappe.core.doctype.scheduled_job_type.scheduled_job_type.run_scheduled_jo..., site='todo.local', user='Administrator') (todo.local::scheduled_job::frappe.integrations.doctype.google_calendar.google_calendar.sync)
2025-12-31 18:28:16,691 home-soundharya-todo:default: Job OK (todo.local::scheduled_job::frappe.integrations.doctype.google_calendar.google_calendar.sync)
2025-12-31 18:28:16,691 Result is kept for 600 seconds
2025-12-31 18:28:16,696 home-soundharya-todo:default: frappe.utils.background_jobs.execute_job(event=None, is_async=True, job_name='frappe.core.doctype.scheduled_job_type.scheduled_job_type.run_scheduled_jo..., kwargs={'job_type': 'frappe.monitor.flush'}, method='frappe.core.doctype.scheduled_job_type.scheduled_job_type.run_scheduled_jo..., site='todo.local', user='Administrator') (todo.local::scheduled_job::frappe.monitor.flush)
2025-12-31 18:28:16,882 home-soundharya-todo:default: Job OK (todo.local::scheduled_job::frappe.monitor.flush)
2025-12-31 18:28:16,882 Result is kept for 600 seconds
2025-12-31 18:28:16,886 home-soundharya-todo:default: frappe.utils.background_jobs.execute_job(event=None, is_async=True, job_name='frappe.core.doctype.scheduled_job_type.scheduled_job_type.run_scheduled_jo..., kwargs={'job_type': 'frappe.email.queue.flush'}, method='frappe.core.doctype.scheduled_job_type.scheduled_job_type.run_scheduled_jo..., site='todo.local', user='Administrator') (todo.local::scheduled_job::frappe.email.queue.flush)
2025-12-31 18:28:17,112 home-soundharya-todo:default: Job OK (todo.local::scheduled_job::frappe.email.queue.flush)
2025-12-31 18:28:17,112 Result is kept for 600 seconds
2025-12-31 18:28:17,116 home-soundharya-todo:default: frappe.utils.background_jobs.execute_job(event=None, is_async=True, job_name='frappe.core.doctype.scheduled_job_type.scheduled_job_type.run_scheduled_jo..., kwargs={'job_type': 'frappe.email.queue.retry_sending_emails'}, method='frappe.core.doctype.scheduled_job_type.scheduled_job_type.run_scheduled_jo..., site='todo.local', user='Administrator') (todo.local::scheduled_job::frappe.email.queue.retry_sending_emails)
2025-12-31 18:28:17,309 home-soundharya-todo:default: Job OK (todo.local::scheduled_job::frappe.email.queue.retry_sending_emails)
2025-12-31 18:28:17,309 Result is kept for 600 seconds
2025-12-31 18:30:16,658 home-soundharya-todo:default: frappe.utils.background_jobs.execute_job(event=None, is_async=True, job_name='frappe.core.doctype.scheduled_job_type.scheduled_job_type.run_scheduled_jo..., kwargs={'job_type': 'frappe.pulse.client.send_queued_events'}, method='frappe.core.doctype.scheduled_job_type.scheduled_job_type.run_scheduled_jo..., site='todo.local', user='Administrator') (todo.local::scheduled_job::frappe.pulse.client.send_queued_events)
2025-12-31 18:30:16,937 home-soundharya-todo:default: Job OK (todo.local::scheduled_job::frappe.pulse.client.send_queued_events)
2025-12-31 18:30:16,937 Result is kept for 600 seconds
2025-12-31 18:30:16,940 Cleaning registries for queue: home-soundharya-todo:short
2025-12-31 18:30:16,941 Cleaning registries for queue: home-soundharya-todo:default
2025-12-31 18:30:16,941 Cleaning registries for queue: home-soundharya-todo:long
2025-12-31 18:30:16,942 home-soundharya-todo:default: frappe.utils.background_jobs.execute_job(event=None, is_async=True, job_name='frappe.core.doctype.scheduled_job_type.scheduled_job_type.run_scheduled_jo..., kwargs={'job_type': 'frappe.email.doctype.email_account.email_account.notify_unrep..., method='frappe.core.doctype.scheduled_job_type.scheduled_job_type.run_scheduled_jo..., site='todo.local', user='Administrator') (todo.local::scheduled_job::frappe.email.doctype.email_account.email_account.notify_unreplied)
2025-12-31 18:30:17,182 home-soundharya-todo:default: Job OK (todo.local::scheduled_job::frappe.email.doctype.email_account.email_account.notify_unreplied)
2025-12-31 18:30:17,182 Result is kept for 600 seconds
2025-12-31 18:30:17,186 home-soundharya-todo:default: frappe.utils.background_jobs.execute_job(event=None, is_async=True, job_name='frappe.core.doctype.scheduled_job_type.scheduled_job_type.run_scheduled_jo..., kwargs={'job_type': 'frappe.email.doctype.email_account.email_account.pull'}, method='frappe.core.doctype.scheduled_job_type.scheduled_job_type.run_scheduled_jo..., site='todo.local', user='Administrator') (todo.local::scheduled_job::frappe.email.doctype.email_account.email_account.pull)
2025-12-31 18:30:17,403 home-soundharya-todo:default: Job OK (todo.local::scheduled_job::frappe.email.doctype.email_account.email_account.pull)
2025-12-31 18:30:17,403 Result is kept for 600 seconds
2025-12-31 18:30:17,407 home-soundharya-todo:default: frappe.utils.background_jobs.execute_job(event=None, is_async=True, job_name='frappe.core.doctype.scheduled_job_type.scheduled_job_type.run_scheduled_jo..., kwargs={'job_type': 'frappe.deferred_insert.save_to_db'}, method='frappe.core.doctype.scheduled_job_type.scheduled_job_type.run_scheduled_jo..., site='todo.local', user='Administrator') (todo.local::scheduled_job::frappe.deferred_insert.save_to_db)
2025-12-31 18:30:17,611 home-soundharya-todo:default: Job OK (todo.local::scheduled_job::frappe.deferred_insert.save_to_db)
2025-12-31 18:30:17,611 Result is kept for 600 seconds
2025-12-31 18:30:17,614 home-soundharya-todo:default: frappe.utils.background_jobs.execute_job(event=None, is_async=True, job_name='frappe.core.doctype.scheduled_job_type.scheduled_job_type.run_scheduled_jo..., kwargs={'job_type': 'frappe.search.sqlite_search.build_index_if_not_exists'}, method='frappe.core.doctype.scheduled_job_type.scheduled_job_type.run_scheduled_jo..., site='todo.local', user='Administrator') (todo.local::scheduled_job::frappe.search.sqlite_search.build_index_if_not_exists)
2025-12-31 18:30:17,819 home-soundharya-todo:default: Job OK (todo.local::scheduled_job::frappe.search.sqlite_search.build_index_if_not_exists)
2025-12-31 18:30:17,819 Result is kept for 600 seconds
2025-12-31 18:30:17,822 home-soundharya-todo:default: frappe.utils.background_jobs.execute_job(event=None, is_async=True, job_name='frappe.core.doctype.scheduled_job_type.scheduled_job_type.run_scheduled_jo..., kwargs={'job_type': 'frappe.model.utils.link_count.update_link_count'}, method='frappe.core.doctype.scheduled_job_type.scheduled_job_type.run_scheduled_jo..., site='todo.local', user='Administrator') (todo.local::scheduled_job::frappe.model.utils.link_count.update_link_count)
2025-12-31 18:30:18,027 home-soundharya-todo:default: Job OK (todo.local::scheduled_job::frappe.model.utils.link_count.update_link_count)
2025-12-31 18:30:18,027 Result is kept for 600 seconds
2025-12-31 18:30:18,030 home-soundharya-todo:default: frappe.utils.background_jobs.execute_job(event=None, is_async=True, job_name='frappe.core.doctype.scheduled_job_type.scheduled_job_type.run_scheduled_jo..., kwargs={'job_type': 'frappe.utils.global_search.sync_global_search'}, method='frappe.core.doctype.scheduled_job_type.scheduled_job_type.run_scheduled_jo..., site='todo.local', user='Administrator') (todo.local::scheduled_job::frappe.utils.global_search.sync_global_search)
2025-12-31 18:30:18,236 home-soundharya-todo:default: Job OK (todo.local::scheduled_job::frappe.utils.global_search.sync_global_search)
2025-12-31 18:30:18,236 Result is kept for 600 seconds
2025-12-31 18:30:18,240 home-soundharya-todo:default: frappe.utils.background_jobs.execute_job(event=None, is_async=True, job_name='frappe.core.doctype.scheduled_job_type.scheduled_job_type.run_scheduled_jo..., kwargs={'job_type': 'frappe.automation.doctype.reminder.reminder.send_reminders'}, method='frappe.core.doctype.scheduled_job_type.scheduled_job_type.run_scheduled_jo..., site='todo.local', user='Administrator') (todo.local::scheduled_job::frappe.automation.doctype.reminder.reminder.send_reminders)
2025-12-31 18:30:18,464 home-soundharya-todo:default: Job OK (todo.local::scheduled_job::frappe.automation.doctype.reminder.reminder.send_reminders)
2025-12-31 18:30:18,464 Result is kept for 600 seconds
2025-12-31 18:30:59,422 Worker 5d0378b1bb2b4a18a2fca14e79e565f5 [PID 3020]: warm shut down requested
2025-12-31 18:30:59,424 Unsubscribing from channel rq:pubsub:5d0378b1bb2b4a18a2fca14e79e565f5
2026-01-02 16:30:42,096 Worker rq:worker:9c27a23798bf467e9271a119d06d207f started with PID 22960, version 1.15.1
2026-01-02 16:30:42,096 Subscribing to channel rq:pubsub:9c27a23798bf467e9271a119d06d207f
2026-01-02 16:30:42,097 *** Listening on home-soundharya-todo-frappe-bench:short, home-soundharya-todo-frappe-bench:default, home-soundharya-todo-frappe-bench:long...
2026-01-02 16:30:42,097 Cleaning registries for queue: home-soundharya-todo-frappe-bench:short
2026-01-02 16:30:42,098 Cleaning registries for queue: home-soundharya-todo-frappe-bench:default
2026-01-02 16:30:42,098 Cleaning registries for queue: home-soundharya-todo-frappe-bench:long
2026-01-02 16:30:43,611 Worker 9c27a23798bf467e9271a119d06d207f [PID 22960]: warm shut down requested
2026-01-02 16:30:43,613 Unsubscribing from channel rq:pubsub:9c27a23798bf467e9271a119d06d207f
